ISO-10303-21;
HEADER;
/* Generated by software containing ST-Developer
 * from STEP Tools, Inc. (www.steptools.com) 
 */
/* OPTION: using custom renumber hook */

FILE_DESCRIPTION(
/* description */ ('STEP AP242 Edition 2',
'CAx-IF Rec.Pracs.---Representation and Presentation of Product Manufa
cturing Information (PMI)---4.0---2014-10-13',
'CAx-IF Rec.Pracs.---3D Tessellated Geometry---0.4---2014-09-14','2;1',
'CAx-IF Rec.Pracs.---User Defined Attributes---1.5---2016-08-15'),
/* implementation_level */ '2;1');

FILE_NAME(
/* name */ '6a9aad2709c738d3f028173a',
/* time_stamp */ '2026-09-04T11:36:09Z',
/* author */ (''),
/* organization */ (''),
/* preprocessor_version */ 'ST-DEVELOPER v20',
/* originating_system */ 'ONSHAPE BY PTC INC, 1.220',
/* authorisation */ '  ');

FILE_SCHEMA (('AP242_MANAGED_MODEL_BASED_3D_ENGINEERING_MIM_LF { 1 0 10303 442 3 1 4 }'));
ENDSEC;

DATA;
#10=B_SPLINE_SURFACE_WITH_KNOTS('',3,1,((#15776,#15777),(#15778,#15779),
(#15780,#15781),(#15782,#15783)),.SURF_OF_LINEAR_EXTRUSION.,.F.,.F.,.F.,
(4,4),(2,2),(0.,1.),(0.,1.),.PIECEWISE_BEZIER_KNOTS.);
#11=B_SPLINE_SURFACE_WITH_KNOTS('',3,1,((#15828,#15829),(#15830,#15831),
(#15832,#15833),(#15834,#15835)),.SURF_OF_LINEAR_EXTRUSION.,.F.,.F.,.F.,
(4,4),(2,2),(0.,1.),(0.,1.),.PIECEWISE_BEZIER_KNOTS.);
#12=B_SPLINE_SURFACE_WITH_KNOTS('',3,1,((#15860,#15861),(#15862,#15863),
(#15864,#15865),(#15866,#15867)),.SURF_OF_LINEAR_EXTRUSION.,.F.,.F.,.F.,
(4,4),(2,2),(0.,1.),(0.,1.),.PIECEWISE_BEZIER_KNOTS.);
#13=B_SPLINE_SURFACE_WITH_KNOTS('',3,1,((#15889,#15890),(#15891,#15892),
(#15893,#15894),(#15895,#15896)),.SURF_OF_LINEAR_EXTRUSION.,.F.,.F.,.F.,
(4,4),(2,2),(0.,1.),(0.,1.),.PIECEWISE_BEZIER_KNOTS.);
#14=B_SPLINE_SURFACE_WITH_KNOTS('',3,1,((#15908,#15909),(#15910,#15911),
(#15912,#15913),(#15914,#15915)),.SURF_OF_LINEAR_EXTRUSION.,.F.,.F.,.F.,
(4,4),(2,2),(0.,1.),(0.,1.),.PIECEWISE_BEZIER_KNOTS.);
#15=B_SPLINE_SURFACE_WITH_KNOTS('',3,1,((#15921,#15922),(#15923,#15924),
(#15925,#15926),(#15927,#15928)),.SURF_OF_LINEAR_EXTRUSION.,.F.,.F.,.F.,
(4,4),(2,2),(0.,1.),(0.,1.),.PIECEWISE_BEZIER_KNOTS.);
#16=B_SPLINE_SURFACE_WITH_KNOTS('',3,1,((#15942,#15943),(#15944,#15945),
(#15946,#15947),(#15948,#15949)),.SURF_OF_LINEAR_EXTRUSION.,.F.,.F.,.F.,
(4,4),(2,2),(0.,1.),(0.,1.),.PIECEWISE_BEZIER_KNOTS.);
#17=B_SPLINE_SURFACE_WITH_KNOTS('',3,1,((#15955,#15956),(#15957,#15958),
(#15959,#15960),(#15961,#15962)),.SURF_OF_LINEAR_EXTRUSION.,.F.,.F.,.F.,
(4,4),(2,2),(0.,1.),(0.,1.),.PIECEWISE_BEZIER_KNOTS.);
#18=B_SPLINE_SURFACE_WITH_KNOTS('',3,1,((#15988,#15989),(#15990,#15991),
(#15992,#15993),(#15994,#15995)),.SURF_OF_LINEAR_EXTRUSION.,.F.,.F.,.F.,
(4,4),(2,2),(0.,1.),(0.,1.),.PIECEWISE_BEZIER_KNOTS.);
#19=B_SPLINE_SURFACE_WITH_KNOTS('',3,1,((#16001,#16002),(#16003,#16004),
(#16005,#16006),(#16007,#16008)),.SURF_OF_LINEAR_EXTRUSION.,.F.,.F.,.F.,
(4,4),(2,2),(0.,1.),(0.,1.),.PIECEWISE_BEZIER_KNOTS.);
#20=B_SPLINE_SURFACE_WITH_KNOTS('',3,1,((#16018,#16019),(#16020,#16021),
(#16022,#16023),(#16024,#16025)),.SURF_OF_LINEAR_EXTRUSION.,.F.,.F.,.F.,
(4,4),(2,2),(0.,1.),(0.,1.),.PIECEWISE_BEZIER_KNOTS.);
#21=B_SPLINE_SURFACE_WITH_KNOTS('',3,1,((#16029,#16030),(#16031,#16032),
(#16033,#16034),(#16035,#16036)),.SURF_OF_LINEAR_EXTRUSION.,.F.,.F.,.F.,
(4,4),(2,2),(0.,1.),(0.,1.),.PIECEWISE_BEZIER_KNOTS.);
#22=B_SPLINE_SURFACE_WITH_KNOTS('',3,1,((#16051,#16052),(#16053,#16054),
(#16055,#16056),(#16057,#16058)),.SURF_OF_LINEAR_EXTRUSION.,.F.,.F.,.F.,
(4,4),(2,2),(0.,1.),(0.,1.),.PIECEWISE_BEZIER_KNOTS.);
#23=B_SPLINE_SURFACE_WITH_KNOTS('',3,1,((#16088,#16089),(#16090,#16091),
(#16092,#16093),(#16094,#16095)),.SURF_OF_LINEAR_EXTRUSION.,.F.,.F.,.F.,
(4,4),(2,2),(0.,1.),(0.,1.),.PIECEWISE_BEZIER_KNOTS.);
#24=B_SPLINE_SURFACE_WITH_KNOTS('',3,1,((#16101,#16102),(#16103,#16104),
(#16105,#16106),(#16107,#16108)),.SURF_OF_LINEAR_EXTRUSION.,.F.,.F.,.F.,
(4,4),(2,2),(0.,1.),(0.,1.),.PIECEWISE_BEZIER_KNOTS.);
#25=B_SPLINE_SURFACE_WITH_KNOTS('',3,1,((#16118,#16119),(#16120,#16121),
(#16122,#16123),(#16124,#16125)),.SURF_OF_LINEAR_EXTRUSION.,.F.,.F.,.F.,
(4,4),(2,2),(0.,1.),(0.,1.),.PIECEWISE_BEZIER_KNOTS.);
#26=B_SPLINE_SURFACE_WITH_KNOTS('',3,1,((#16163,#16164),(#16165,#16166),
(#16167,#16168),(#16169,#16170)),.SURF_OF_LINEAR_EXTRUSION.,.F.,.F.,.F.,
(4,4),(2,2),(0.,1.),(0.,1.),.PIECEWISE_BEZIER_KNOTS.);
#27=B_SPLINE_SURFACE_WITH_KNOTS('',3,1,((#16176,#16177),(#16178,#16179),
(#16180,#16181),(#16182,#16183)),.SURF_OF_LINEAR_EXTRUSION.,.F.,.F.,.F.,
(4,4),(2,2),(0.,1.),(0.,1.),.PIECEWISE_BEZIER_KNOTS.);
#28=B_SPLINE_SURFACE_WITH_KNOTS('',3,1,((#16188,#16189),(#16190,#16191),
(#16192,#16193),(#16194,#16195)),.SURF_OF_LINEAR_EXTRUSION.,.F.,.F.,.F.,
(4,4),(2,2),(0.,1.),(0.,1.),.PIECEWISE_BEZIER_KNOTS.);
#29=B_SPLINE_SURFACE_WITH_KNOTS('',3,1,((#16207,#16208),(#16209,#16210),
(#16211,#16212),(#16213,#16214)),.SURF_OF_LINEAR_EXTRUSION.,.F.,.F.,.F.,
(4,4),(2,2),(0.,1.),(0.,1.),.PIECEWISE_BEZIER_KNOTS.);
#30=B_SPLINE_SURFACE_WITH_KNOTS('',3,1,((#16220,#16221),(#16222,#16223),
(#16224,#16225),(#16226,#16227)),.SURF_OF_LINEAR_EXTRUSION.,.F.,.F.,.F.,
(4,4),(2,2),(0.,1.),(0.,1.),.PIECEWISE_BEZIER_KNOTS.);
#31=B_SPLINE_SURFACE_WITH_KNOTS('',3,1,((#16237,#16238),(#16239,#16240),
(#16241,#16242),(#16243,#16244)),.SURF_OF_LINEAR_EXTRUSION.,.F.,.F.,.F.,
(4,4),(2,2),(0.,1.),(0.,1.),.PIECEWISE_BEZIER_KNOTS.);
#32=B_SPLINE_SURFACE_WITH_KNOTS('',3,1,((#16250,#16251),(#16252,#16253),
(#16254,#16255),(#16256,#16257)),.SURF_OF_LINEAR_EXTRUSION.,.F.,.F.,.F.,
(4,4),(2,2),(0.,1.),(0.,1.),.PIECEWISE_BEZIER_KNOTS.);
#33=B_SPLINE_SURFACE_WITH_KNOTS('',3,1,((#16263,#16264),(#16265,#16266),
(#16267,#16268),(#16269,#16270)),.SURF_OF_LINEAR_EXTRUSION.,.F.,.F.,.F.,
(4,4),(2,2),(0.,1.),(0.,1.),.PIECEWISE_BEZIER_KNOTS.);
#34=B_SPLINE_SURFACE_WITH_KNOTS('',3,1,((#16292,#16293),(#16294,#16295),
(#16296,#16297),(#16298,#16299)),.SURF_OF_LINEAR_EXTRUSION.,.F.,.F.,.F.,
(4,4),(2,2),(0.,1.),(0.,1.),.PIECEWISE_BEZIER_KNOTS.);
#35=B_SPLINE_SURFACE_WITH_KNOTS('',3,1,((#16305,#16306),(#16307,#16308),
(#16309,#16310),(#16311,#16312)),.SURF_OF_LINEAR_EXTRUSION.,.F.,.F.,.F.,
(4,4),(2,2),(0.,1.),(0.,1.),.PIECEWISE_BEZIER_KNOTS.);
#36=B_SPLINE_SURFACE_WITH_KNOTS('',3,1,((#16322,#16323),(#16324,#16325),
(#16326,#16327),(#16328,#16329)),.SURF_OF_LINEAR_EXTRUSION.,.F.,.F.,.F.,
(4,4),(2,2),(0.,1.),(0.,1.),.PIECEWISE_BEZIER_KNOTS.);
#37=B_SPLINE_SURFACE_WITH_KNOTS('',3,1,((#16335,#16336),(#16337,#16338),
(#16339,#16340),(#16341,#16342)),.SURF_OF_LINEAR_EXTRUSION.,.F.,.F.,.F.,
(4,4),(2,2),(0.,1.),(0.,1.),.PIECEWISE_BEZIER_KNOTS.);
#38=B_SPLINE_SURFACE_WITH_KNOTS('',3,1,((#16352,#16353),(#16354,#16355),
(#16356,#16357),(#16358,#16359)),.SURF_OF_LINEAR_EXTRUSION.,.F.,.F.,.F.,
(4,4),(2,2),(0.,1.),(0.,1.),.PIECEWISE_BEZIER_KNOTS.);
#39=B_SPLINE_SURFACE_WITH_KNOTS('',3,1,((#16389,#16390),(#16391,#16392),
(#16393,#16394),(#16395,#16396)),.SURF_OF_LINEAR_EXTRUSION.,.F.,.F.,.F.,
(4,4),(2,2),(0.,1.),(0.,1.),.PIECEWISE_BEZIER_KNOTS.);
#40=B_SPLINE_SURFACE_WITH_KNOTS('',3,1,((#16517,#16518),(#16519,#16520),
(#16521,#16522),(#16523,#16524)),.SURF_OF_LINEAR_EXTRUSION.,.F.,.F.,.F.,
(4,4),(2,2),(0.,1.),(0.,1.),.PIECEWISE_BEZIER_KNOTS.);
#41=B_SPLINE_SURFACE_WITH_KNOTS('',3,1,((#16530,#16531),(#16532,#16533),
(#16534,#16535),(#16536,#16537)),.SURF_OF_LINEAR_EXTRUSION.,.F.,.F.,.F.,
(4,4),(2,2),(0.,1.),(0.,1.),.PIECEWISE_BEZIER_KNOTS.);
#42=B_SPLINE_SURFACE_WITH_KNOTS('',3,1,((#16552,#16553),(#16554,#16555),
(#16556,#16557),(#16558,#16559)),.SURF_OF_LINEAR_EXTRUSION.,.F.,.F.,.F.,
(4,4),(2,2),(0.,1.),(0.,1.),.PIECEWISE_BEZIER_KNOTS.);
#43=B_SPLINE_SURFACE_WITH_KNOTS('',3,1,((#16569,#16570),(#16571,#16572),
(#16573,#16574),(#16575,#16576)),.SURF_OF_LINEAR_EXTRUSION.,.F.,.F.,.F.,
(4,4),(2,2),(0.,1.),(0.,1.),.PIECEWISE_BEZIER_KNOTS.);
#44=B_SPLINE_SURFACE_WITH_KNOTS('',3,1,((#16592,#16593),(#16594,#16595),
(#16596,#16597),(#16598,#16599)),.SURF_OF_LINEAR_EXTRUSION.,.F.,.F.,.F.,
(4,4),(2,2),(0.,1.),(0.,1.),.PIECEWISE_BEZIER_KNOTS.);
#45=B_SPLINE_SURFACE_WITH_KNOTS('',3,1,((#16634,#16635),(#16636,#16637),
(#16638,#16639),(#16640,#16641)),.SURF_OF_LINEAR_EXTRUSION.,.F.,.F.,.F.,
(4,4),(2,2),(0.,1.),(0.,1.),.PIECEWISE_BEZIER_KNOTS.);
#46=B_SPLINE_SURFACE_WITH_KNOTS('',3,1,((#16653,#16654),(#16655,#16656),
(#16657,#16658),(#16659,#16660)),.SURF_OF_LINEAR_EXTRUSION.,.F.,.F.,.F.,
(4,4),(2,2),(0.,1.),(0.,1.),.PIECEWISE_BEZIER_KNOTS.);
#47=B_SPLINE_SURFACE_WITH_KNOTS('',3,1,((#16666,#16667),(#16668,#16669),
(#16670,#16671),(#16672,#16673)),.SURF_OF_LINEAR_EXTRUSION.,.F.,.F.,.F.,
(4,4),(2,2),(0.,1.),(0.,1.),.PIECEWISE_BEZIER_KNOTS.);
#48=B_SPLINE_SURFACE_WITH_KNOTS('',3,1,((#16683,#16684),(#16685,#16686),
(#16687,#16688),(#16689,#16690)),.SURF_OF_LINEAR_EXTRUSION.,.F.,.F.,.F.,
(4,4),(2,2),(0.,1.),(0.,1.),.PIECEWISE_BEZIER_KNOTS.);
#49=B_SPLINE_SURFACE_WITH_KNOTS('',3,1,((#16696,#16697),(#16698,#16699),
(#16700,#16701),(#16702,#16703)),.SURF_OF_LINEAR_EXTRUSION.,.F.,.F.,.F.,
(4,4),(2,2),(0.,1.),(0.,1.),.PIECEWISE_BEZIER_KNOTS.);
#50=B_SPLINE_SURFACE_WITH_KNOTS('',3,1,((#16709,#16710),(#16711,#16712),
(#16713,#16714),(#16715,#16716)),.SURF_OF_LINEAR_EXTRUSION.,.F.,.F.,.F.,
(4,4),(2,2),(0.,1.),(0.,1.),.PIECEWISE_BEZIER_KNOTS.);
#51=B_SPLINE_SURFACE_WITH_KNOTS('',3,1,((#16738,#16739),(#16740,#16741),
(#16742,#16743),(#16744,#16745)),.SURF_OF_LINEAR_EXTRUSION.,.F.,.F.,.F.,
(4,4),(2,2),(0.,1.),(0.,1.),.PIECEWISE_BEZIER_KNOTS.);
#52=B_SPLINE_SURFACE_WITH_KNOTS('',3,1,((#16751,#16752),(#16753,#16754),
(#16755,#16756),(#16757,#16758)),.SURF_OF_LINEAR_EXTRUSION.,.F.,.F.,.F.,
(4,4),(2,2),(0.,1.),(0.,1.),.PIECEWISE_BEZIER_KNOTS.);
#53=B_SPLINE_SURFACE_WITH_KNOTS('',3,1,((#16768,#16769),(#16770,#16771),
(#16772,#16773),(#16774,#16775)),.SURF_OF_LINEAR_EXTRUSION.,.F.,.F.,.F.,
(4,4),(2,2),(0.,1.),(0.,1.),.PIECEWISE_BEZIER_KNOTS.);
#54=B_SPLINE_SURFACE_WITH_KNOTS('',3,1,((#16781,#16782),(#16783,#16784),
(#16785,#16786),(#16787,#16788)),.SURF_OF_LINEAR_EXTRUSION.,.F.,.F.,.F.,
(4,4),(2,2),(0.,1.),(0.,1.),.PIECEWISE_BEZIER_KNOTS.);
#55=B_SPLINE_SURFACE_WITH_KNOTS('',3,1,((#16798,#16799),(#16800,#16801),
(#16802,#16803),(#16804,#16805)),.SURF_OF_LINEAR_EXTRUSION.,.F.,.F.,.F.,
(4,4),(2,2),(0.,1.),(0.,1.),.PIECEWISE_BEZIER_KNOTS.);
#56=B_SPLINE_SURFACE_WITH_KNOTS('',3,1,((#16835,#16836),(#16837,#16838),
(#16839,#16840),(#16841,#16842)),.SURF_OF_LINEAR_EXTRUSION.,.F.,.F.,.F.,
(4,4),(2,2),(0.,1.),(0.,1.),.PIECEWISE_BEZIER_KNOTS.);
#57=B_SPLINE_SURFACE_WITH_KNOTS('',3,1,((#16862,#16863),(#16864,#16865),
(#16866,#16867),(#16868,#16869)),.SURF_OF_LINEAR_EXTRUSION.,.F.,.F.,.F.,
(4,4),(2,2),(0.,1.),(0.,1.),.PIECEWISE_BEZIER_KNOTS.);
#58=B_SPLINE_SURFACE_WITH_KNOTS('',3,1,((#16885,#16886),(#16887,#16888),
(#16889,#16890),(#16891,#16892)),.SURF_OF_LINEAR_EXTRUSION.,.F.,.F.,.F.,
(4,4),(2,2),(0.,1.),(0.,1.),.PIECEWISE_BEZIER_KNOTS.);
#59=B_SPLINE_SURFACE_WITH_KNOTS('',3,1,((#16908,#16909),(#16910,#16911),
(#16912,#16913),(#16914,#16915)),.SURF_OF_LINEAR_EXTRUSION.,.F.,.F.,.F.,
(4,4),(2,2),(0.,1.),(0.,1.),.PIECEWISE_BEZIER_KNOTS.);
#60=B_SPLINE_SURFACE_WITH_KNOTS('',3,1,((#16965,#16966),(#16967,#16968),
(#16969,#16970),(#16971,#16972)),.SURF_OF_LINEAR_EXTRUSION.,.F.,.F.,.F.,
(4,4),(2,2),(0.,1.),(0.,1.),.PIECEWISE_BEZIER_KNOTS.);
#61=B_SPLINE_SURFACE_WITH_KNOTS('',3,1,((#16982,#16983),(#16984,#16985),
(#16986,#16987),(#16988,#16989)),.SURF_OF_LINEAR_EXTRUSION.,.F.,.F.,.F.,
(4,4),(2,2),(0.,1.),(0.,1.),.PIECEWISE_BEZIER_KNOTS.);
#62=B_SPLINE_SURFACE_WITH_KNOTS('',3,1,((#17043,#17044),(#17045,#17046),
(#17047,#17048),(#17049,#17050)),.SURF_OF_LINEAR_EXTRUSION.,.F.,.F.,.F.,
(4,4),(2,2),(0.,1.),(0.,1.),.PIECEWISE_BEZIER_KNOTS.);
#63=B_SPLINE_SURFACE_WITH_KNOTS('',3,1,((#17086,#17087),(#17088,#17089),
(#17090,#17091),(#17092,#17093)),.SURF_OF_LINEAR_EXTRUSION.,.F.,.F.,.F.,
(4,4),(2,2),(0.,1.),(0.,1.),.PIECEWISE_BEZIER_KNOTS.);
#64=B_SPLINE_SURFACE_WITH_KNOTS('',3,1,((#17099,#17100),(#17101,#17102),
(#17103,#17104),(#17105,#17106)),.SURF_OF_LINEAR_EXTRUSION.,.F.,.F.,.F.,
(4,4),(2,2),(0.,1.),(0.,1.),.PIECEWISE_BEZIER_KNOTS.);
#65=B_SPLINE_SURFACE_WITH_KNOTS('',3,1,((#17112,#17113),(#17114,#17115),
(#17116,#17117),(#17118,#17119)),.SURF_OF_LINEAR_EXTRUSION.,.F.,.F.,.F.,
(4,4),(2,2),(0.,1.),(0.,1.),.PIECEWISE_BEZIER_KNOTS.);
#66=B_SPLINE_SURFACE_WITH_KNOTS('',3,1,((#17125,#17126),(#17127,#17128),
(#17129,#17130),(#17131,#17132)),.SURF_OF_LINEAR_EXTRUSION.,.F.,.F.,.F.,
(4,4),(2,2),(0.,1.),(0.,1.),.PIECEWISE_BEZIER_KNOTS.);
#67=B_SPLINE_SURFACE_WITH_KNOTS('',3,1,((#17166,#17167),(#17168,#17169),
(#17170,#17171),(#17172,#17173)),.SURF_OF_LINEAR_EXTRUSION.,.F.,.F.,.F.,
(4,4),(2,2),(0.,1.),(0.,1.),.PIECEWISE_BEZIER_KNOTS.);
#68=B_SPLINE_SURFACE_WITH_KNOTS('',3,1,((#17183,#17184),(#17185,#17186),
(#17187,#17188),(#17189,#17190)),.SURF_OF_LINEAR_EXTRUSION.,.F.,.F.,.F.,
(4,4),(2,2),(0.,1.),(0.,1.),.PIECEWISE_BEZIER_KNOTS.);
#69=B_SPLINE_SURFACE_WITH_KNOTS('',3,1,((#17196,#17197),(#17198,#17199),
(#17200,#17201),(#17202,#17203)),.SURF_OF_LINEAR_EXTRUSION.,.F.,.F.,.F.,
(4,4),(2,2),(0.,1.),(0.,1.),.PIECEWISE_BEZIER_KNOTS.);
#70=B_SPLINE_SURFACE_WITH_KNOTS('',3,1,((#17313,#17314),(#17315,#17316),
(#17317,#17318),(#17319,#17320)),.SURF_OF_LINEAR_EXTRUSION.,.F.,.F.,.F.,
(4,4),(2,2),(0.,1.),(0.,1.),.PIECEWISE_BEZIER_KNOTS.);
#71=B_SPLINE_SURFACE_WITH_KNOTS('',3,1,((#17364,#17365),(#17366,#17367),
(#17368,#17369),(#17370,#17371)),.SURF_OF_LINEAR_EXTRUSION.,.F.,.F.,.F.,
(4,4),(2,2),(0.,1.),(0.,1.),.PIECEWISE_BEZIER_KNOTS.);
#72=B_SPLINE_SURFACE_WITH_KNOTS('',3,1,((#17409,#17410),(#17411,#17412),
(#17413,#17414),(#17415,#17416)),.SURF_OF_LINEAR_EXTRUSION.,.F.,.F.,.F.,
(4,4),(2,2),(0.,1.),(0.,1.),.PIECEWISE_BEZIER_KNOTS.);
#73=B_SPLINE_SURFACE_WITH_KNOTS('',3,1,((#17542,#17543),(#17544,#17545),
(#17546,#17547),(#17548,#17549)),.SURF_OF_LINEAR_EXTRUSION.,.F.,.F.,.F.,
(4,4),(2,2),(0.,1.),(0.,1.),.PIECEWISE_BEZIER_KNOTS.);
#74=B_SPLINE_SURFACE_WITH_KNOTS('',3,1,((#17693,#17694),(#17695,#17696),
(#17697,#17698),(#17699,#17700)),.SURF_OF_LINEAR_EXTRUSION.,.F.,.F.,.F.,
(4,4),(2,2),(0.,1.),(0.,1.),.PIECEWISE_BEZIER_KNOTS.);
#75=B_SPLINE_SURFACE_WITH_KNOTS('',3,1,((#17744,#17745),(#17746,#17747),
(#17748,#17749),(#17750,#17751)),.SURF_OF_LINEAR_EXTRUSION.,.F.,.F.,.F.,
(4,4),(2,2),(0.,1.),(0.,1.),.PIECEWISE_BEZIER_KNOTS.);
#76=B_SPLINE_SURFACE_WITH_KNOTS('',3,1,((#17789,#17790),(#17791,#17792),
(#17793,#17794),(#17795,#17796)),.SURF_OF_LINEAR_EXTRUSION.,.F.,.F.,.F.,
(4,4),(2,2),(0.,1.),(0.,1.),.PIECEWISE_BEZIER_KNOTS.);
#77=B_SPLINE_SURFACE_WITH_KNOTS('',3,1,((#17922,#17923),(#17924,#17925),
(#17926,#17927),(#17928,#17929)),.SURF_OF_LINEAR_EXTRUSION.,.F.,.F.,.F.,
(4,4),(2,2),(0.,1.),(0.,1.),.PIECEWISE_BEZIER_KNOTS.);
#78=B_SPLINE_SURFACE_WITH_KNOTS('',3,1,((#18105,#18106),(#18107,#18108),
(#18109,#18110),(#18111,#18112)),.SURF_OF_LINEAR_EXTRUSION.,.F.,.F.,.F.,
(4,4),(2,2),(0.,1.),(0.,1.),.PIECEWISE_BEZIER_KNOTS.);
#79=B_SPLINE_SURFACE_WITH_KNOTS('',3,1,((#18150,#18151),(#18152,#18153),
(#18154,#18155),(#18156,#18157)),.SURF_OF_LINEAR_EXTRUSION.,.F.,.F.,.F.,
(4,4),(2,2),(0.,1.),(0.,1.),.PIECEWISE_BEZIER_KNOTS.);
#80=B_SPLINE_SURFACE_WITH_KNOTS('',3,1,((#18175,#18176),(#18177,#18178),
(#18179,#18180),(#18181,#18182)),.SURF_OF_LINEAR_EXTRUSION.,.F.,.F.,.F.,
(4,4),(2,2),(0.,1.),(0.,1.),.PIECEWISE_BEZIER_KNOTS.);
#81=B_SPLINE_SURFACE_WITH_KNOTS('',3,1,((#18220,#18221),(#18222,#18223),
(#18224,#18225),(#18226,#18227)),.SURF_OF_LINEAR_EXTRUSION.,.F.,.F.,.F.,
(4,4),(2,2),(0.,1.),(0.,1.),.PIECEWISE_BEZIER_KNOTS.);
#82=ELLIPSE('',#10790,0.00126326,0.000893259712401714);
#83=ELLIPSE('',#10791,0.00126326,0.000893259712401714);
#84=ELLIPSE('',#10793,0.00126326,0.000893259712401718);
#85=ELLIPSE('',#10794,0.00126326,0.000893259712401718);
#86=CYLINDRICAL_SURFACE('',#10789,0.000893259712401714);
#87=CYLINDRICAL_SURFACE('',#10792,0.000893259712401718);
#88=CYLINDRICAL_SURFACE('',#10804,0.00193137024892945);
#89=CYLINDRICAL_SURFACE('',#10818,0.00437398369270711);
#90=CYLINDRICAL_SURFACE('',#10844,0.00225);
#91=CYLINDRICAL_SURFACE('',#10863,0.0127012555358782);
#92=CYLINDRICAL_SURFACE('',#10866,0.00205060742264678);
#93=CYLINDRICAL_SURFACE('',#10869,0.000523296184198808);
#94=CYLINDRICAL_SURFACE('',#10872,0.000222448269159347);
#95=CYLINDRICAL_SURFACE('',#10875,0.00044019112928099);
#96=CYLINDRICAL_SURFACE('',#10878,0.00416583875423122);
#97=CYLINDRICAL_SURFACE('',#10881,0.0048070468931965);
#98=CYLINDRICAL_SURFACE('',#10884,0.000533297057937236);
#99=CYLINDRICAL_SURFACE('',#10887,0.000250936256737892);
#100=CYLINDRICAL_SURFACE('',#10890,0.000473787820645862);
#101=CYLINDRICAL_SURFACE('',#10893,0.00191334958112231);
#102=CYLINDRICAL_SURFACE('',#10901,0.0052104138480448);
#103=CYLINDRICAL_SURFACE('',#10903,0.00194712487091791);
#104=CYLINDRICAL_SURFACE('',#10905,0.00047862413285813);
#105=CYLINDRICAL_SURFACE('',#10907,0.000810242868260679);
#106=CYLINDRICAL_SURFACE('',#10909,0.00533973761140861);
#107=CYLINDRICAL_SURFACE('',#10911,0.00658613509457509);
#108=CYLINDRICAL_SURFACE('',#10913,0.000833594663858466);
#109=CYLINDRICAL_SURFACE('',#10915,0.000449293057046201);
#110=CYLINDRICAL_SURFACE('',#10917,0.000517322426194658);
#111=CYLINDRICAL_SURFACE('',#10919,0.00138324294062494);
#112=CYLINDRICAL_SURFACE('',#10921,0.00391594817791036);
#113=CYLINDRICAL_SURFACE('',#10923,0.00862220240291138);
#114=CYLINDRICAL_SURFACE('',#10928,0.0013438926608766);
#115=CYLINDRICAL_SURFACE('',#10931,0.000887357541545839);
#116=CYLINDRICAL_SURFACE('',#10934,0.000199747352602615);
#117=CYLINDRICAL_SURFACE('',#10937,0.000249901922806928);
#118=CYLINDRICAL_SURFACE('',#10940,0.000321746476932407);
#119=CYLINDRICAL_SURFACE('',#10942,0.00111591048385543);
#120=CYLINDRICAL_SURFACE('',#10944,0.00127280168763374);
#121=CYLINDRICAL_SURFACE('',#10946,0.000934452187985429);
#122=CYLINDRICAL_SURFACE('',#10948,0.00132853464790161);
#123=CYLINDRICAL_SURFACE('',#10951,0.00186485030526665);
#124=CYLINDRICAL_SURFACE('',#10953,0.000805489937091668);
#125=CYLINDRICAL_SURFACE('',#10958,0.000196789334088409);
#126=CYLINDRICAL_SURFACE('',#10964,0.195256963185463);
#127=CYLINDRICAL_SURFACE('',#10966,0.000902680388613064);
#128=CYLINDRICAL_SURFACE('',#10968,0.000619892388160767);
#129=CYLINDRICAL_SURFACE('',#10977,0.000955022318712504);
#130=CYLINDRICAL_SURFACE('',#10980,0.000411599056564023);
#131=CYLINDRICAL_SURFACE('',#10982,0.000234063195840725);
#132=CYLINDRICAL_SURFACE('',#10987,0.00227377557604469);
#133=CYLINDRICAL_SURFACE('',#10989,0.000385724328931624);
#134=CYLINDRICAL_SURFACE('',#10991,0.000261347394659597);
#135=CYLINDRICAL_SURFACE('',#10993,0.00046012624634798);
#136=CYLINDRICAL_SURFACE('',#10995,0.000429758212137699);
#137=CYLINDRICAL_SURFACE('',#11000,0.00126616019788026);
#138=CYLINDRICAL_SURFACE('',#11012,0.000188640605756994);
#139=CYLINDRICAL_SURFACE('',#11014,0.000190627154359491);
#140=CYLINDRICAL_SURFACE('',#11016,0.000189958271712241);
#141=CYLINDRICAL_SURFACE('',#11018,0.000188640605761018);
#142=CYLINDRICAL_SURFACE('',#11020,0.000190627154368254);
#143=CYLINDRICAL_SURFACE('',#11022,0.000188640605765665);
#144=CYLINDRICAL_SURFACE('',#11024,0.000188640605761035);
#145=CYLINDRICAL_SURFACE('',#11026,0.000189958271711643);
#146=CYLINDRICAL_SURFACE('',#11029,0.00131504615635755);
#147=CYLINDRICAL_SURFACE('',#11031,0.00325954629216493);
#148=CYLINDRICAL_SURFACE('',#11038,0.0031842571853736);
#149=CYLINDRICAL_SURFACE('',#11040,0.00248966559667372);
#150=CYLINDRICAL_SURFACE('',#11042,0.000982541402619549);
#151=CYLINDRICAL_SURFACE('',#11044,0.000998696086586519);
#152=CYLINDRICAL_SURFACE('',#11046,0.00137525265279362);
#153=CYLINDRICAL_SURFACE('',#11048,0.000927622015699105);
#154=CYLINDRICAL_SURFACE('',#11051,0.00146077608952041);
#155=CYLINDRICAL_SURFACE('',#11054,0.000475191627774805);
#156=CYLINDRICAL_SURFACE('',#11057,0.00145252229398267);
#157=CYLINDRICAL_SURFACE('',#11061,0.000775688029967374);
#158=CYLINDRICAL_SURFACE('',#11064,0.000773368867448876);
#159=CYLINDRICAL_SURFACE('',#11068,0.000411599056552916);
#160=CYLINDRICAL_SURFACE('',#11070,0.000234063195835869);
#161=CYLINDRICAL_SURFACE('',#11075,0.00227377557600598);
#162=CYLINDRICAL_SURFACE('',#11077,0.000385724328902914);
#163=CYLINDRICAL_SURFACE('',#11079,0.000261347394662835);
#164=CYLINDRICAL_SURFACE('',#11081,0.000460126246341171);
#165=CYLINDRICAL_SURFACE('',#11083,0.000429758212088095);
#166=CYLINDRICAL_SURFACE('',#11088,0.00126616019786341);
#167=CYLINDRICAL_SURFACE('',#11091,0.000506477084919188);
#168=CYLINDRICAL_SURFACE('',#11095,0.000250502950854778);
#169=CYLINDRICAL_SURFACE('',#11098,0.00137189548211218);
#170=CYLINDRICAL_SURFACE('',#11101,0.000486717049092727);
#171=CYLINDRICAL_SURFACE('',#11108,0.00111666898078293);
#172=CYLINDRICAL_SURFACE('',#11110,0.000890486961074486);
#173=CYLINDRICAL_SURFACE('',#11112,0.00110161940534066);
#174=CYLINDRICAL_SURFACE('',#11114,0.00130904229413718);
#175=CYLINDRICAL_SURFACE('',#11116,0.000433887257872958);
#176=CYLINDRICAL_SURFACE('',#11121,0.000528507907385118);
#177=CYLINDRICAL_SURFACE('',#11135,0.00257578518936944);
#178=CYLINDRICAL_SURFACE('',#11137,0.00267660808624031);
#179=CYLINDRICAL_SURFACE('',#11142,0.00101649014504972);
#180=CYLINDRICAL_SURFACE('',#11144,0.00135544592716581);
#181=CYLINDRICAL_SURFACE('',#11146,0.00103148173035118);
#182=CYLINDRICAL_SURFACE('',#11148,0.00129053328909642);
#183=CYLINDRICAL_SURFACE('',#11150,0.00086047888361305);
#184=CYLINDRICAL_SURFACE('',#11155,0.00361940902505803);
#185=CYLINDRICAL_SURFACE('',#11157,0.00129419672562293);
#186=CYLINDRICAL_SURFACE('',#11188,0.00192410030070934);
#187=CYLINDRICAL_SURFACE('',#11190,0.000815323060039681);
#188=CYLINDRICAL_SURFACE('',#11192,0.000647001405133668);
#189=CYLINDRICAL_SURFACE('',#11194,0.000826341927974895);
#190=CYLINDRICAL_SURFACE('',#11196,0.00177469446990869);
#191=CYLINDRICAL_SURFACE('',#11198,0.00408988281083575);
#192=CYLINDRICAL_SURFACE('',#11201,0.00343943128068583);
#193=CYLINDRICAL_SURFACE('',#11203,0.000649105073384741);
#194=CYLINDRICAL_SURFACE('',#11205,0.000927042848409321);
#195=CYLINDRICAL_SURFACE('',#11207,0.00212511388347605);
#196=CYLINDRICAL_SURFACE('',#11209,0.0181258134782451);
#197=CYLINDRICAL_SURFACE('',#11211,0.0181258134656883);
#198=CYLINDRICAL_SURFACE('',#11213,0.00212511388355142);
#199=CYLINDRICAL_SURFACE('',#11215,0.000927042848409892);
#200=CYLINDRICAL_SURFACE('',#11217,0.000649105073382972);
#201=CYLINDRICAL_SURFACE('',#11219,0.00343943128069324);
#202=CYLINDRICAL_SURFACE('',#11222,0.00408988281085362);
#203=CYLINDRICAL_SURFACE('',#11224,0.00167644199417851);
#204=CYLINDRICAL_SURFACE('',#11226,0.000811538915839775);
#205=CYLINDRICAL_SURFACE('',#11228,0.000663924335921257);
#206=CYLINDRICAL_SURFACE('',#11230,0.000904741814136003);
#207=CYLINDRICAL_SURFACE('',#11232,0.00224395028861187);
#208=CYLINDRICAL_SURFACE('',#11235,0.00238442632110718);
#209=CYLINDRICAL_SURFACE('',#11237,0.00066929885447037);
#210=CYLINDRICAL_SURFACE('',#11239,0.000375220477792929);
#211=CYLINDRICAL_SURFACE('',#11241,0.000506024887373029);
#212=CYLINDRICAL_SURFACE('',#11243,0.00142365537931278);
#213=CYLINDRICAL_SURFACE('',#11245,0.0052070541036534);
#214=CYLINDRICAL_SURFACE('',#11248,0.00514364422952081);
#215=CYLINDRICAL_SURFACE('',#11250,0.00100520763285326);
#216=CYLINDRICAL_SURFACE('',#11252,0.000378764286738377);
#217=CYLINDRICAL_SURFACE('',#11254,0.000578444659610121);
#218=CYLINDRICAL_SURFACE('',#11256,0.0021146830853929);
#219=CYLINDRICAL_SURFACE('',#11258,0.0202740619770955);
#220=CYLINDRICAL_SURFACE('',#11260,0.0249511130797392);
#221=CYLINDRICAL_SURFACE('',#11262,0.00205753717369198);
#222=CYLINDRICAL_SURFACE('',#11264,0.000568755092218658);
#223=CYLINDRICAL_SURFACE('',#11266,0.00038498266662513);
#224=CYLINDRICAL_SURFACE('',#11268,0.00100520763285587);
#225=CYLINDRICAL_SURFACE('',#11270,0.00514364422951654);
#226=CYLINDRICAL_SURFACE('',#11273,0.00487862962549103);
#227=CYLINDRICAL_SURFACE('',#11275,0.000393837253933858);
#228=CYLINDRICAL_SURFACE('',#11315,0.00192410030062782);
#229=CYLINDRICAL_SURFACE('',#11317,0.000815323060183);
#230=CYLINDRICAL_SURFACE('',#11319,0.000647001405222737);
#231=CYLINDRICAL_SURFACE('',#11321,0.000826341927980868);
#232=CYLINDRICAL_SURFACE('',#11323,0.00177469446997112);
#233=CYLINDRICAL_SURFACE('',#11325,0.00408988281087649);
#234=CYLINDRICAL_SURFACE('',#11328,0.00343943128071132);
#235=CYLINDRICAL_SURFACE('',#11330,0.000649105073396772);
#236=CYLINDRICAL_SURFACE('',#11332,0.000927042848469433);
#237=CYLINDRICAL_SURFACE('',#11334,0.00212511388380028);
#238=CYLINDRICAL_SURFACE('',#11336,0.0181258134678619);
#239=CYLINDRICAL_SURFACE('',#11338,0.0181258134802797);
#240=CYLINDRICAL_SURFACE('',#11340,0.00212511388386521);
#241=CYLINDRICAL_SURFACE('',#11342,0.000927042848476973);
#242=CYLINDRICAL_SURFACE('',#11344,0.000649105073397217);
#243=CYLINDRICAL_SURFACE('',#11346,0.00343943128074078);
#244=CYLINDRICAL_SURFACE('',#11349,0.00408988281090703);
#245=CYLINDRICAL_SURFACE('',#11351,0.00167644199422242);
#246=CYLINDRICAL_SURFACE('',#11353,0.000811538915829073);
#247=CYLINDRICAL_SURFACE('',#11355,0.000663924335990147);
#248=CYLINDRICAL_SURFACE('',#11357,0.000904741814262728);
#249=CYLINDRICAL_SURFACE('',#11359,0.00224395028855496);
#250=CYLINDRICAL_SURFACE('',#11362,0.00238442632132572);
#251=CYLINDRICAL_SURFACE('',#11364,0.00066929885443927);
#252=CYLINDRICAL_SURFACE('',#11366,0.000375220477739839);
#253=CYLINDRICAL_SURFACE('',#11368,0.000506024887397413);
#254=CYLINDRICAL_SURFACE('',#11370,0.00142365537932901);
#255=CYLINDRICAL_SURFACE('',#11372,0.00520705410372934);
#256=CYLINDRICAL_SURFACE('',#11375,0.00514364422950743);
#257=CYLINDRICAL_SURFACE('',#11377,0.00100520763286097);
#258=CYLINDRICAL_SURFACE('',#11379,0.000378764286758357);
#259=CYLINDRICAL_SURFACE('',#11381,0.000578444659447593);
#260=CYLINDRICAL_SURFACE('',#11383,0.00211468308526342);
#261=CYLINDRICAL_SURFACE('',#11385,0.0202740619676763);
#262=CYLINDRICAL_SURFACE('',#11387,0.0249511130650914);
#263=CYLINDRICAL_SURFACE('',#11389,0.0020575371737218);
#264=CYLINDRICAL_SURFACE('',#11391,0.000568755092230361);
#265=CYLINDRICAL_SURFACE('',#11393,0.000384982666638938);
#266=CYLINDRICAL_SURFACE('',#11395,0.00100520763289702);
#267=CYLINDRICAL_SURFACE('',#11397,0.00514364422949185);
#268=CYLINDRICAL_SURFACE('',#11400,0.00487862962548713);
#269=CYLINDRICAL_SURFACE('',#11402,0.000393837253923944);
#270=CYLINDRICAL_SURFACE('',#11405,0.00511238490941573);
#271=CYLINDRICAL_SURFACE('',#11409,0.00514364422953693);
#272=CYLINDRICAL_SURFACE('',#11412,0.00100520763286594);
#273=CYLINDRICAL_SURFACE('',#11415,0.000378764286776791);
#274=CYLINDRICAL_SURFACE('',#11418,0.000578444659512004);
#275=CYLINDRICAL_SURFACE('',#11421,0.00211468308513047);
#276=CYLINDRICAL_SURFACE('',#11424,0.0202740619750495);
#277=CYLINDRICAL_SURFACE('',#11427,0.0249511130686623);
#278=CYLINDRICAL_SURFACE('',#11430,0.00205753717340058);
#279=CYLINDRICAL_SURFACE('',#11433,0.000568755092214068);
#280=CYLINDRICAL_SURFACE('',#11436,0.000384982666646002);
#281=CYLINDRICAL_SURFACE('',#11439,0.00100520763290586);
#282=CYLINDRICAL_SURFACE('',#11442,0.00514364422952104);
#283=CYLINDRICAL_SURFACE('',#11446,0.00514364422956732);
#284=CYLINDRICAL_SURFACE('',#11449,0.000993715496849756);
#285=CYLINDRICAL_SURFACE('',#11452,0.000385447929054174);
#286=CYLINDRICAL_SURFACE('',#11455,0.00056875509220286);
#287=CYLINDRICAL_SURFACE('',#11458,0.00211468308504012);
#288=CYLINDRICAL_SURFACE('',#11461,0.0202740619728783);
#289=CYLINDRICAL_SURFACE('',#11464,0.0202740619672892);
#290=CYLINDRICAL_SURFACE('',#11467,0.00211468308502543);
#291=CYLINDRICAL_SURFACE('',#11470,0.000568755092228249);
#292=CYLINDRICAL_SURFACE('',#11473,0.000384982666639806);
#293=CYLINDRICAL_SURFACE('',#11476,0.00343943128076603);
#294=CYLINDRICAL_SURFACE('',#11479,0.00343943128071762);
#295=CYLINDRICAL_SURFACE('',#11481,0.000649105073388393);
#296=CYLINDRICAL_SURFACE('',#11483,0.000927042848449815);
#297=CYLINDRICAL_SURFACE('',#11485,0.0021251138835444);
#298=CYLINDRICAL_SURFACE('',#11487,0.0181258134860416);
#299=CYLINDRICAL_SURFACE('',#11489,0.0181258134857263);
#300=CYLINDRICAL_SURFACE('',#11491,0.00212511388354533);
#301=CYLINDRICAL_SURFACE('',#11493,0.000927042848449783);
#302=CYLINDRICAL_SURFACE('',#11495,0.000649105073388001);
#303=CYLINDRICAL_SURFACE('',#11497,0.00343943128072126);
#304=CYLINDRICAL_SURFACE('',#11500,0.00343943128072423);
#305=CYLINDRICAL_SURFACE('',#11502,0.000641059590895306);
#306=CYLINDRICAL_SURFACE('',#11504,0.000940101108100748);
#307=CYLINDRICAL_SURFACE('',#11506,0.0021751068988787);
#308=CYLINDRICAL_SURFACE('',#11508,0.015655506983656);
#309=CYLINDRICAL_SURFACE('',#11510,0.0156555069840599);
#310=CYLINDRICAL_SURFACE('',#11512,0.00217510689879917);
#311=CYLINDRICAL_SURFACE('',#11514,0.000940101108079259);
#312=CYLINDRICAL_SURFACE('',#11516,0.000641059590897474);
#313=CYLINDRICAL_SURFACE('',#11518,0.00100520763285413);
#314=CYLINDRICAL_SURFACE('',#11545,0.00425);
#315=B_SPLINE_CURVE_WITH_KNOTS('',2,(#14435,#14436,#14437),
 .UNSPECIFIED.,.F.,.F.,(3,3),(0.,1.),.PIECEWISE_BEZIER_KNOTS.);
#316=B_SPLINE_CURVE_WITH_KNOTS('',2,(#14455,#14456,#14457),
 .UNSPECIFIED.,.F.,.F.,(3,3),(0.,1.),.PIECEWISE_BEZIER_KNOTS.);
#317=B_SPLINE_CURVE_WITH_KNOTS('',2,(#14465,#14466,#14467),
 .UNSPECIFIED.,.F.,.F.,(3,3),(0.,1.),.PIECEWISE_BEZIER_KNOTS.);
#318=B_SPLINE_CURVE_WITH_KNOTS('',2,(#14485,#14486,#14487),
 .UNSPECIFIED.,.F.,.F.,(3,3),(0.,1.),.PIECEWISE_BEZIER_KNOTS.);
#319=B_SPLINE_CURVE_WITH_KNOTS('',2,(#14492,#14493,#14494),
 .UNSPECIFIED.,.F.,.F.,(3,3),(0.,1.),.PIECEWISE_BEZIER_KNOTS.);
#320=B_SPLINE_CURVE_WITH_KNOTS('',2,(#14499,#14500,#14501),
 .UNSPECIFIED.,.F.,.F.,(3,3),(0.,1.),.PIECEWISE_BEZIER_KNOTS.);
#321=B_SPLINE_CURVE_WITH_KNOTS('',2,(#14563,#14564,#14565),
 .UNSPECIFIED.,.F.,.F.,(3,3),(0.,1.),.PIECEWISE_BEZIER_KNOTS.);
#322=B_SPLINE_CURVE_WITH_KNOTS('',2,(#14583,#14584,#14585),
 .UNSPECIFIED.,.F.,.F.,(3,3),(0.,1.),.PIECEWISE_BEZIER_KNOTS.);
#323=B_SPLINE_CURVE_WITH_KNOTS('',2,(#14670,#14671,#14672),
 .UNSPECIFIED.,.F.,.F.,(3,3),(0.,1.),.PIECEWISE_BEZIER_KNOTS.);
#324=B_SPLINE_CURVE_WITH_KNOTS('',2,(#14677,#14678,#14679),
 .UNSPECIFIED.,.F.,.F.,(3,3),(0.,1.),.PIECEWISE_BEZIER_KNOTS.);
#325=B_SPLINE_CURVE_WITH_KNOTS('',2,(#14741,#14742,#14743),
 .UNSPECIFIED.,.F.,.F.,(3,3),(0.,1.),.PIECEWISE_BEZIER_KNOTS.);
#326=B_SPLINE_CURVE_WITH_KNOTS('',2,(#14761,#14762,#14763),
 .UNSPECIFIED.,.F.,.F.,(3,3),(0.,1.),.PIECEWISE_BEZIER_KNOTS.);
#327=B_SPLINE_CURVE_WITH_KNOTS('',2,(#14824,#14825,#14826),
 .UNSPECIFIED.,.F.,.F.,(3,3),(0.,1.),.PIECEWISE_BEZIER_KNOTS.);
#328=B_SPLINE_CURVE_WITH_KNOTS('',2,(#14829,#14830,#14831),
 .UNSPECIFIED.,.F.,.F.,(3,3),(0.,1.),.PIECEWISE_BEZIER_KNOTS.);
#329=B_SPLINE_CURVE_WITH_KNOTS('',2,(#14833,#14834,#14835),
 .UNSPECIFIED.,.F.,.F.,(3,3),(0.,1.),.PIECEWISE_BEZIER_KNOTS.);
#330=B_SPLINE_CURVE_WITH_KNOTS('',2,(#14839,#14840,#14841),
 .UNSPECIFIED.,.F.,.F.,(3,3),(0.,1.),.PIECEWISE_BEZIER_KNOTS.);
#331=B_SPLINE_CURVE_WITH_KNOTS('',2,(#14857,#14858,#14859),
 .UNSPECIFIED.,.F.,.F.,(3,3),(0.,1.),.PIECEWISE_BEZIER_KNOTS.);
#332=B_SPLINE_CURVE_WITH_KNOTS('',2,(#14861,#14862,#14863),
 .UNSPECIFIED.,.F.,.F.,(3,3),(0.,1.),.PIECEWISE_BEZIER_KNOTS.);
#333=B_SPLINE_CURVE_WITH_KNOTS('',2,(#14865,#14866,#14867),
 .UNSPECIFIED.,.F.,.F.,(3,3),(0.,1.),.PIECEWISE_BEZIER_KNOTS.);
#334=B_SPLINE_CURVE_WITH_KNOTS('',2,(#14869,#14870,#14871),
 .UNSPECIFIED.,.F.,.F.,(3,3),(0.,1.),.PIECEWISE_BEZIER_KNOTS.);
#335=B_SPLINE_CURVE_WITH_KNOTS('',2,(#14911,#14912,#14913),
 .UNSPECIFIED.,.F.,.F.,(3,3),(0.,1.),.PIECEWISE_BEZIER_KNOTS.);
#336=B_SPLINE_CURVE_WITH_KNOTS('',2,(#14917,#14918,#14919),
 .UNSPECIFIED.,.F.,.F.,(3,3),(0.,1.),.PIECEWISE_BEZIER_KNOTS.);
#337=B_SPLINE_CURVE_WITH_KNOTS('',2,(#14934,#14935,#14936),
 .UNSPECIFIED.,.F.,.F.,(3,3),(0.,1.),.PIECEWISE_BEZIER_KNOTS.);
#338=B_SPLINE_CURVE_WITH_KNOTS('',2,(#14939,#14940,#14941),
 .UNSPECIFIED.,.F.,.F.,(3,3),(0.,1.),.PIECEWISE_BEZIER_KNOTS.);
#339=B_SPLINE_CURVE_WITH_KNOTS('',2,(#14955,#14956,#14957),
 .UNSPECIFIED.,.F.,.F.,(3,3),(0.,1.),.PIECEWISE_BEZIER_KNOTS.);
#340=B_SPLINE_CURVE_WITH_KNOTS('',2,(#14961,#14962,#14963),
 .UNSPECIFIED.,.F.,.F.,(3,3),(0.,1.),.PIECEWISE_BEZIER_KNOTS.);
#341=B_SPLINE_CURVE_WITH_KNOTS('',2,(#14965,#14966,#14967),
 .UNSPECIFIED.,.F.,.F.,(3,3),(0.,1.),.PIECEWISE_BEZIER_KNOTS.);
#342=B_SPLINE_CURVE_WITH_KNOTS('',2,(#14971,#14972,#14973),
 .UNSPECIFIED.,.F.,.F.,(3,3),(0.,1.),.PIECEWISE_BEZIER_KNOTS.);
#343=B_SPLINE_CURVE_WITH_KNOTS('',2,(#14975,#14976,#14977),
 .UNSPECIFIED.,.F.,.F.,(3,3),(0.,1.),.PIECEWISE_BEZIER_KNOTS.);
#344=B_SPLINE_CURVE_WITH_KNOTS('',2,(#14987,#14988,#14989),
 .UNSPECIFIED.,.F.,.F.,(3,3),(0.,1.),.PIECEWISE_BEZIER_KNOTS.);
#345=B_SPLINE_CURVE_WITH_KNOTS('',2,(#14991,#14992,#14993),
 .UNSPECIFIED.,.F.,.F.,(3,3),(0.,1.),.PIECEWISE_BEZIER_KNOTS.);
#346=B_SPLINE_CURVE_WITH_KNOTS('',2,(#14995,#14996,#14997),
 .UNSPECIFIED.,.F.,.F.,(3,3),(0.,1.),.PIECEWISE_BEZIER_KNOTS.);
#347=B_SPLINE_CURVE_WITH_KNOTS('',2,(#15001,#15002,#15003),
 .UNSPECIFIED.,.F.,.F.,(3,3),(0.,1.),.PIECEWISE_BEZIER_KNOTS.);
#348=B_SPLINE_CURVE_WITH_KNOTS('',2,(#15005,#15006,#15007),
 .UNSPECIFIED.,.F.,.F.,(3,3),(0.,1.),.PIECEWISE_BEZIER_KNOTS.);
#349=B_SPLINE_CURVE_WITH_KNOTS('',2,(#15015,#15016,#15017),
 .UNSPECIFIED.,.F.,.F.,(3,3),(0.,1.),.PIECEWISE_BEZIER_KNOTS.);
#350=B_SPLINE_CURVE_WITH_KNOTS('',2,(#15019,#15020,#15021),
 .UNSPECIFIED.,.F.,.F.,(3,3),(0.,1.),.PIECEWISE_BEZIER_KNOTS.);
#351=B_SPLINE_CURVE_WITH_KNOTS('',2,(#15076,#15077,#15078),
 .UNSPECIFIED.,.F.,.F.,(3,3),(0.,1.),.PIECEWISE_BEZIER_KNOTS.);
#352=B_SPLINE_CURVE_WITH_KNOTS('',2,(#15081,#15082,#15083),
 .UNSPECIFIED.,.F.,.F.,(3,3),(0.,1.),.PIECEWISE_BEZIER_KNOTS.);
#353=B_SPLINE_CURVE_WITH_KNOTS('',2,(#15097,#15098,#15099),
 .UNSPECIFIED.,.F.,.F.,(3,3),(0.,1.),.PIECEWISE_BEZIER_KNOTS.);
#354=B_SPLINE_CURVE_WITH_KNOTS('',2,(#15103,#15104,#15105),
 .UNSPECIFIED.,.F.,.F.,(3,3),(0.,1.),.PIECEWISE_BEZIER_KNOTS.);
#355=B_SPLINE_CURVE_WITH_KNOTS('',2,(#15107,#15108,#15109),
 .UNSPECIFIED.,.F.,.F.,(3,3),(0.,1.),.PIECEWISE_BEZIER_KNOTS.);
#356=B_SPLINE_CURVE_WITH_KNOTS('',2,(#15113,#15114,#15115),
 .UNSPECIFIED.,.F.,.F.,(3,3),(0.,1.),.PIECEWISE_BEZIER_KNOTS.);
#357=B_SPLINE_CURVE_WITH_KNOTS('',2,(#15117,#15118,#15119),
 .UNSPECIFIED.,.F.,.F.,(3,3),(0.,1.),.PIECEWISE_BEZIER_KNOTS.);
#358=B_SPLINE_CURVE_WITH_KNOTS('',2,(#15129,#15130,#15131),
 .UNSPECIFIED.,.F.,.F.,(3,3),(0.,1.),.PIECEWISE_BEZIER_KNOTS.);
#359=B_SPLINE_CURVE_WITH_KNOTS('',2,(#15133,#15134,#15135),
 .UNSPECIFIED.,.F.,.F.,(3,3),(0.,1.),.PIECEWISE_BEZIER_KNOTS.);
#360=B_SPLINE_CURVE_WITH_KNOTS('',2,(#15137,#15138,#15139),
 .UNSPECIFIED.,.F.,.F.,(3,3),(0.,1.),.PIECEWISE_BEZIER_KNOTS.);
#361=B_SPLINE_CURVE_WITH_KNOTS('',2,(#15143,#15144,#15145),
 .UNSPECIFIED.,.F.,.F.,(3,3),(0.,1.),.PIECEWISE_BEZIER_KNOTS.);
#362=B_SPLINE_CURVE_WITH_KNOTS('',2,(#15147,#15148,#15149),
 .UNSPECIFIED.,.F.,.F.,(3,3),(0.,1.),.PIECEWISE_BEZIER_KNOTS.);
#363=B_SPLINE_CURVE_WITH_KNOTS('',2,(#15155,#15156,#15157),
 .UNSPECIFIED.,.F.,.F.,(3,3),(0.,1.),.PIECEWISE_BEZIER_KNOTS.);
#364=B_SPLINE_CURVE_WITH_KNOTS('',2,(#15159,#15160,#15161),
 .UNSPECIFIED.,.F.,.F.,(3,3),(0.,1.),.PIECEWISE_BEZIER_KNOTS.);
#365=B_SPLINE_CURVE_WITH_KNOTS('',2,(#15179,#15180,#15181),
 .UNSPECIFIED.,.F.,.F.,(3,3),(0.,1.),.PIECEWISE_BEZIER_KNOTS.);
#366=B_SPLINE_CURVE_WITH_KNOTS('',2,(#15185,#15186,#15187),
 .UNSPECIFIED.,.F.,.F.,(3,3),(0.,1.),.PIECEWISE_BEZIER_KNOTS.);
#367=B_SPLINE_CURVE_WITH_KNOTS('',2,(#15189,#15190,#15191),
 .UNSPECIFIED.,.F.,.F.,(3,3),(0.,1.),.PIECEWISE_BEZIER_KNOTS.);
#368=B_SPLINE_CURVE_WITH_KNOTS('',2,(#15205,#15206,#15207),
 .UNSPECIFIED.,.F.,.F.,(3,3),(0.,1.),.PIECEWISE_BEZIER_KNOTS.);
#369=B_SPLINE_CURVE_WITH_KNOTS('',2,(#15208,#15209,#15210),
 .UNSPECIFIED.,.F.,.F.,(3,3),(0.,1.),.PIECEWISE_BEZIER_KNOTS.);
#370=B_SPLINE_CURVE_WITH_KNOTS('',2,(#15213,#15214,#15215),
 .UNSPECIFIED.,.F.,.F.,(3,3),(0.,1.),.PIECEWISE_BEZIER_KNOTS.);
#371=B_SPLINE_CURVE_WITH_KNOTS('',2,(#15219,#15220,#15221),
 .UNSPECIFIED.,.F.,.F.,(3,3),(0.,1.),.PIECEWISE_BEZIER_KNOTS.);
#372=B_SPLINE_CURVE_WITH_KNOTS('',2,(#15223,#15224,#15225),
 .UNSPECIFIED.,.F.,.F.,(3,3),(0.,1.),.PIECEWISE_BEZIER_KNOTS.);
#373=B_SPLINE_CURVE_WITH_KNOTS('',2,(#15237,#15238,#15239),
 .UNSPECIFIED.,.F.,.F.,(3,3),(0.,1.),.PIECEWISE_BEZIER_KNOTS.);
#374=B_SPLINE_CURVE_WITH_KNOTS('',2,(#15241,#15242,#15243),
 .UNSPECIFIED.,.F.,.F.,(3,3),(0.,1.),.PIECEWISE_BEZIER_KNOTS.);
#375=B_SPLINE_CURVE_WITH_KNOTS('',2,(#15249,#15250,#15251),
 .UNSPECIFIED.,.F.,.F.,(3,3),(0.,1.),.PIECEWISE_BEZIER_KNOTS.);
#376=B_SPLINE_CURVE_WITH_KNOTS('',2,(#15253,#15254,#15255),
 .UNSPECIFIED.,.F.,.F.,(3,3),(0.,1.),.PIECEWISE_BEZIER_KNOTS.);
#377=B_SPLINE_CURVE_WITH_KNOTS('',2,(#15279,#15280,#15281),
 .UNSPECIFIED.,.F.,.F.,(3,3),(0.,1.),.PIECEWISE_BEZIER_KNOTS.);
#378=B_SPLINE_CURVE_WITH_KNOTS('',2,(#15786,#15787,#15788),
 .UNSPECIFIED.,.F.,.F.,(3,3),(0.,1.),.PIECEWISE_BEZIER_KNOTS.);
#379=B_SPLINE_CURVE_WITH_KNOTS('',2,(#15836,#15837,#15838),
 .UNSPECIFIED.,.F.,.F.,(3,3),(0.,1.),.PIECEWISE_BEZIER_KNOTS.);
#380=B_SPLINE_CURVE_WITH_KNOTS('',2,(#15843,#15844,#15845),
 .UNSPECIFIED.,.F.,.F.,(3,3),(0.,1.),.PIECEWISE_BEZIER_KNOTS.);
#381=B_SPLINE_CURVE_WITH_KNOTS('',2,(#15868,#15869,#15870),
 .UNSPECIFIED.,.F.,.F.,(3,3),(0.,1.),.PIECEWISE_BEZIER_KNOTS.);
#382=B_SPLINE_CURVE_WITH_KNOTS('',2,(#15874,#15875,#15876),
 .UNSPECIFIED.,.F.,.F.,(3,3),(0.,1.),.PIECEWISE_BEZIER_KNOTS.);
#383=B_SPLINE_CURVE_WITH_KNOTS('',2,(#15899,#15900,#15901),
 .UNSPECIFIED.,.F.,.F.,(3,3),(0.,1.),.PIECEWISE_BEZIER_KNOTS.);
#384=B_SPLINE_CURVE_WITH_KNOTS('',2,(#15918,#15919,#15920),
 .UNSPECIFIED.,.F.,.F.,(3,3),(0.,1.),.PIECEWISE_BEZIER_KNOTS.);
#385=B_SPLINE_CURVE_WITH_KNOTS('',2,(#15931,#15932,#15933),
 .UNSPECIFIED.,.F.,.F.,(3,3),(0.,1.),.PIECEWISE_BEZIER_KNOTS.);
#386=B_SPLINE_CURVE_WITH_KNOTS('',2,(#15952,#15953,#15954),
 .UNSPECIFIED.,.F.,.F.,(3,3),(0.,1.),.PIECEWISE_BEZIER_KNOTS.);
#387=B_SPLINE_CURVE_WITH_KNOTS('',2,(#15965,#15966,#15967),
 .UNSPECIFIED.,.F.,.F.,(3,3),(0.,1.),.PIECEWISE_BEZIER_KNOTS.);
#388=B_SPLINE_CURVE_WITH_KNOTS('',2,(#15998,#15999,#16000),
 .UNSPECIFIED.,.F.,.F.,(3,3),(0.,1.),.PIECEWISE_BEZIER_KNOTS.);
#389=B_SPLINE_CURVE_WITH_KNOTS('',2,(#16011,#16012,#16013),
 .UNSPECIFIED.,.F.,.F.,(3,3),(0.,1.),.PIECEWISE_BEZIER_KNOTS.);
#390=B_SPLINE_CURVE_WITH_KNOTS('',2,(#16026,#16027,#16028),
 .UNSPECIFIED.,.F.,.F.,(3,3),(0.,1.),.PIECEWISE_BEZIER_KNOTS.);
#391=B_SPLINE_CURVE_WITH_KNOTS('',2,(#16037,#16038,#16039),
 .UNSPECIFIED.,.F.,.F.,(3,3),(0.,1.),.PIECEWISE_BEZIER_KNOTS.);
#392=B_SPLINE_CURVE_WITH_KNOTS('',2,(#16040,#16041,#16042),
 .UNSPECIFIED.,.F.,.F.,(3,3),(0.,1.),.PIECEWISE_BEZIER_KNOTS.);
#393=B_SPLINE_CURVE_WITH_KNOTS('',2,(#16061,#16062,#16063),
 .UNSPECIFIED.,.F.,.F.,(3,3),(0.,1.),.PIECEWISE_BEZIER_KNOTS.);
#394=B_SPLINE_CURVE_WITH_KNOTS('',2,(#16098,#16099,#16100),
 .UNSPECIFIED.,.F.,.F.,(3,3),(0.,1.),.PIECEWISE_BEZIER_KNOTS.);
#395=B_SPLINE_CURVE_WITH_KNOTS('',2,(#16111,#16112,#16113),
 .UNSPECIFIED.,.F.,.F.,(3,3),(0.,1.),.PIECEWISE_BEZIER_KNOTS.);
#396=B_SPLINE_CURVE_WITH_KNOTS('',2,(#16128,#16129,#16130),
 .UNSPECIFIED.,.F.,.F.,(3,3),(0.,1.),.PIECEWISE_BEZIER_KNOTS.);
#397=B_SPLINE_CURVE_WITH_KNOTS('',2,(#16173,#16174,#16175),
 .UNSPECIFIED.,.F.,.F.,(3,3),(0.,1.),.PIECEWISE_BEZIER_KNOTS.);
#398=B_SPLINE_CURVE_WITH_KNOTS('',2,(#16184,#16185,#16186),
 .UNSPECIFIED.,.F.,.F.,(3,3),(0.,1.),.PIECEWISE_BEZIER_KNOTS.);
#399=B_SPLINE_CURVE_WITH_KNOTS('',2,(#16198,#16199,#16200),
 .UNSPECIFIED.,.F.,.F.,(3,3),(0.,1.),.PIECEWISE_BEZIER_KNOTS.);
#400=B_SPLINE_CURVE_WITH_KNOTS('',2,(#16217,#16218,#16219),
 .UNSPECIFIED.,.F.,.F.,(3,3),(0.,1.),.PIECEWISE_BEZIER_KNOTS.);
#401=B_SPLINE_CURVE_WITH_KNOTS('',2,(#16230,#16231,#16232),
 .UNSPECIFIED.,.F.,.F.,(3,3),(0.,1.),.PIECEWISE_BEZIER_KNOTS.);
#402=B_SPLINE_CURVE_WITH_KNOTS('',2,(#16247,#16248,#16249),
 .UNSPECIFIED.,.F.,.F.,(3,3),(0.,1.),.PIECEWISE_BEZIER_KNOTS.);
#403=B_SPLINE_CURVE_WITH_KNOTS('',2,(#16260,#16261,#16262),
 .UNSPECIFIED.,.F.,.F.,(3,3),(0.,1.),.PIECEWISE_BEZIER_KNOTS.);
#404=B_SPLINE_CURVE_WITH_KNOTS('',2,(#16273,#16274,#16275),
 .UNSPECIFIED.,.F.,.F.,(3,3),(0.,1.),.PIECEWISE_BEZIER_KNOTS.);
#405=B_SPLINE_CURVE_WITH_KNOTS('',2,(#16302,#16303,#16304),
 .UNSPECIFIED.,.F.,.F.,(3,3),(0.,1.),.PIECEWISE_BEZIER_KNOTS.);
#406=B_SPLINE_CURVE_WITH_KNOTS('',2,(#16315,#16316,#16317),
 .UNSPECIFIED.,.F.,.F.,(3,3),(0.,1.),.PIECEWISE_BEZIER_KNOTS.);
#407=B_SPLINE_CURVE_WITH_KNOTS('',2,(#16332,#16333,#16334),
 .UNSPECIFIED.,.F.,.F.,(3,3),(0.,1.),.PIECEWISE_BEZIER_KNOTS.);
#408=B_SPLINE_CURVE_WITH_KNOTS('',2,(#16345,#16346,#16347),
 .UNSPECIFIED.,.F.,.F.,(3,3),(0.,1.),.PIECEWISE_BEZIER_KNOTS.);
#409=B_SPLINE_CURVE_WITH_KNOTS('',2,(#16362,#16363,#16364),
 .UNSPECIFIED.,.F.,.F.,(3,3),(0.,1.),.PIECEWISE_BEZIER_KNOTS.);
#410=B_SPLINE_CURVE_WITH_KNOTS('',2,(#16397,#16398,#16399),
 .UNSPECIFIED.,.F.,.F.,(3,3),(0.,1.),.PIECEWISE_BEZIER_KNOTS.);
#411=B_SPLINE_CURVE_WITH_KNOTS('',2,(#16527,#16528,#16529),
 .UNSPECIFIED.,.F.,.F.,(3,3),(0.,1.),.PIECEWISE_BEZIER_KNOTS.);
#412=B_SPLINE_CURVE_WITH_KNOTS('',2,(#16540,#16541,#16542),
 .UNSPECIFIED.,.F.,.F.,(3,3),(0.,1.),.PIECEWISE_BEZIER_KNOTS.);
#413=B_SPLINE_CURVE_WITH_KNOTS('',2,(#16560,#16561,#16562),
 .UNSPECIFIED.,.F.,.F.,(3,3),(0.,1.),.PIECEWISE_BEZIER_KNOTS.);
#414=B_SPLINE_CURVE_WITH_KNOTS('',2,(#16566,#16567,#16568),
 .UNSPECIFIED.,.F.,.F.,(3,3),(0.,1.),.PIECEWISE_BEZIER_KNOTS.);
#415=B_SPLINE_CURVE_WITH_KNOTS('',2,(#16577,#16578,#16579),
 .UNSPECIFIED.,.F.,.F.,(3,3),(0.,1.),.PIECEWISE_BEZIER_KNOTS.);
#416=B_SPLINE_CURVE_WITH_KNOTS('',2,(#16583,#16584,#16585),
 .UNSPECIFIED.,.F.,.F.,(3,3),(0.,1.),.PIECEWISE_BEZIER_KNOTS.);
#417=B_SPLINE_CURVE_WITH_KNOTS('',2,(#16600,#16601,#16602),
 .UNSPECIFIED.,.F.,.F.,(3,3),(0.,1.),.PIECEWISE_BEZIER_KNOTS.);
#418=B_SPLINE_CURVE_WITH_KNOTS('',2,(#16606,#16607,#16608),
 .UNSPECIFIED.,.F.,.F.,(3,3),(0.,1.),.PIECEWISE_BEZIER_KNOTS.);
#419=B_SPLINE_CURVE_WITH_KNOTS('',2,(#16644,#16645,#16646),
 .UNSPECIFIED.,.F.,.F.,(3,3),(0.,1.),.PIECEWISE_BEZIER_KNOTS.);
#420=B_SPLINE_CURVE_WITH_KNOTS('',2,(#16663,#16664,#16665),
 .UNSPECIFIED.,.F.,.F.,(3,3),(0.,1.),.PIECEWISE_BEZIER_KNOTS.);
#421=B_SPLINE_CURVE_WITH_KNOTS('',2,(#16676,#16677,#16678),
 .UNSPECIFIED.,.F.,.F.,(3,3),(0.,1.),.PIECEWISE_BEZIER_KNOTS.);
#422=B_SPLINE_CURVE_WITH_KNOTS('',2,(#16693,#16694,#16695),
 .UNSPECIFIED.,.F.,.F.,(3,3),(0.,1.),.PIECEWISE_BEZIER_KNOTS.);
#423=B_SPLINE_CURVE_WITH_KNOTS('',2,(#16706,#16707,#16708),
 .UNSPECIFIED.,.F.,.F.,(3,3),(0.,1.),.PIECEWISE_BEZIER_KNOTS.);
#424=B_SPLINE_CURVE_WITH_KNOTS('',2,(#16719,#16720,#16721),
 .UNSPECIFIED.,.F.,.F.,(3,3),(0.,1.),.PIECEWISE_BEZIER_KNOTS.);
#425=B_SPLINE_CURVE_WITH_KNOTS('',2,(#16748,#16749,#16750),
 .UNSPECIFIED.,.F.,.F.,(3,3),(0.,1.),.PIECEWISE_BEZIER_KNOTS.);
#426=B_SPLINE_CURVE_WITH_KNOTS('',2,(#16761,#16762,#16763),
 .UNSPECIFIED.,.F.,.F.,(3,3),(0.,1.),.PIECEWISE_BEZIER_KNOTS.);
#427=B_SPLINE_CURVE_WITH_KNOTS('',2,(#16778,#16779,#16780),
 .UNSPECIFIED.,.F.,.F.,(3,3),(0.,1.),.PIECEWISE_BEZIER_KNOTS.);
#428=B_SPLINE_CURVE_WITH_KNOTS('',2,(#16791,#16792,#16793),
 .UNSPECIFIED.,.F.,.F.,(3,3),(0.,1.),.PIECEWISE_BEZIER_KNOTS.);
#429=B_SPLINE_CURVE_WITH_KNOTS('',2,(#16808,#16809,#16810),
 .UNSPECIFIED.,.F.,.F.,(3,3),(0.,1.),.PIECEWISE_BEZIER_KNOTS.);
#430=B_SPLINE_CURVE_WITH_KNOTS('',2,(#16843,#16844,#16845),
 .UNSPECIFIED.,.F.,.F.,(3,3),(0.,1.),.PIECEWISE_BEZIER_KNOTS.);
#431=B_SPLINE_CURVE_WITH_KNOTS('',2,(#16870,#16871,#16872),
 .UNSPECIFIED.,.F.,.F.,(3,3),(0.,1.),.PIECEWISE_BEZIER_KNOTS.);
#432=B_SPLINE_CURVE_WITH_KNOTS('',2,(#16876,#16877,#16878),
 .UNSPECIFIED.,.F.,.F.,(3,3),(0.,1.),.PIECEWISE_BEZIER_KNOTS.);
#433=B_SPLINE_CURVE_WITH_KNOTS('',2,(#16893,#16894,#16895),
 .UNSPECIFIED.,.F.,.F.,(3,3),(0.,1.),.PIECEWISE_BEZIER_KNOTS.);
#434=B_SPLINE_CURVE_WITH_KNOTS('',2,(#16899,#16900,#16901),
 .UNSPECIFIED.,.F.,.F.,(3,3),(0.,1.),.PIECEWISE_BEZIER_KNOTS.);
#435=B_SPLINE_CURVE_WITH_KNOTS('',2,(#16916,#16917,#16918),
 .UNSPECIFIED.,.F.,.F.,(3,3),(0.,1.),.PIECEWISE_BEZIER_KNOTS.);
#436=B_SPLINE_CURVE_WITH_KNOTS('',2,(#16922,#16923,#16924),
 .UNSPECIFIED.,.F.,.F.,(3,3),(0.,1.),.PIECEWISE_BEZIER_KNOTS.);
#437=B_SPLINE_CURVE_WITH_KNOTS('',2,(#16975,#16976,#16977),
 .UNSPECIFIED.,.F.,.F.,(3,3),(0.,1.),.PIECEWISE_BEZIER_KNOTS.);
#438=B_SPLINE_CURVE_WITH_KNOTS('',2,(#16992,#16993,#16994),
 .UNSPECIFIED.,.F.,.F.,(3,3),(0.,1.),.PIECEWISE_BEZIER_KNOTS.);
#439=B_SPLINE_CURVE_WITH_KNOTS('',2,(#17053,#17054,#17055),
 .UNSPECIFIED.,.F.,.F.,(3,3),(0.,1.),.PIECEWISE_BEZIER_KNOTS.);
#440=B_SPLINE_CURVE_WITH_KNOTS('',2,(#17096,#17097,#17098),
 .UNSPECIFIED.,.F.,.F.,(3,3),(0.,1.),.PIECEWISE_BEZIER_KNOTS.);
#441=B_SPLINE_CURVE_WITH_KNOTS('',2,(#17109,#17110,#17111),
 .UNSPECIFIED.,.F.,.F.,(3,3),(0.,1.),.PIECEWISE_BEZIER_KNOTS.);
#442=B_SPLINE_CURVE_WITH_KNOTS('',2,(#17122,#17123,#17124),
 .UNSPECIFIED.,.F.,.F.,(3,3),(0.,1.),.PIECEWISE_BEZIER_KNOTS.);
#443=B_SPLINE_CURVE_WITH_KNOTS('',2,(#17135,#17136,#17137),
 .UNSPECIFIED.,.F.,.F.,(3,3),(0.,1.),.PIECEWISE_BEZIER_KNOTS.);
#444=B_SPLINE_CURVE_WITH_KNOTS('',2,(#17176,#17177,#17178),
 .UNSPECIFIED.,.F.,.F.,(3,3),(0.,1.),.PIECEWISE_BEZIER_KNOTS.);
#445=B_SPLINE_CURVE_WITH_KNOTS('',2,(#17193,#17194,#17195),
 .UNSPECIFIED.,.F.,.F.,(3,3),(0.,1.),.PIECEWISE_BEZIER_KNOTS.);
#446=B_SPLINE_CURVE_WITH_KNOTS('',2,(#17204,#17205,#17206),
 .UNSPECIFIED.,.F.,.F.,(3,3),(0.,1.),.PIECEWISE_BEZIER_KNOTS.);
#447=B_SPLINE_CURVE_WITH_KNOTS('',2,(#17323,#17324,#17325),
 .UNSPECIFIED.,.F.,.F.,(3,3),(0.,1.),.PIECEWISE_BEZIER_KNOTS.);
#448=B_SPLINE_CURVE_WITH_KNOTS('',2,(#17374,#17375,#17376),
 .UNSPECIFIED.,.F.,.F.,(3,3),(0.,1.),.PIECEWISE_BEZIER_KNOTS.);
#449=B_SPLINE_CURVE_WITH_KNOTS('',2,(#17419,#17420,#17421),
 .UNSPECIFIED.,.F.,.F.,(3,3),(0.,1.),.PIECEWISE_BEZIER_KNOTS.);
#450=B_SPLINE_CURVE_WITH_KNOTS('',2,(#17552,#17553,#17554),
 .UNSPECIFIED.,.F.,.F.,(3,3),(0.,1.),.PIECEWISE_BEZIER_KNOTS.);
#451=B_SPLINE_CURVE_WITH_KNOTS('',2,(#17703,#17704,#17705),
 .UNSPECIFIED.,.F.,.F.,(3,3),(0.,1.),.PIECEWISE_BEZIER_KNOTS.);
#452=B_SPLINE_CURVE_WITH_KNOTS('',2,(#17754,#17755,#17756),
 .UNSPECIFIED.,.F.,.F.,(3,3),(0.,1.),.PIECEWISE_BEZIER_KNOTS.);
#453=B_SPLINE_CURVE_WITH_KNOTS('',2,(#17799,#17800,#17801),
 .UNSPECIFIED.,.F.,.F.,(3,3),(0.,1.),.PIECEWISE_BEZIER_KNOTS.);
#454=B_SPLINE_CURVE_WITH_KNOTS('',2,(#17932,#17933,#17934),
 .UNSPECIFIED.,.F.,.F.,(3,3),(0.,1.),.PIECEWISE_BEZIER_KNOTS.);
#455=B_SPLINE_CURVE_WITH_KNOTS('',2,(#18115,#18116,#18117),
 .UNSPECIFIED.,.F.,.F.,(3,3),(0.,1.),.PIECEWISE_BEZIER_KNOTS.);
#456=B_SPLINE_CURVE_WITH_KNOTS('',2,(#18160,#18161,#18162),
 .UNSPECIFIED.,.F.,.F.,(3,3),(0.,1.),.PIECEWISE_BEZIER_KNOTS.);
#457=B_SPLINE_CURVE_WITH_KNOTS('',2,(#18185,#18186,#18187),
 .UNSPECIFIED.,.F.,.F.,(3,3),(0.,1.),.PIECEWISE_BEZIER_KNOTS.);
#458=B_SPLINE_CURVE_WITH_KNOTS('',2,(#18228,#18229,#18230),
 .UNSPECIFIED.,.F.,.F.,(3,3),(0.,1.),.PIECEWISE_BEZIER_KNOTS.);
#459=CIRCLE('',#10613,0.00343943128076603);
#460=CIRCLE('',#10614,0.000641059590897474);
#461=CIRCLE('',#10615,0.000940101108079259);
#462=CIRCLE('',#10616,0.00217510689879917);
#463=CIRCLE('',#10617,0.0156555069840599);
#464=CIRCLE('',#10618,0.015655506983656);
#465=CIRCLE('',#10619,0.0021751068988787);
#466=CIRCLE('',#10620,0.000940101108100748);
#467=CIRCLE('',#10621,0.000641059590895306);
#468=CIRCLE('',#10622,0.00343943128072423);
#469=CIRCLE('',#10623,0.00343943128072126);
#470=CIRCLE('',#10624,0.000649105073388001);
#471=CIRCLE('',#10625,0.000927042848449783);
#472=CIRCLE('',#10626,0.00212511388354533);
#473=CIRCLE('',#10627,0.0181258134857263);
#474=CIRCLE('',#10628,0.0181258134860416);
#475=CIRCLE('',#10629,0.0021251138835444);
#476=CIRCLE('',#10630,0.000927042848449815);
#477=CIRCLE('',#10631,0.000649105073388393);
#478=CIRCLE('',#10632,0.00343943128071762);
#479=CIRCLE('',#10633,0.000393837253923944);
#480=CIRCLE('',#10634,0.00487862962548713);
#481=CIRCLE('',#10635,0.00514364422949185);
#482=CIRCLE('',#10636,0.00100520763289702);
#483=CIRCLE('',#10637,0.000384982666638938);
#484=CIRCLE('',#10638,0.000568755092230361);
#485=CIRCLE('',#10639,0.0020575371737218);
#486=CIRCLE('',#10640,0.0249511130650914);
#487=CIRCLE('',#10641,0.0202740619676763);
#488=CIRCLE('',#10642,0.00211468308526342);
#489=CIRCLE('',#10643,0.000578444659447593);
#490=CIRCLE('',#10644,0.000378764286758357);
#491=CIRCLE('',#10645,0.00100520763286097);
#492=CIRCLE('',#10646,0.00514364422950743);
#493=CIRCLE('',#10647,0.00520705410372934);
#494=CIRCLE('',#10648,0.00142365537932901);
#495=CIRCLE('',#10649,0.000506024887397413);
#496=CIRCLE('',#10650,0.000375220477739839);
#497=CIRCLE('',#10651,0.00066929885443927);
#498=CIRCLE('',#10652,0.00238442632132572);
#499=CIRCLE('',#10653,0.00224395028855496);
#500=CIRCLE('',#10654,0.000904741814262728);
#501=CIRCLE('',#10655,0.000663924335990147);
#502=CIRCLE('',#10656,0.000811538915829073);
#503=CIRCLE('',#10657,0.00167644199422242);
#504=CIRCLE('',#10658,0.00408988281090703);
#505=CIRCLE('',#10659,0.00343943128074078);
#506=CIRCLE('',#10660,0.000649105073397217);
#507=CIRCLE('',#10661,0.000927042848476973);
#508=CIRCLE('',#10662,0.00212511388386521);
#509=CIRCLE('',#10663,0.0181258134802797);
#510=CIRCLE('',#10664,0.0181258134678619);
#511=CIRCLE('',#10665,0.00212511388380028);
#512=CIRCLE('',#10666,0.000927042848469433);
#513=CIRCLE('',#10667,0.000649105073396772);
#514=CIRCLE('',#10668,0.00343943128071132);
#515=CIRCLE('',#10669,0.00408988281087649);
#516=CIRCLE('',#10670,0.00177469446997112);
#517=CIRCLE('',#10671,0.000826341927980868);
#518=CIRCLE('',#10672,0.000647001405222737);
#519=CIRCLE('',#10673,0.000815323060183);
#520=CIRCLE('',#10674,0.00192410030062782);
#521=CIRCLE('',#10675,0.000393837253933858);
#522=CIRCLE('',#10676,0.00487862962549103);
#523=CIRCLE('',#10677,0.00514364422951654);
#524=CIRCLE('',#10678,0.00100520763285587);
#525=CIRCLE('',#10679,0.00038498266662513);
#526=CIRCLE('',#10680,0.000568755092218658);
#527=CIRCLE('',#10681,0.00205753717369198);
#528=CIRCLE('',#10682,0.0249511130797392);
#529=CIRCLE('',#10683,0.0202740619770955);
#530=CIRCLE('',#10684,0.0021146830853929);
#531=CIRCLE('',#10685,0.000578444659610121);
#532=CIRCLE('',#10686,0.000378764286738377);
#533=CIRCLE('',#10687,0.00100520763285326);
#534=CIRCLE('',#10688,0.00514364422952081);
#535=CIRCLE('',#10689,0.0052070541036534);
#536=CIRCLE('',#10690,0.00142365537931278);
#537=CIRCLE('',#10691,0.000506024887373029);
#538=CIRCLE('',#10692,0.000375220477792929);
#539=CIRCLE('',#10693,0.00066929885447037);
#540=CIRCLE('',#10694,0.00238442632110718);
#541=CIRCLE('',#10695,0.00224395028861187);
#542=CIRCLE('',#10696,0.000904741814136003);
#543=CIRCLE('',#10697,0.000663924335921257);
#544=CIRCLE('',#10698,0.000811538915839775);
#545=CIRCLE('',#10699,0.00167644199417851);
#546=CIRCLE('',#10700,0.00408988281085362);
#547=CIRCLE('',#10701,0.00343943128069324);
#548=CIRCLE('',#10702,0.000649105073382972);
#549=CIRCLE('',#10703,0.000927042848409892);
#550=CIRCLE('',#10704,0.00212511388355142);
#551=CIRCLE('',#10705,0.0181258134656883);
#552=CIRCLE('',#10706,0.0181258134782451);
#553=CIRCLE('',#10707,0.00212511388347605);
#554=CIRCLE('',#10708,0.000927042848409321);
#555=CIRCLE('',#10709,0.000649105073384741);
#556=CIRCLE('',#10710,0.00343943128068583);
#557=CIRCLE('',#10711,0.00408988281083575);
#558=CIRCLE('',#10712,0.00177469446990869);
#559=CIRCLE('',#10713,0.000826341927974895);
#560=CIRCLE('',#10714,0.000647001405133668);
#561=CIRCLE('',#10715,0.000815323060039681);
#562=CIRCLE('',#10716,0.00192410030070934);
#563=CIRCLE('',#10717,0.00129419672562293);
#564=CIRCLE('',#10718,0.00361940902505803);
#565=CIRCLE('',#10719,0.00086047888361305);
#566=CIRCLE('',#10720,0.00129053328909642);
#567=CIRCLE('',#10721,0.00103148173035118);
#568=CIRCLE('',#10722,0.00135544592716581);
#569=CIRCLE('',#10723,0.00101649014504972);
#570=CIRCLE('',#10724,0.00267660808624031);
#571=CIRCLE('',#10725,0.00257578518936944);
#572=CIRCLE('',#10726,0.000433887257872958);
#573=CIRCLE('',#10727,0.00130904229413718);
#574=CIRCLE('',#10728,0.00110161940534066);
#575=CIRCLE('',#10729,0.000890486961074486);
#576=CIRCLE('',#10730,0.00111666898078293);
#577=CIRCLE('',#10731,0.00126616019786341);
#578=CIRCLE('',#10732,0.000429758212088095);
#579=CIRCLE('',#10733,0.000460126246341171);
#580=CIRCLE('',#10734,0.000261347394662835);
#581=CIRCLE('',#10735,0.000385724328902914);
#582=CIRCLE('',#10736,0.00227377557600598);
#583=CIRCLE('',#10737,0.000234063195835869);
#584=CIRCLE('',#10738,0.000411599056552916);
#585=CIRCLE('',#10739,0.00131504615635755);
#586=CIRCLE('',#10740,0.000773368867448876);
#587=CIRCLE('',#10741,0.00137525265279362);
#588=CIRCLE('',#10742,0.000998696086586519);
#589=CIRCLE('',#10743,0.000982541402619549);
#590=CIRCLE('',#10744,0.00248966559667372);
#591=CIRCLE('',#10745,0.0031842571853736);
#592=CIRCLE('',#10746,0.00325954629216493);
#593=CIRCLE('',#10747,0.000188640605756994);
#594=CIRCLE('',#10748,0.000189958271711643);
#595=CIRCLE('',#10749,0.000188640605761035);
#596=CIRCLE('',#10750,0.000188640605765665);
#597=CIRCLE('',#10751,0.000190627154368254);
#598=CIRCLE('',#10752,0.000188640605761018);
#599=CIRCLE('',#10753,0.000189958271712241);
#600=CIRCLE('',#10754,0.000190627154359491);
#601=CIRCLE('',#10755,0.00126616019788026);
#602=CIRCLE('',#10756,0.000429758212137699);
#603=CIRCLE('',#10757,0.00046012624634798);
#604=CIRCLE('',#10758,0.000261347394659597);
#605=CIRCLE('',#10759,0.000385724328931624);
#606=CIRCLE('',#10760,0.00227377557604469);
#607=CIRCLE('',#10761,0.000234063195840725);
#608=CIRCLE('',#10762,0.000411599056564023);
#609=CIRCLE('',#10763,0.000196789334088409);
#610=CIRCLE('',#10764,0.000955022318712504);
#611=CIRCLE('',#10765,0.000619892388160767);
#612=CIRCLE('',#10766,0.000902680388613064);
#613=CIRCLE('',#10767,0.195256963185463);
#614=CIRCLE('',#10768,0.000805489937091668);
#615=CIRCLE('',#10769,0.00186485030526665);
#616=CIRCLE('',#10770,0.00132853464790161);
#617=CIRCLE('',#10771,0.000934452187985429);
#618=CIRCLE('',#10772,0.00127280168763374);
#619=CIRCLE('',#10773,0.00111591048385543);
#620=CIRCLE('',#10774,0.000321746476932407);
#621=CIRCLE('',#10775,0.00391594817791036);
#622=CIRCLE('',#10776,0.00138324294062494);
#623=CIRCLE('',#10777,0.000517322426194658);
#624=CIRCLE('',#10778,0.000449293057046201);
#625=CIRCLE('',#10779,0.000833594663858466);
#626=CIRCLE('',#10780,0.00658613509457509);
#627=CIRCLE('',#10781,0.00533973761140861);
#628=CIRCLE('',#10782,0.000810242868260679);
#629=CIRCLE('',#10783,0.00047862413285813);
#630=CIRCLE('',#10784,0.00194712487091791);
#631=CIRCLE('',#10785,0.0052104138480448);
#632=CIRCLE('',#10786,0.00437398369270711);
#633=CIRCLE('',#10798,0.00193137024892945);
#634=CIRCLE('',#10799,0.00225);
#635=CIRCLE('',#10801,0.00225);
#636=CIRCLE('',#10803,0.00193137024892945);
#637=CIRCLE('',#10809,0.00437398369270711);
#638=CIRCLE('',#10864,0.0127012555358782);
#639=CIRCLE('',#10865,0.0127012555358782);
#640=CIRCLE('',#10867,0.00205060742264678);
#641=CIRCLE('',#10868,0.00205060742264678);
#642=CIRCLE('',#10870,0.000523296184198808);
#643=CIRCLE('',#10871,0.000523296184198808);
#644=CIRCLE('',#10873,0.000222448269159347);
#645=CIRCLE('',#10874,0.000222448269159347);
#646=CIRCLE('',#10876,0.00044019112928099);
#647=CIRCLE('',#10877,0.00044019112928099);
#648=CIRCLE('',#10879,0.00416583875423122);
#649=CIRCLE('',#10880,0.00416583875423122);
#650=CIRCLE('',#10882,0.0048070468931965);
#651=CIRCLE('',#10883,0.0048070468931965);
#652=CIRCLE('',#10885,0.000533297057937236);
#653=CIRCLE('',#10886,0.000533297057937236);
#654=CIRCLE('',#10888,0.000250936256737892);
#655=CIRCLE('',#10889,0.000250936256737892);
#656=CIRCLE('',#10891,0.000473787820645862);
#657=CIRCLE('',#10892,0.000473787820645862);
#658=CIRCLE('',#10894,0.00191334958112231);
#659=CIRCLE('',#10895,0.00191334958112231);
#660=CIRCLE('',#10902,0.0052104138480448);
#661=CIRCLE('',#10904,0.00194712487091791);
#662=CIRCLE('',#10906,0.00047862413285813);
#663=CIRCLE('',#10908,0.000810242868260679);
#664=CIRCLE('',#10910,0.00533973761140861);
#665=CIRCLE('',#10912,0.00658613509457509);
#666=CIRCLE('',#10914,0.000833594663858466);
#667=CIRCLE('',#10916,0.000449293057046201);
#668=CIRCLE('',#10918,0.000517322426194658);
#669=CIRCLE('',#10920,0.00138324294062494);
#670=CIRCLE('',#10922,0.00391594817791036);
#671=CIRCLE('',#10924,0.00862220240291138);
#672=CIRCLE('',#10925,0.00862220240291138);
#673=CIRCLE('',#10929,0.0013438926608766);
#674=CIRCLE('',#10930,0.0013438926608766);
#675=CIRCLE('',#10932,0.000887357541545839);
#676=CIRCLE('',#10933,0.000887357541545839);
#677=CIRCLE('',#10935,0.000199747352602615);
#678=CIRCLE('',#10936,0.000199747352602615);
#679=CIRCLE('',#10938,0.000249901922806928);
#680=CIRCLE('',#10939,0.000249901922806928);
#681=CIRCLE('',#10941,0.000321746476932407);
#682=CIRCLE('',#10943,0.00111591048385543);
#683=CIRCLE('',#10945,0.00127280168763374);
#684=CIRCLE('',#10947,0.000934452187985429);
#685=CIRCLE('',#10949,0.00132853464790161);
#686=CIRCLE('',#10952,0.00186485030526665);
#687=CIRCLE('',#10954,0.000805489937091668);
#688=CIRCLE('',#10959,0.000196789334088409);
#689=CIRCLE('',#10965,0.195256963185463);
#690=CIRCLE('',#10967,0.000902680388613064);
#691=CIRCLE('',#10969,0.000619892388160767);
#692=CIRCLE('',#10978,0.000955022318712504);
#693=CIRCLE('',#10981,0.000411599056564023);
#694=CIRCLE('',#10983,0.000234063195840725);
#695=CIRCLE('',#10988,0.00227377557604469);
#696=CIRCLE('',#10990,0.000385724328931624);
#697=CIRCLE('',#10992,0.000261347394659597);
#698=CIRCLE('',#10994,0.00046012624634798);
#699=CIRCLE('',#10996,0.000429758212137699);
#700=CIRCLE('',#11001,0.00126616019788026);
#701=CIRCLE('',#11013,0.000188640605756994);
#702=CIRCLE('',#11015,0.000190627154359491);
#703=CIRCLE('',#11017,0.000189958271712241);
#704=CIRCLE('',#11019,0.000188640605761018);
#705=CIRCLE('',#11021,0.000190627154368254);
#706=CIRCLE('',#11023,0.000188640605765665);
#707=CIRCLE('',#11025,0.000188640605761035);
#708=CIRCLE('',#11027,0.000189958271711643);
#709=CIRCLE('',#11030,0.00131504615635755);
#710=CIRCLE('',#11032,0.00325954629216493);
#711=CIRCLE('',#11039,0.0031842571853736);
#712=CIRCLE('',#11041,0.00248966559667372);
#713=CIRCLE('',#11043,0.000982541402619549);
#714=CIRCLE('',#11045,0.000998696086586519);
#715=CIRCLE('',#11047,0.00137525265279362);
#716=CIRCLE('',#11049,0.000927622015699105);
#717=CIRCLE('',#11050,0.000927622015699105);
#718=CIRCLE('',#11052,0.00146077608952041);
#719=CIRCLE('',#11053,0.00146077608952041);
#720=CIRCLE('',#11055,0.000475191627774805);
#721=CIRCLE('',#11056,0.000475191627774805);
#722=CIRCLE('',#11058,0.00145252229398267);
#723=CIRCLE('',#11059,0.00145252229398267);
#724=CIRCLE('',#11062,0.000775688029967374);
#725=CIRCLE('',#11063,0.000775688029967374);
#726=CIRCLE('',#11065,0.000773368867448876);
#727=CIRCLE('',#11069,0.000411599056552916);
#728=CIRCLE('',#11071,0.000234063195835869);
#729=CIRCLE('',#11076,0.00227377557600598);
#730=CIRCLE('',#11078,0.000385724328902914);
#731=CIRCLE('',#11080,0.000261347394662835);
#732=CIRCLE('',#11082,0.000460126246341171);
#733=CIRCLE('',#11084,0.000429758212088095);
#734=CIRCLE('',#11089,0.00126616019786341);
#735=CIRCLE('',#11092,0.000506477084919188);
#736=CIRCLE('',#11093,0.000506477084919188);
#737=CIRCLE('',#11096,0.000250502950854778);
#738=CIRCLE('',#11097,0.000250502950854778);
#739=CIRCLE('',#11099,0.00137189548211218);
#740=CIRCLE('',#11100,0.00137189548211218);
#741=CIRCLE('',#11102,0.000486717049092727);
#742=CIRCLE('',#11103,0.000486717049092727);
#743=CIRCLE('',#11109,0.00111666898078293);
#744=CIRCLE('',#11111,0.000890486961074486);
#745=CIRCLE('',#11113,0.00110161940534066);
#746=CIRCLE('',#11115,0.00130904229413718);
#747=CIRCLE('',#11117,0.000433887257872958);
#748=CIRCLE('',#11122,0.000528507907385118);
#749=CIRCLE('',#11123,0.000528507907385118);
#750=CIRCLE('',#11136,0.00257578518936944);
#751=CIRCLE('',#11138,0.00267660808624031);
#752=CIRCLE('',#11143,0.00101649014504972);
#753=CIRCLE('',#11145,0.00135544592716581);
#754=CIRCLE('',#11147,0.00103148173035118);
#755=CIRCLE('',#11149,0.00129053328909642);
#756=CIRCLE('',#11151,0.00086047888361305);
#757=CIRCLE('',#11156,0.00361940902505803);
#758=CIRCLE('',#11158,0.00129419672562293);
#759=CIRCLE('',#11189,0.00192410030070934);
#760=CIRCLE('',#11191,0.000815323060039681);
#761=CIRCLE('',#11193,0.000647001405133668);
#762=CIRCLE('',#11195,0.000826341927974895);
#763=CIRCLE('',#11197,0.00177469446990869);
#764=CIRCLE('',#11199,0.00408988281083575);
#765=CIRCLE('',#11202,0.00343943128068583);
#766=CIRCLE('',#11204,0.000649105073384741);
#767=CIRCLE('',#11206,0.000927042848409321);
#768=CIRCLE('',#11208,0.00212511388347605);
#769=CIRCLE('',#11210,0.0181258134782451);
#770=CIRCLE('',#11212,0.0181258134656883);
#771=CIRCLE('',#11214,0.00212511388355142);
#772=CIRCLE('',#11216,0.000927042848409892);
#773=CIRCLE('',#11218,0.000649105073382972);
#774=CIRCLE('',#11220,0.00343943128069324);
#775=CIRCLE('',#11223,0.00408988281085362);
#776=CIRCLE('',#11225,0.00167644199417851);
#777=CIRCLE('',#11227,0.000811538915839775);
#778=CIRCLE('',#11229,0.000663924335921257);
#779=CIRCLE('',#11231,0.000904741814136003);
#780=CIRCLE('',#11233,0.00224395028861187);
#781=CIRCLE('',#11236,0.00238442632110718);
#782=CIRCLE('',#11238,0.00066929885447037);
#783=CIRCLE('',#11240,0.000375220477792929);
#784=CIRCLE('',#11242,0.000506024887373029);
#785=CIRCLE('',#11244,0.00142365537931278);
#786=CIRCLE('',#11246,0.0052070541036534);
#787=CIRCLE('',#11249,0.00514364422952081);
#788=CIRCLE('',#11251,0.00100520763285326);
#789=CIRCLE('',#11253,0.000378764286738377);
#790=CIRCLE('',#11255,0.000578444659610121);
#791=CIRCLE('',#11257,0.0021146830853929);
#792=CIRCLE('',#11259,0.0202740619770955);
#793=CIRCLE('',#11261,0.0249511130797392);
#794=CIRCLE('',#11263,0.00205753717369198);
#795=CIRCLE('',#11265,0.000568755092218658);
#796=CIRCLE('',#11267,0.00038498266662513);
#797=CIRCLE('',#11269,0.00100520763285587);
#798=CIRCLE('',#11271,0.00514364422951654);
#799=CIRCLE('',#11274,0.00487862962549103);
#800=CIRCLE('',#11276,0.000393837253933858);
#801=CIRCLE('',#11316,0.00192410030062782);
#802=CIRCLE('',#11318,0.000815323060183);
#803=CIRCLE('',#11320,0.000647001405222737);
#804=CIRCLE('',#11322,0.000826341927980868);
#805=CIRCLE('',#11324,0.00177469446997112);
#806=CIRCLE('',#11326,0.00408988281087649);
#807=CIRCLE('',#11329,0.00343943128071132);
#808=CIRCLE('',#11331,0.000649105073396772);
#809=CIRCLE('',#11333,0.000927042848469433);
#810=CIRCLE('',#11335,0.00212511388380028);
#811=CIRCLE('',#11337,0.0181258134678619);
#812=CIRCLE('',#11339,0.0181258134802797);
#813=CIRCLE('',#11341,0.00212511388386521);
#814=CIRCLE('',#11343,0.000927042848476973);
#815=CIRCLE('',#11345,0.000649105073397217);
#816=CIRCLE('',#11347,0.00343943128074078);
#817=CIRCLE('',#11350,0.00408988281090703);
#818=CIRCLE('',#11352,0.00167644199422242);
#819=CIRCLE('',#11354,0.000811538915829073);
#820=CIRCLE('',#11356,0.000663924335990147);
#821=CIRCLE('',#11358,0.000904741814262728);
#822=CIRCLE('',#11360,0.00224395028855496);
#823=CIRCLE('',#11363,0.00238442632132572);
#824=CIRCLE('',#11365,0.00066929885443927);
#825=CIRCLE('',#11367,0.000375220477739839);
#826=CIRCLE('',#11369,0.000506024887397413);
#827=CIRCLE('',#11371,0.00142365537932901);
#828=CIRCLE('',#11373,0.00520705410372934);
#829=CIRCLE('',#11376,0.00514364422950743);
#830=CIRCLE('',#11378,0.00100520763286097);
#831=CIRCLE('',#11380,0.000378764286758357);
#832=CIRCLE('',#11382,0.000578444659447593);
#833=CIRCLE('',#11384,0.00211468308526342);
#834=CIRCLE('',#11386,0.0202740619676763);
#835=CIRCLE('',#11388,0.0249511130650914);
#836=CIRCLE('',#11390,0.0020575371737218);
#837=CIRCLE('',#11392,0.000568755092230361);
#838=CIRCLE('',#11394,0.000384982666638938);
#839=CIRCLE('',#11396,0.00100520763289702);
#840=CIRCLE('',#11398,0.00514364422949185);
#841=CIRCLE('',#11401,0.00487862962548713);
#842=CIRCLE('',#11403,0.000393837253923944);
#843=CIRCLE('',#11406,0.00511238490941573);
#844=CIRCLE('',#11407,0.00511238490941573);
#845=CIRCLE('',#11410,0.00514364422953693);
#846=CIRCLE('',#11411,0.00514364422953693);
#847=CIRCLE('',#11413,0.00100520763286594);
#848=CIRCLE('',#11414,0.00100520763286594);
#849=CIRCLE('',#11416,0.000378764286776791);
#850=CIRCLE('',#11417,0.000378764286776791);
#851=CIRCLE('',#11419,0.000578444659512004);
#852=CIRCLE('',#11420,0.000578444659512004);
#853=CIRCLE('',#11422,0.00211468308513047);
#854=CIRCLE('',#11423,0.00211468308513047);
#855=CIRCLE('',#11425,0.0202740619750495);
#856=CIRCLE('',#11426,0.0202740619750495);
#857=CIRCLE('',#11428,0.0249511130686623);
#858=CIRCLE('',#11429,0.0249511130686623);
#859=CIRCLE('',#11431,0.00205753717340058);
#860=CIRCLE('',#11432,0.00205753717340058);
#861=CIRCLE('',#11434,0.000568755092214068);
#862=CIRCLE('',#11435,0.000568755092214068);
#863=CIRCLE('',#11437,0.000384982666646002);
#864=CIRCLE('',#11438,0.000384982666646002);
#865=CIRCLE('',#11440,0.00100520763290586);
#866=CIRCLE('',#11441,0.00100520763290586);
#867=CIRCLE('',#11443,0.00514364422952104);
#868=CIRCLE('',#11444,0.00514364422952104);
#869=CIRCLE('',#11447,0.00514364422956732);
#870=CIRCLE('',#11448,0.00514364422956732);
#871=CIRCLE('',#11450,0.000993715496849756);
#872=CIRCLE('',#11451,0.000993715496849756);
#873=CIRCLE('',#11453,0.000385447929054174);
#874=CIRCLE('',#11454,0.000385447929054174);
#875=CIRCLE('',#11456,0.00056875509220286);
#876=CIRCLE('',#11457,0.00056875509220286);
#877=CIRCLE('',#11459,0.00211468308504012);
#878=CIRCLE('',#11460,0.00211468308504012);
#879=CIRCLE('',#11462,0.0202740619728783);
#880=CIRCLE('',#11463,0.0202740619728783);
#881=CIRCLE('',#11465,0.0202740619672892);
#882=CIRCLE('',#11466,0.0202740619672892);
#883=CIRCLE('',#11468,0.00211468308502543);
#884=CIRCLE('',#11469,0.00211468308502543);
#885=CIRCLE('',#11471,0.000568755092228249);
#886=CIRCLE('',#11472,0.000568755092228249);
#887=CIRCLE('',#11474,0.000384982666639806);
#888=CIRCLE('',#11475,0.000384982666639806);
#889=CIRCLE('',#11477,0.00343943128076603);
#890=CIRCLE('',#11480,0.00343943128071762);
#891=CIRCLE('',#11482,0.000649105073388393);
#892=CIRCLE('',#11484,0.000927042848449815);
#893=CIRCLE('',#11486,0.0021251138835444);
#894=CIRCLE('',#11488,0.0181258134860416);
#895=CIRCLE('',#11490,0.0181258134857263);
#896=CIRCLE('',#11492,0.00212511388354533);
#897=CIRCLE('',#11494,0.000927042848449783);
#898=CIRCLE('',#11496,0.000649105073388001);
#899=CIRCLE('',#11498,0.00343943128072126);
#900=CIRCLE('',#11501,0.00343943128072423);
#901=CIRCLE('',#11503,0.000641059590895306);
#902=CIRCLE('',#11505,0.000940101108100748);
#903=CIRCLE('',#11507,0.0021751068988787);
#904=CIRCLE('',#11509,0.015655506983656);
#905=CIRCLE('',#11511,0.0156555069840599);
#906=CIRCLE('',#11513,0.00217510689879917);
#907=CIRCLE('',#11515,0.000940101108079259);
#908=CIRCLE('',#11517,0.000641059590897474);
#909=CIRCLE('',#11519,0.00100520763285413);
#910=CIRCLE('',#11520,0.00100520763285413);
#911=CIRCLE('',#11539,0.00425);
#912=CIRCLE('',#11546,0.00425);
#913=CONTEXT_DEPENDENT_SHAPE_REPRESENTATION(#923,#18366);
#914=CONTEXT_DEPENDENT_SHAPE_REPRESENTATION(#924,#18368);
#915=CONTEXT_DEPENDENT_SHAPE_REPRESENTATION(#925,#18370);
#916=CONTEXT_DEPENDENT_SHAPE_REPRESENTATION(#926,#18372);
#917=CONTEXT_DEPENDENT_SHAPE_REPRESENTATION(#927,#18374);
#918=NEXT_ASSEMBLY_USAGE_OCCURRENCE('NAUO1','Part 1','Part 1',#18375,#18376,
'');
#919=NEXT_ASSEMBLY_USAGE_OCCURRENCE('NAUO2','Part 1','Part 1',#18375,#18377,
'');
#920=NEXT_ASSEMBLY_USAGE_OCCURRENCE('NAUO3','Part 1','Part 1',#18375,#18378,
'');
#921=NEXT_ASSEMBLY_USAGE_OCCURRENCE('NAUO4','Part 1','Part 1',#18375,#18379,
'');
#922=NEXT_ASSEMBLY_USAGE_OCCURRENCE('NAUO5','Part 1','Part 1',#18375,#18380,
'');
#923=(
REPRESENTATION_RELATIONSHIP(' ',' ',#10599,#10598)
REPRESENTATION_RELATIONSHIP_WITH_TRANSFORMATION(#928)
SHAPE_REPRESENTATION_RELATIONSHIP()
);
#924=(
REPRESENTATION_RELATIONSHIP(' ',' ',#10600,#10598)
REPRESENTATION_RELATIONSHIP_WITH_TRANSFORMATION(#929)
SHAPE_REPRESENTATION_RELATIONSHIP()
);
#925=(
REPRESENTATION_RELATIONSHIP(' ',' ',#10601,#10598)
REPRESENTATION_RELATIONSHIP_WITH_TRANSFORMATION(#930)
SHAPE_REPRESENTATION_RELATIONSHIP()
);
#926=(
REPRESENTATION_RELATIONSHIP(' ',' ',#10602,#10598)
REPRESENTATION_RELATIONSHIP_WITH_TRANSFORMATION(#931)
SHAPE_REPRESENTATION_RELATIONSHIP()
);
#927=(
REPRESENTATION_RELATIONSHIP(' ',' ',#10603,#10598)
REPRESENTATION_RELATIONSHIP_WITH_TRANSFORMATION(#932)
SHAPE_REPRESENTATION_RELATIONSHIP()
);
#928=ITEM_DEFINED_TRANSFORMATION(' ',' ',#10604,#10611);
#929=ITEM_DEFINED_TRANSFORMATION(' ',' ',#10604,#11523);
#930=ITEM_DEFINED_TRANSFORMATION(' ',' ',#10604,#11530);
#931=ITEM_DEFINED_TRANSFORMATION(' ',' ',#10604,#11537);
#932=ITEM_DEFINED_TRANSFORMATION(' ',' ',#10604,#11552);
#933=SHAPE_REPRESENTATION_RELATIONSHIP('','',#10599,#938);
#934=SHAPE_REPRESENTATION_RELATIONSHIP('','',#10600,#939);
#935=SHAPE_REPRESENTATION_RELATIONSHIP('','',#10601,#940);
#936=SHAPE_REPRESENTATION_RELATIONSHIP('','',#10602,#941);
#937=SHAPE_REPRESENTATION_RELATIONSHIP('','',#10603,#942);
#938=ADVANCED_BREP_SHAPE_REPRESENTATION('',(#10587),#18350);
#939=ADVANCED_BREP_SHAPE_REPRESENTATION('',(#10588),#18351);
#940=ADVANCED_BREP_SHAPE_REPRESENTATION('',(#10589),#18352);
#941=ADVANCED_BREP_SHAPE_REPRESENTATION('',(#10590),#18353);
#942=ADVANCED_BREP_SHAPE_REPRESENTATION('',(#10591),#18354);
#943=ORIENTED_EDGE('',*,*,#4051,.T.);
#944=ORIENTED_EDGE('',*,*,#4052,.F.);
#945=ORIENTED_EDGE('',*,*,#4053,.F.);
#946=ORIENTED_EDGE('',*,*,#4054,.T.);
#947=ORIENTED_EDGE('',*,*,#4055,.F.);
#948=ORIENTED_EDGE('',*,*,#4054,.F.);
#949=ORIENTED_EDGE('',*,*,#4056,.T.);
#950=ORIENTED_EDGE('',*,*,#4057,.T.);
#951=ORIENTED_EDGE('',*,*,#4058,.F.);
#952=ORIENTED_EDGE('',*,*,#4057,.F.);
#953=ORIENTED_EDGE('',*,*,#4059,.T.);
#954=ORIENTED_EDGE('',*,*,#4060,.T.);
#955=ORIENTED_EDGE('',*,*,#4061,.T.);
#956=ORIENTED_EDGE('',*,*,#4060,.F.);
#957=ORIENTED_EDGE('',*,*,#4062,.F.);
#958=ORIENTED_EDGE('',*,*,#4052,.T.);
#959=ORIENTED_EDGE('',*,*,#4053,.T.);
#960=ORIENTED_EDGE('',*,*,#4062,.T.);
#961=ORIENTED_EDGE('',*,*,#4059,.F.);
#962=ORIENTED_EDGE('',*,*,#4056,.F.);
#963=ORIENTED_EDGE('',*,*,#4051,.F.);
#964=ORIENTED_EDGE('',*,*,#4055,.T.);
#965=ORIENTED_EDGE('',*,*,#4058,.T.);
#966=ORIENTED_EDGE('',*,*,#4061,.F.);
#967=ORIENTED_EDGE('',*,*,#4063,.T.);
#968=ORIENTED_EDGE('',*,*,#4064,.T.);
#969=ORIENTED_EDGE('',*,*,#4065,.T.);
#970=ORIENTED_EDGE('',*,*,#4066,.T.);
#971=ORIENTED_EDGE('',*,*,#4067,.T.);
#972=ORIENTED_EDGE('',*,*,#4068,.T.);
#973=ORIENTED_EDGE('',*,*,#4069,.T.);
#974=ORIENTED_EDGE('',*,*,#4070,.T.);
#975=ORIENTED_EDGE('',*,*,#4071,.T.);
#976=ORIENTED_EDGE('',*,*,#4072,.T.);
#977=ORIENTED_EDGE('',*,*,#4073,.T.);
#978=ORIENTED_EDGE('',*,*,#4074,.T.);
#979=ORIENTED_EDGE('',*,*,#4075,.T.);
#980=ORIENTED_EDGE('',*,*,#4076,.T.);
#981=ORIENTED_EDGE('',*,*,#4077,.T.);
#982=ORIENTED_EDGE('',*,*,#4078,.T.);
#983=ORIENTED_EDGE('',*,*,#4079,.T.);
#984=ORIENTED_EDGE('',*,*,#4080,.T.);
#985=ORIENTED_EDGE('',*,*,#4081,.T.);
#986=ORIENTED_EDGE('',*,*,#4082,.T.);
#987=ORIENTED_EDGE('',*,*,#4083,.T.);
#988=ORIENTED_EDGE('',*,*,#4084,.T.);
#989=ORIENTED_EDGE('',*,*,#4085,.T.);
#990=ORIENTED_EDGE('',*,*,#4086,.T.);
#991=ORIENTED_EDGE('',*,*,#4087,.T.);
#992=ORIENTED_EDGE('',*,*,#4088,.T.);
#993=ORIENTED_EDGE('',*,*,#4089,.T.);
#994=ORIENTED_EDGE('',*,*,#4090,.T.);
#995=ORIENTED_EDGE('',*,*,#4091,.T.);
#996=ORIENTED_EDGE('',*,*,#4092,.T.);
#997=ORIENTED_EDGE('',*,*,#4093,.T.);
#998=ORIENTED_EDGE('',*,*,#4094,.T.);
#999=ORIENTED_EDGE('',*,*,#4095,.T.);
#1000=ORIENTED_EDGE('',*,*,#4096,.T.);
#1001=ORIENTED_EDGE('',*,*,#4097,.T.);
#1002=ORIENTED_EDGE('',*,*,#4098,.T.);
#1003=ORIENTED_EDGE('',*,*,#4099,.T.);
#1004=ORIENTED_EDGE('',*,*,#4100,.T.);
#1005=ORIENTED_EDGE('',*,*,#4101,.T.);
#1006=ORIENTED_EDGE('',*,*,#4102,.T.);
#1007=ORIENTED_EDGE('',*,*,#4103,.T.);
#1008=ORIENTED_EDGE('',*,*,#4104,.T.);
#1009=ORIENTED_EDGE('',*,*,#4105,.T.);
#1010=ORIENTED_EDGE('',*,*,#4106,.T.);
#1011=ORIENTED_EDGE('',*,*,#4107,.T.);
#1012=ORIENTED_EDGE('',*,*,#4108,.T.);
#1013=ORIENTED_EDGE('',*,*,#4109,.T.);
#1014=ORIENTED_EDGE('',*,*,#4110,.T.);
#1015=ORIENTED_EDGE('',*,*,#4111,.T.);
#1016=ORIENTED_EDGE('',*,*,#4112,.T.);
#1017=ORIENTED_EDGE('',*,*,#4113,.T.);
#1018=ORIENTED_EDGE('',*,*,#4114,.T.);
#1019=ORIENTED_EDGE('',*,*,#4115,.T.);
#1020=ORIENTED_EDGE('',*,*,#4116,.T.);
#1021=ORIENTED_EDGE('',*,*,#4117,.T.);
#1022=ORIENTED_EDGE('',*,*,#4118,.T.);
#1023=ORIENTED_EDGE('',*,*,#4119,.T.);
#1024=ORIENTED_EDGE('',*,*,#4120,.T.);
#1025=ORIENTED_EDGE('',*,*,#4121,.T.);
#1026=ORIENTED_EDGE('',*,*,#4122,.T.);
#1027=ORIENTED_EDGE('',*,*,#4123,.T.);
#1028=ORIENTED_EDGE('',*,*,#4124,.T.);
#1029=ORIENTED_EDGE('',*,*,#4125,.T.);
#1030=ORIENTED_EDGE('',*,*,#4126,.T.);
#1031=ORIENTED_EDGE('',*,*,#4127,.T.);
#1032=ORIENTED_EDGE('',*,*,#4128,.T.);
#1033=ORIENTED_EDGE('',*,*,#4129,.T.);
#1034=ORIENTED_EDGE('',*,*,#4130,.T.);
#1035=ORIENTED_EDGE('',*,*,#4131,.T.);
#1036=ORIENTED_EDGE('',*,*,#4132,.T.);
#1037=ORIENTED_EDGE('',*,*,#4133,.T.);
#1038=ORIENTED_EDGE('',*,*,#4134,.T.);
#1039=ORIENTED_EDGE('',*,*,#4135,.T.);
#1040=ORIENTED_EDGE('',*,*,#4136,.T.);
#1041=ORIENTED_EDGE('',*,*,#4137,.T.);
#1042=ORIENTED_EDGE('',*,*,#4138,.T.);
#1043=ORIENTED_EDGE('',*,*,#4139,.T.);
#1044=ORIENTED_EDGE('',*,*,#4140,.T.);
#1045=ORIENTED_EDGE('',*,*,#4141,.T.);
#1046=ORIENTED_EDGE('',*,*,#4142,.T.);
#1047=ORIENTED_EDGE('',*,*,#4143,.T.);
#1048=ORIENTED_EDGE('',*,*,#4144,.T.);
#1049=ORIENTED_EDGE('',*,*,#4145,.T.);
#1050=ORIENTED_EDGE('',*,*,#4146,.T.);
#1051=ORIENTED_EDGE('',*,*,#4147,.T.);
#1052=ORIENTED_EDGE('',*,*,#4148,.T.);
#1053=ORIENTED_EDGE('',*,*,#4149,.T.);
#1054=ORIENTED_EDGE('',*,*,#4150,.T.);
#1055=ORIENTED_EDGE('',*,*,#4151,.T.);
#1056=ORIENTED_EDGE('',*,*,#4152,.T.);
#1057=ORIENTED_EDGE('',*,*,#4153,.T.);
#1058=ORIENTED_EDGE('',*,*,#4154,.T.);
#1059=ORIENTED_EDGE('',*,*,#4155,.T.);
#1060=ORIENTED_EDGE('',*,*,#4156,.T.);
#1061=ORIENTED_EDGE('',*,*,#4157,.T.);
#1062=ORIENTED_EDGE('',*,*,#4158,.T.);
#1063=ORIENTED_EDGE('',*,*,#4159,.T.);
#1064=ORIENTED_EDGE('',*,*,#4160,.T.);
#1065=ORIENTED_EDGE('',*,*,#4161,.T.);
#1066=ORIENTED_EDGE('',*,*,#4162,.T.);
#1067=ORIENTED_EDGE('',*,*,#4163,.T.);
#1068=ORIENTED_EDGE('',*,*,#4164,.T.);
#1069=ORIENTED_EDGE('',*,*,#4165,.T.);
#1070=ORIENTED_EDGE('',*,*,#4166,.T.);
#1071=ORIENTED_EDGE('',*,*,#4167,.T.);
#1072=ORIENTED_EDGE('',*,*,#4168,.T.);
#1073=ORIENTED_EDGE('',*,*,#4169,.T.);
#1074=ORIENTED_EDGE('',*,*,#4170,.T.);
#1075=ORIENTED_EDGE('',*,*,#4171,.T.);
#1076=ORIENTED_EDGE('',*,*,#4172,.T.);
#1077=ORIENTED_EDGE('',*,*,#4173,.T.);
#1078=ORIENTED_EDGE('',*,*,#4174,.T.);
#1079=ORIENTED_EDGE('',*,*,#4175,.T.);
#1080=ORIENTED_EDGE('',*,*,#4176,.T.);
#1081=ORIENTED_EDGE('',*,*,#4177,.T.);
#1082=ORIENTED_EDGE('',*,*,#4178,.T.);
#1083=ORIENTED_EDGE('',*,*,#4179,.T.);
#1084=ORIENTED_EDGE('',*,*,#4180,.T.);
#1085=ORIENTED_EDGE('',*,*,#4181,.T.);
#1086=ORIENTED_EDGE('',*,*,#4182,.T.);
#1087=ORIENTED_EDGE('',*,*,#4183,.T.);
#1088=ORIENTED_EDGE('',*,*,#4184,.T.);
#1089=ORIENTED_EDGE('',*,*,#4185,.T.);
#1090=ORIENTED_EDGE('',*,*,#4186,.T.);
#1091=ORIENTED_EDGE('',*,*,#4187,.T.);
#1092=ORIENTED_EDGE('',*,*,#4188,.T.);
#1093=ORIENTED_EDGE('',*,*,#4189,.T.);
#1094=ORIENTED_EDGE('',*,*,#4190,.T.);
#1095=ORIENTED_EDGE('',*,*,#4191,.T.);
#1096=ORIENTED_EDGE('',*,*,#4192,.T.);
#1097=ORIENTED_EDGE('',*,*,#4193,.T.);
#1098=ORIENTED_EDGE('',*,*,#4194,.T.);
#1099=ORIENTED_EDGE('',*,*,#4195,.T.);
#1100=ORIENTED_EDGE('',*,*,#4196,.T.);
#1101=ORIENTED_EDGE('',*,*,#4197,.T.);
#1102=ORIENTED_EDGE('',*,*,#4198,.T.);
#1103=ORIENTED_EDGE('',*,*,#4199,.T.);
#1104=ORIENTED_EDGE('',*,*,#4200,.T.);
#1105=ORIENTED_EDGE('',*,*,#4201,.T.);
#1106=ORIENTED_EDGE('',*,*,#4202,.T.);
#1107=ORIENTED_EDGE('',*,*,#4203,.T.);
#1108=ORIENTED_EDGE('',*,*,#4204,.T.);
#1109=ORIENTED_EDGE('',*,*,#4205,.T.);
#1110=ORIENTED_EDGE('',*,*,#4206,.T.);
#1111=ORIENTED_EDGE('',*,*,#4207,.T.);
#1112=ORIENTED_EDGE('',*,*,#4208,.T.);
#1113=ORIENTED_EDGE('',*,*,#4209,.T.);
#1114=ORIENTED_EDGE('',*,*,#4210,.T.);
#1115=ORIENTED_EDGE('',*,*,#4211,.T.);
#1116=ORIENTED_EDGE('',*,*,#4212,.T.);
#1117=ORIENTED_EDGE('',*,*,#4213,.T.);
#1118=ORIENTED_EDGE('',*,*,#4214,.T.);
#1119=ORIENTED_EDGE('',*,*,#4215,.T.);
#1120=ORIENTED_EDGE('',*,*,#4216,.T.);
#1121=ORIENTED_EDGE('',*,*,#4217,.T.);
#1122=ORIENTED_EDGE('',*,*,#4218,.T.);
#1123=ORIENTED_EDGE('',*,*,#4219,.T.);
#1124=ORIENTED_EDGE('',*,*,#4220,.T.);
#1125=ORIENTED_EDGE('',*,*,#4221,.T.);
#1126=ORIENTED_EDGE('',*,*,#4222,.T.);
#1127=ORIENTED_EDGE('',*,*,#4223,.T.);
#1128=ORIENTED_EDGE('',*,*,#4224,.T.);
#1129=ORIENTED_EDGE('',*,*,#4225,.T.);
#1130=ORIENTED_EDGE('',*,*,#4226,.T.);
#1131=ORIENTED_EDGE('',*,*,#4227,.T.);
#1132=ORIENTED_EDGE('',*,*,#4228,.T.);
#1133=ORIENTED_EDGE('',*,*,#4229,.T.);
#1134=ORIENTED_EDGE('',*,*,#4230,.T.);
#1135=ORIENTED_EDGE('',*,*,#4231,.T.);
#1136=ORIENTED_EDGE('',*,*,#4232,.T.);
#1137=ORIENTED_EDGE('',*,*,#4233,.T.);
#1138=ORIENTED_EDGE('',*,*,#4234,.T.);
#1139=ORIENTED_EDGE('',*,*,#4235,.T.);
#1140=ORIENTED_EDGE('',*,*,#4236,.T.);
#1141=ORIENTED_EDGE('',*,*,#4237,.T.);
#1142=ORIENTED_EDGE('',*,*,#4238,.T.);
#1143=ORIENTED_EDGE('',*,*,#4239,.T.);
#1144=ORIENTED_EDGE('',*,*,#4240,.T.);
#1145=ORIENTED_EDGE('',*,*,#4241,.T.);
#1146=ORIENTED_EDGE('',*,*,#4242,.T.);
#1147=ORIENTED_EDGE('',*,*,#4243,.T.);
#1148=ORIENTED_EDGE('',*,*,#4244,.T.);
#1149=ORIENTED_EDGE('',*,*,#4245,.T.);
#1150=ORIENTED_EDGE('',*,*,#4246,.T.);
#1151=ORIENTED_EDGE('',*,*,#4247,.T.);
#1152=ORIENTED_EDGE('',*,*,#4248,.T.);
#1153=ORIENTED_EDGE('',*,*,#4249,.T.);
#1154=ORIENTED_EDGE('',*,*,#4250,.T.);
#1155=ORIENTED_EDGE('',*,*,#4251,.T.);
#1156=ORIENTED_EDGE('',*,*,#4252,.T.);
#1157=ORIENTED_EDGE('',*,*,#4253,.T.);
#1158=ORIENTED_EDGE('',*,*,#4254,.T.);
#1159=ORIENTED_EDGE('',*,*,#4255,.T.);
#1160=ORIENTED_EDGE('',*,*,#4256,.T.);
#1161=ORIENTED_EDGE('',*,*,#4257,.T.);
#1162=ORIENTED_EDGE('',*,*,#4258,.T.);
#1163=ORIENTED_EDGE('',*,*,#4259,.T.);
#1164=ORIENTED_EDGE('',*,*,#4260,.T.);
#1165=ORIENTED_EDGE('',*,*,#4261,.T.);
#1166=ORIENTED_EDGE('',*,*,#4262,.T.);
#1167=ORIENTED_EDGE('',*,*,#4263,.T.);
#1168=ORIENTED_EDGE('',*,*,#4264,.T.);
#1169=ORIENTED_EDGE('',*,*,#4265,.T.);
#1170=ORIENTED_EDGE('',*,*,#4266,.T.);
#1171=ORIENTED_EDGE('',*,*,#4267,.T.);
#1172=ORIENTED_EDGE('',*,*,#4268,.T.);
#1173=ORIENTED_EDGE('',*,*,#4269,.T.);
#1174=ORIENTED_EDGE('',*,*,#4270,.T.);
#1175=ORIENTED_EDGE('',*,*,#4271,.T.);
#1176=ORIENTED_EDGE('',*,*,#4272,.T.);
#1177=ORIENTED_EDGE('',*,*,#4273,.T.);
#1178=ORIENTED_EDGE('',*,*,#4274,.T.);
#1179=ORIENTED_EDGE('',*,*,#4275,.T.);
#1180=ORIENTED_EDGE('',*,*,#4276,.T.);
#1181=ORIENTED_EDGE('',*,*,#4277,.T.);
#1182=ORIENTED_EDGE('',*,*,#4278,.T.);
#1183=ORIENTED_EDGE('',*,*,#4279,.T.);
#1184=ORIENTED_EDGE('',*,*,#4280,.T.);
#1185=ORIENTED_EDGE('',*,*,#4281,.T.);
#1186=ORIENTED_EDGE('',*,*,#4282,.T.);
#1187=ORIENTED_EDGE('',*,*,#4283,.T.);
#1188=ORIENTED_EDGE('',*,*,#4284,.T.);
#1189=ORIENTED_EDGE('',*,*,#4285,.T.);
#1190=ORIENTED_EDGE('',*,*,#4286,.T.);
#1191=ORIENTED_EDGE('',*,*,#4287,.T.);
#1192=ORIENTED_EDGE('',*,*,#4288,.T.);
#1193=ORIENTED_EDGE('',*,*,#4289,.T.);
#1194=ORIENTED_EDGE('',*,*,#4290,.T.);
#1195=ORIENTED_EDGE('',*,*,#4291,.T.);
#1196=ORIENTED_EDGE('',*,*,#4292,.T.);
#1197=ORIENTED_EDGE('',*,*,#4293,.T.);
#1198=ORIENTED_EDGE('',*,*,#4294,.T.);
#1199=ORIENTED_EDGE('',*,*,#4295,.T.);
#1200=ORIENTED_EDGE('',*,*,#4296,.T.);
#1201=ORIENTED_EDGE('',*,*,#4297,.T.);
#1202=ORIENTED_EDGE('',*,*,#4298,.T.);
#1203=ORIENTED_EDGE('',*,*,#4299,.T.);
#1204=ORIENTED_EDGE('',*,*,#4300,.T.);
#1205=ORIENTED_EDGE('',*,*,#4301,.T.);
#1206=ORIENTED_EDGE('',*,*,#4302,.T.);
#1207=ORIENTED_EDGE('',*,*,#4303,.T.);
#1208=ORIENTED_EDGE('',*,*,#4304,.T.);
#1209=ORIENTED_EDGE('',*,*,#4305,.T.);
#1210=ORIENTED_EDGE('',*,*,#4306,.T.);
#1211=ORIENTED_EDGE('',*,*,#4307,.T.);
#1212=ORIENTED_EDGE('',*,*,#4308,.T.);
#1213=ORIENTED_EDGE('',*,*,#4309,.T.);
#1214=ORIENTED_EDGE('',*,*,#4310,.T.);
#1215=ORIENTED_EDGE('',*,*,#4311,.T.);
#1216=ORIENTED_EDGE('',*,*,#4312,.T.);
#1217=ORIENTED_EDGE('',*,*,#4313,.T.);
#1218=ORIENTED_EDGE('',*,*,#4314,.T.);
#1219=ORIENTED_EDGE('',*,*,#4315,.T.);
#1220=ORIENTED_EDGE('',*,*,#4316,.T.);
#1221=ORIENTED_EDGE('',*,*,#4317,.T.);
#1222=ORIENTED_EDGE('',*,*,#4318,.T.);
#1223=ORIENTED_EDGE('',*,*,#4319,.T.);
#1224=ORIENTED_EDGE('',*,*,#4320,.T.);
#1225=ORIENTED_EDGE('',*,*,#4321,.T.);
#1226=ORIENTED_EDGE('',*,*,#4322,.T.);
#1227=ORIENTED_EDGE('',*,*,#4323,.T.);
#1228=ORIENTED_EDGE('',*,*,#4324,.T.);
#1229=ORIENTED_EDGE('',*,*,#4325,.T.);
#1230=ORIENTED_EDGE('',*,*,#4326,.T.);
#1231=ORIENTED_EDGE('',*,*,#4327,.T.);
#1232=ORIENTED_EDGE('',*,*,#4328,.T.);
#1233=ORIENTED_EDGE('',*,*,#4329,.T.);
#1234=ORIENTED_EDGE('',*,*,#4330,.T.);
#1235=ORIENTED_EDGE('',*,*,#4331,.T.);
#1236=ORIENTED_EDGE('',*,*,#4332,.T.);
#1237=ORIENTED_EDGE('',*,*,#4333,.T.);
#1238=ORIENTED_EDGE('',*,*,#4334,.T.);
#1239=ORIENTED_EDGE('',*,*,#4335,.T.);
#1240=ORIENTED_EDGE('',*,*,#4336,.T.);
#1241=ORIENTED_EDGE('',*,*,#4337,.T.);
#1242=ORIENTED_EDGE('',*,*,#4338,.T.);
#1243=ORIENTED_EDGE('',*,*,#4339,.T.);
#1244=ORIENTED_EDGE('',*,*,#4340,.T.);
#1245=ORIENTED_EDGE('',*,*,#4341,.T.);
#1246=ORIENTED_EDGE('',*,*,#4342,.T.);
#1247=ORIENTED_EDGE('',*,*,#4343,.T.);
#1248=ORIENTED_EDGE('',*,*,#4344,.T.);
#1249=ORIENTED_EDGE('',*,*,#4345,.T.);
#1250=ORIENTED_EDGE('',*,*,#4346,.T.);
#1251=ORIENTED_EDGE('',*,*,#4347,.T.);
#1252=ORIENTED_EDGE('',*,*,#4348,.T.);
#1253=ORIENTED_EDGE('',*,*,#4349,.T.);
#1254=ORIENTED_EDGE('',*,*,#4350,.T.);
#1255=ORIENTED_EDGE('',*,*,#4351,.T.);
#1256=ORIENTED_EDGE('',*,*,#4352,.T.);
#1257=ORIENTED_EDGE('',*,*,#4353,.T.);
#1258=ORIENTED_EDGE('',*,*,#4354,.T.);
#1259=ORIENTED_EDGE('',*,*,#4355,.T.);
#1260=ORIENTED_EDGE('',*,*,#4356,.T.);
#1261=ORIENTED_EDGE('',*,*,#4357,.T.);
#1262=ORIENTED_EDGE('',*,*,#4358,.T.);
#1263=ORIENTED_EDGE('',*,*,#4359,.T.);
#1264=ORIENTED_EDGE('',*,*,#4360,.T.);
#1265=ORIENTED_EDGE('',*,*,#4361,.T.);
#1266=ORIENTED_EDGE('',*,*,#4362,.T.);
#1267=ORIENTED_EDGE('',*,*,#4363,.T.);
#1268=ORIENTED_EDGE('',*,*,#4364,.T.);
#1269=ORIENTED_EDGE('',*,*,#4365,.T.);
#1270=ORIENTED_EDGE('',*,*,#4366,.T.);
#1271=ORIENTED_EDGE('',*,*,#4367,.T.);
#1272=ORIENTED_EDGE('',*,*,#4368,.T.);
#1273=ORIENTED_EDGE('',*,*,#4369,.T.);
#1274=ORIENTED_EDGE('',*,*,#4370,.T.);
#1275=ORIENTED_EDGE('',*,*,#4371,.T.);
#1276=ORIENTED_EDGE('',*,*,#4372,.T.);
#1277=ORIENTED_EDGE('',*,*,#4373,.T.);
#1278=ORIENTED_EDGE('',*,*,#4374,.T.);
#1279=ORIENTED_EDGE('',*,*,#4375,.T.);
#1280=ORIENTED_EDGE('',*,*,#4376,.T.);
#1281=ORIENTED_EDGE('',*,*,#4377,.T.);
#1282=ORIENTED_EDGE('',*,*,#4378,.T.);
#1283=ORIENTED_EDGE('',*,*,#4379,.T.);
#1284=ORIENTED_EDGE('',*,*,#4380,.T.);
#1285=ORIENTED_EDGE('',*,*,#4381,.T.);
#1286=ORIENTED_EDGE('',*,*,#4382,.T.);
#1287=ORIENTED_EDGE('',*,*,#4383,.T.);
#1288=ORIENTED_EDGE('',*,*,#4384,.T.);
#1289=ORIENTED_EDGE('',*,*,#4385,.T.);
#1290=ORIENTED_EDGE('',*,*,#4386,.T.);
#1291=ORIENTED_EDGE('',*,*,#4387,.T.);
#1292=ORIENTED_EDGE('',*,*,#4388,.T.);
#1293=ORIENTED_EDGE('',*,*,#4389,.T.);
#1294=ORIENTED_EDGE('',*,*,#4390,.T.);
#1295=ORIENTED_EDGE('',*,*,#4391,.T.);
#1296=ORIENTED_EDGE('',*,*,#4392,.T.);
#1297=ORIENTED_EDGE('',*,*,#4393,.T.);
#1298=ORIENTED_EDGE('',*,*,#4394,.T.);
#1299=ORIENTED_EDGE('',*,*,#4395,.T.);
#1300=ORIENTED_EDGE('',*,*,#4396,.T.);
#1301=ORIENTED_EDGE('',*,*,#4397,.T.);
#1302=ORIENTED_EDGE('',*,*,#4398,.T.);
#1303=ORIENTED_EDGE('',*,*,#4399,.T.);
#1304=ORIENTED_EDGE('',*,*,#4400,.T.);
#1305=ORIENTED_EDGE('',*,*,#4401,.T.);
#1306=ORIENTED_EDGE('',*,*,#4402,.T.);
#1307=ORIENTED_EDGE('',*,*,#4403,.T.);
#1308=ORIENTED_EDGE('',*,*,#4404,.T.);
#1309=ORIENTED_EDGE('',*,*,#4405,.T.);
#1310=ORIENTED_EDGE('',*,*,#4406,.T.);
#1311=ORIENTED_EDGE('',*,*,#4407,.T.);
#1312=ORIENTED_EDGE('',*,*,#4408,.T.);
#1313=ORIENTED_EDGE('',*,*,#4409,.T.);
#1314=ORIENTED_EDGE('',*,*,#4410,.T.);
#1315=ORIENTED_EDGE('',*,*,#4411,.T.);
#1316=ORIENTED_EDGE('',*,*,#4412,.T.);
#1317=ORIENTED_EDGE('',*,*,#4413,.T.);
#1318=ORIENTED_EDGE('',*,*,#4414,.T.);
#1319=ORIENTED_EDGE('',*,*,#4415,.T.);
#1320=ORIENTED_EDGE('',*,*,#4416,.T.);
#1321=ORIENTED_EDGE('',*,*,#4417,.T.);
#1322=ORIENTED_EDGE('',*,*,#4418,.T.);
#1323=ORIENTED_EDGE('',*,*,#4419,.T.);
#1324=ORIENTED_EDGE('',*,*,#4420,.T.);
#1325=ORIENTED_EDGE('',*,*,#4421,.T.);
#1326=ORIENTED_EDGE('',*,*,#4422,.T.);
#1327=ORIENTED_EDGE('',*,*,#4423,.T.);
#1328=ORIENTED_EDGE('',*,*,#4424,.T.);
#1329=ORIENTED_EDGE('',*,*,#4425,.T.);
#1330=ORIENTED_EDGE('',*,*,#4426,.T.);
#1331=ORIENTED_EDGE('',*,*,#4427,.T.);
#1332=ORIENTED_EDGE('',*,*,#4428,.T.);
#1333=ORIENTED_EDGE('',*,*,#4429,.T.);
#1334=ORIENTED_EDGE('',*,*,#4430,.T.);
#1335=ORIENTED_EDGE('',*,*,#4431,.F.);
#1336=ORIENTED_EDGE('',*,*,#4432,.T.);
#1337=ORIENTED_EDGE('',*,*,#4433,.T.);
#1338=ORIENTED_EDGE('',*,*,#4434,.F.);
#1339=ORIENTED_EDGE('',*,*,#4435,.T.);
#1340=ORIENTED_EDGE('',*,*,#4436,.F.);
#1341=ORIENTED_EDGE('',*,*,#4437,.F.);
#1342=ORIENTED_EDGE('',*,*,#4438,.F.);
#1343=ORIENTED_EDGE('',*,*,#4439,.F.);
#1344=ORIENTED_EDGE('',*,*,#4440,.F.);
#1345=ORIENTED_EDGE('',*,*,#4441,.T.);
#1346=ORIENTED_EDGE('',*,*,#4442,.T.);
#1347=ORIENTED_EDGE('',*,*,#4443,.T.);
#1348=ORIENTED_EDGE('',*,*,#4444,.T.);
#1349=ORIENTED_EDGE('',*,*,#4445,.T.);
#1350=ORIENTED_EDGE('',*,*,#4446,.T.);
#1351=ORIENTED_EDGE('',*,*,#4447,.T.);
#1352=ORIENTED_EDGE('',*,*,#4448,.F.);
#1353=ORIENTED_EDGE('',*,*,#4449,.T.);
#1354=ORIENTED_EDGE('',*,*,#4450,.F.);
#1355=ORIENTED_EDGE('',*,*,#4451,.F.);
#1356=ORIENTED_EDGE('',*,*,#4452,.T.);
#1357=ORIENTED_EDGE('',*,*,#4453,.T.);
#1358=ORIENTED_EDGE('',*,*,#4454,.F.);
#1359=ORIENTED_EDGE('',*,*,#4455,.F.);
#1360=ORIENTED_EDGE('',*,*,#4449,.F.);
#1361=ORIENTED_EDGE('',*,*,#4456,.F.);
#1362=ORIENTED_EDGE('',*,*,#4443,.F.);
#1363=ORIENTED_EDGE('',*,*,#4457,.F.);
#1364=ORIENTED_EDGE('',*,*,#4458,.F.);
#1365=ORIENTED_EDGE('',*,*,#4459,.F.);
#1366=ORIENTED_EDGE('',*,*,#4460,.T.);
#1367=ORIENTED_EDGE('',*,*,#4454,.T.);
#1368=ORIENTED_EDGE('',*,*,#4461,.T.);
#1369=ORIENTED_EDGE('',*,*,#4462,.T.);
#1370=ORIENTED_EDGE('',*,*,#4445,.F.);
#1371=ORIENTED_EDGE('',*,*,#4463,.F.);
#1372=ORIENTED_EDGE('',*,*,#4464,.T.);
#1373=ORIENTED_EDGE('',*,*,#4465,.F.);
#1374=ORIENTED_EDGE('',*,*,#4466,.F.);
#1375=ORIENTED_EDGE('',*,*,#4467,.F.);
#1376=ORIENTED_EDGE('',*,*,#4439,.T.);
#1377=ORIENTED_EDGE('',*,*,#4468,.T.);
#1378=ORIENTED_EDGE('',*,*,#4469,.T.);
#1379=ORIENTED_EDGE('',*,*,#4470,.T.);
#1380=ORIENTED_EDGE('',*,*,#4471,.T.);
#1381=ORIENTED_EDGE('',*,*,#4472,.T.);
#1382=ORIENTED_EDGE('',*,*,#4473,.T.);
#1383=ORIENTED_EDGE('',*,*,#4474,.T.);
#1384=ORIENTED_EDGE('',*,*,#4475,.T.);
#1385=ORIENTED_EDGE('',*,*,#4476,.T.);
#1386=ORIENTED_EDGE('',*,*,#4477,.T.);
#1387=ORIENTED_EDGE('',*,*,#4478,.T.);
#1388=ORIENTED_EDGE('',*,*,#4479,.T.);
#1389=ORIENTED_EDGE('',*,*,#4480,.T.);
#1390=ORIENTED_EDGE('',*,*,#4463,.T.);
#1391=ORIENTED_EDGE('',*,*,#4453,.F.);
#1392=ORIENTED_EDGE('',*,*,#4481,.T.);
#1393=ORIENTED_EDGE('',*,*,#4482,.F.);
#1394=ORIENTED_EDGE('',*,*,#4483,.T.);
#1395=ORIENTED_EDGE('',*,*,#4484,.T.);
#1396=ORIENTED_EDGE('',*,*,#4485,.F.);
#1397=ORIENTED_EDGE('',*,*,#4486,.F.);
#1398=ORIENTED_EDGE('',*,*,#4487,.T.);
#1399=ORIENTED_EDGE('',*,*,#4488,.T.);
#1400=ORIENTED_EDGE('',*,*,#4489,.T.);
#1401=ORIENTED_EDGE('',*,*,#4490,.T.);
#1402=ORIENTED_EDGE('',*,*,#4491,.T.);
#1403=ORIENTED_EDGE('',*,*,#4492,.T.);
#1404=ORIENTED_EDGE('',*,*,#4493,.F.);
#1405=ORIENTED_EDGE('',*,*,#4494,.T.);
#1406=ORIENTED_EDGE('',*,*,#4495,.T.);
#1407=ORIENTED_EDGE('',*,*,#4496,.F.);
#1408=ORIENTED_EDGE('',*,*,#4497,.T.);
#1409=ORIENTED_EDGE('',*,*,#4498,.T.);
#1410=ORIENTED_EDGE('',*,*,#4499,.T.);
#1411=ORIENTED_EDGE('',*,*,#4500,.F.);
#1412=ORIENTED_EDGE('',*,*,#4501,.F.);
#1413=ORIENTED_EDGE('',*,*,#4502,.F.);
#1414=ORIENTED_EDGE('',*,*,#4465,.T.);
#1415=ORIENTED_EDGE('',*,*,#4503,.T.);
#1416=ORIENTED_EDGE('',*,*,#4504,.T.);
#1417=ORIENTED_EDGE('',*,*,#4505,.T.);
#1418=ORIENTED_EDGE('',*,*,#4506,.T.);
#1419=ORIENTED_EDGE('',*,*,#4507,.T.);
#1420=ORIENTED_EDGE('',*,*,#4508,.T.);
#1421=ORIENTED_EDGE('',*,*,#4509,.T.);
#1422=ORIENTED_EDGE('',*,*,#4510,.T.);
#1423=ORIENTED_EDGE('',*,*,#4511,.T.);
#1424=ORIENTED_EDGE('',*,*,#4512,.T.);
#1425=ORIENTED_EDGE('',*,*,#4513,.T.);
#1426=ORIENTED_EDGE('',*,*,#4514,.T.);
#1427=ORIENTED_EDGE('',*,*,#4503,.F.);
#1428=ORIENTED_EDGE('',*,*,#4464,.F.);
#1429=ORIENTED_EDGE('',*,*,#4480,.F.);
#1430=ORIENTED_EDGE('',*,*,#4515,.F.);
#1431=ORIENTED_EDGE('',*,*,#4514,.F.);
#1432=ORIENTED_EDGE('',*,*,#4516,.F.);
#1433=ORIENTED_EDGE('',*,*,#4469,.F.);
#1434=ORIENTED_EDGE('',*,*,#4517,.F.);
#1435=ORIENTED_EDGE('',*,*,#4509,.F.);
#1436=ORIENTED_EDGE('',*,*,#4518,.F.);
#1437=ORIENTED_EDGE('',*,*,#4474,.F.);
#1438=ORIENTED_EDGE('',*,*,#4519,.T.);
#1439=ORIENTED_EDGE('',*,*,#4510,.F.);
#1440=ORIENTED_EDGE('',*,*,#4519,.F.);
#1441=ORIENTED_EDGE('',*,*,#4473,.F.);
#1442=ORIENTED_EDGE('',*,*,#4520,.T.);
#1443=ORIENTED_EDGE('',*,*,#4521,.T.);
#1444=ORIENTED_EDGE('',*,*,#4511,.F.);
#1445=ORIENTED_EDGE('',*,*,#4520,.F.);
#1446=ORIENTED_EDGE('',*,*,#4472,.F.);
#1447=ORIENTED_EDGE('',*,*,#4522,.T.);
#1448=ORIENTED_EDGE('',*,*,#4507,.F.);
#1449=ORIENTED_EDGE('',*,*,#4523,.F.);
#1450=ORIENTED_EDGE('',*,*,#4476,.F.);
#1451=ORIENTED_EDGE('',*,*,#4524,.T.);
#1452=ORIENTED_EDGE('',*,*,#4508,.F.);
#1453=ORIENTED_EDGE('',*,*,#4524,.F.);
#1454=ORIENTED_EDGE('',*,*,#4475,.F.);
#1455=ORIENTED_EDGE('',*,*,#4518,.T.);
#1456=ORIENTED_EDGE('',*,*,#4512,.F.);
#1457=ORIENTED_EDGE('',*,*,#4522,.F.);
#1458=ORIENTED_EDGE('',*,*,#4471,.F.);
#1459=ORIENTED_EDGE('',*,*,#4525,.T.);
#1460=ORIENTED_EDGE('',*,*,#4513,.F.);
#1461=ORIENTED_EDGE('',*,*,#4525,.F.);
#1462=ORIENTED_EDGE('',*,*,#4470,.F.);
#1463=ORIENTED_EDGE('',*,*,#4516,.T.);
#1464=ORIENTED_EDGE('',*,*,#4468,.F.);
#1465=ORIENTED_EDGE('',*,*,#4438,.T.);
#1466=ORIENTED_EDGE('',*,*,#4526,.T.);
#1467=ORIENTED_EDGE('',*,*,#4497,.F.);
#1468=ORIENTED_EDGE('',*,*,#4517,.T.);
#1469=ORIENTED_EDGE('',*,*,#4504,.F.);
#1470=ORIENTED_EDGE('',*,*,#4515,.T.);
#1471=ORIENTED_EDGE('',*,*,#4479,.F.);
#1472=ORIENTED_EDGE('',*,*,#4527,.T.);
#1473=ORIENTED_EDGE('',*,*,#4505,.F.);
#1474=ORIENTED_EDGE('',*,*,#4527,.F.);
#1475=ORIENTED_EDGE('',*,*,#4478,.F.);
#1476=ORIENTED_EDGE('',*,*,#4528,.T.);
#1477=ORIENTED_EDGE('',*,*,#4506,.F.);
#1478=ORIENTED_EDGE('',*,*,#4528,.F.);
#1479=ORIENTED_EDGE('',*,*,#4477,.F.);
#1480=ORIENTED_EDGE('',*,*,#4523,.T.);
#1481=ORIENTED_EDGE('',*,*,#4431,.T.);
#1482=ORIENTED_EDGE('',*,*,#4521,.F.);
#1483=ORIENTED_EDGE('',*,*,#4529,.T.);
#1484=ORIENTED_EDGE('',*,*,#4530,.T.);
#1485=ORIENTED_EDGE('',*,*,#4531,.F.);
#1486=ORIENTED_EDGE('',*,*,#4532,.T.);
#1487=ORIENTED_EDGE('',*,*,#4531,.T.);
#1488=ORIENTED_EDGE('',*,*,#4533,.T.);
#1489=ORIENTED_EDGE('',*,*,#4534,.T.);
#1490=ORIENTED_EDGE('',*,*,#4535,.F.);
#1491=ORIENTED_EDGE('',*,*,#4536,.T.);
#1492=ORIENTED_EDGE('',*,*,#4537,.T.);
#1493=ORIENTED_EDGE('',*,*,#4535,.T.);
#1494=ORIENTED_EDGE('',*,*,#4538,.T.);
#1495=ORIENTED_EDGE('',*,*,#4432,.F.);
#1496=ORIENTED_EDGE('',*,*,#4539,.T.);
#1497=ORIENTED_EDGE('',*,*,#4434,.T.);
#1498=ORIENTED_EDGE('',*,*,#4540,.T.);
#1499=ORIENTED_EDGE('',*,*,#4541,.T.);
#1500=ORIENTED_EDGE('',*,*,#4542,.T.);
#1501=ORIENTED_EDGE('',*,*,#4543,.T.);
#1502=ORIENTED_EDGE('',*,*,#4544,.T.);
#1503=ORIENTED_EDGE('',*,*,#4545,.T.);
#1504=ORIENTED_EDGE('',*,*,#4546,.T.);
#1505=ORIENTED_EDGE('',*,*,#4547,.T.);
#1506=ORIENTED_EDGE('',*,*,#4548,.T.);
#1507=ORIENTED_EDGE('',*,*,#4458,.T.);
#1508=ORIENTED_EDGE('',*,*,#4549,.T.);
#1509=ORIENTED_EDGE('',*,*,#4550,.T.);
#1510=ORIENTED_EDGE('',*,*,#4551,.T.);
#1511=ORIENTED_EDGE('',*,*,#4552,.T.);
#1512=ORIENTED_EDGE('',*,*,#4553,.F.);
#1513=ORIENTED_EDGE('',*,*,#4554,.T.);
#1514=ORIENTED_EDGE('',*,*,#4553,.T.);
#1515=ORIENTED_EDGE('',*,*,#4555,.T.);
#1516=ORIENTED_EDGE('',*,*,#4556,.T.);
#1517=ORIENTED_EDGE('',*,*,#4529,.F.);
#1518=ORIENTED_EDGE('',*,*,#4557,.T.);
#1519=ORIENTED_EDGE('',*,*,#4558,.T.);
#1520=ORIENTED_EDGE('',*,*,#4559,.T.);
#1521=ORIENTED_EDGE('',*,*,#4560,.T.);
#1522=ORIENTED_EDGE('',*,*,#4561,.T.);
#1523=ORIENTED_EDGE('',*,*,#4562,.T.);
#1524=ORIENTED_EDGE('',*,*,#4563,.T.);
#1525=ORIENTED_EDGE('',*,*,#4564,.T.);
#1526=ORIENTED_EDGE('',*,*,#4565,.T.);
#1527=ORIENTED_EDGE('',*,*,#4566,.T.);
#1528=ORIENTED_EDGE('',*,*,#4550,.F.);
#1529=ORIENTED_EDGE('',*,*,#4567,.T.);
#1530=ORIENTED_EDGE('',*,*,#4568,.T.);
#1531=ORIENTED_EDGE('',*,*,#4569,.T.);
#1532=ORIENTED_EDGE('',*,*,#4462,.F.);
#1533=ORIENTED_EDGE('',*,*,#4570,.T.);
#1534=ORIENTED_EDGE('',*,*,#4571,.T.);
#1535=ORIENTED_EDGE('',*,*,#4551,.F.);
#1536=ORIENTED_EDGE('',*,*,#4572,.T.);
#1537=ORIENTED_EDGE('',*,*,#4573,.T.);
#1538=ORIENTED_EDGE('',*,*,#4561,.F.);
#1539=ORIENTED_EDGE('',*,*,#4574,.T.);
#1540=ORIENTED_EDGE('',*,*,#4565,.F.);
#1541=ORIENTED_EDGE('',*,*,#4575,.F.);
#1542=ORIENTED_EDGE('',*,*,#4544,.F.);
#1543=ORIENTED_EDGE('',*,*,#4576,.F.);
#1544=ORIENTED_EDGE('',*,*,#4541,.F.);
#1545=ORIENTED_EDGE('',*,*,#4577,.T.);
#1546=ORIENTED_EDGE('',*,*,#4536,.F.);
#1547=ORIENTED_EDGE('',*,*,#4539,.F.);
#1548=ORIENTED_EDGE('',*,*,#4578,.F.);
#1549=ORIENTED_EDGE('',*,*,#4491,.F.);
#1550=ORIENTED_EDGE('',*,*,#4579,.F.);
#1551=ORIENTED_EDGE('',*,*,#4575,.T.);
#1552=ORIENTED_EDGE('',*,*,#4569,.F.);
#1553=ORIENTED_EDGE('',*,*,#4580,.F.);
#1554=ORIENTED_EDGE('',*,*,#4545,.F.);
#1555=ORIENTED_EDGE('',*,*,#4581,.F.);
#1556=ORIENTED_EDGE('',*,*,#4542,.F.);
#1557=ORIENTED_EDGE('',*,*,#4576,.T.);
#1558=ORIENTED_EDGE('',*,*,#4547,.F.);
#1559=ORIENTED_EDGE('',*,*,#4582,.F.);
#1560=ORIENTED_EDGE('',*,*,#4543,.F.);
#1561=ORIENTED_EDGE('',*,*,#4581,.T.);
#1562=ORIENTED_EDGE('',*,*,#4583,.F.);
#1563=ORIENTED_EDGE('',*,*,#4492,.F.);
#1564=ORIENTED_EDGE('',*,*,#4578,.T.);
#1565=ORIENTED_EDGE('',*,*,#4435,.F.);
#1566=ORIENTED_EDGE('',*,*,#4579,.T.);
#1567=ORIENTED_EDGE('',*,*,#4490,.F.);
#1568=ORIENTED_EDGE('',*,*,#4584,.F.);
#1569=ORIENTED_EDGE('',*,*,#4557,.F.);
#1570=ORIENTED_EDGE('',*,*,#4532,.F.);
#1571=ORIENTED_EDGE('',*,*,#4537,.F.);
#1572=ORIENTED_EDGE('',*,*,#4580,.T.);
#1573=ORIENTED_EDGE('',*,*,#4568,.F.);
#1574=ORIENTED_EDGE('',*,*,#4585,.F.);
#1575=ORIENTED_EDGE('',*,*,#4487,.F.);
#1576=ORIENTED_EDGE('',*,*,#4583,.T.);
#1577=ORIENTED_EDGE('',*,*,#4582,.T.);
#1578=ORIENTED_EDGE('',*,*,#4546,.F.);
#1579=ORIENTED_EDGE('',*,*,#4584,.T.);
#1580=ORIENTED_EDGE('',*,*,#4489,.F.);
#1581=ORIENTED_EDGE('',*,*,#4586,.F.);
#1582=ORIENTED_EDGE('',*,*,#4572,.F.);
#1583=ORIENTED_EDGE('',*,*,#4554,.F.);
#1584=ORIENTED_EDGE('',*,*,#4558,.F.);
#1585=ORIENTED_EDGE('',*,*,#4450,.T.);
#1586=ORIENTED_EDGE('',*,*,#4455,.T.);
#1587=ORIENTED_EDGE('',*,*,#4460,.F.);
#1588=ORIENTED_EDGE('',*,*,#4573,.F.);
#1589=ORIENTED_EDGE('',*,*,#4586,.T.);
#1590=ORIENTED_EDGE('',*,*,#4488,.F.);
#1591=ORIENTED_EDGE('',*,*,#4585,.T.);
#1592=ORIENTED_EDGE('',*,*,#4567,.F.);
#1593=ORIENTED_EDGE('',*,*,#4549,.F.);
#1594=ORIENTED_EDGE('',*,*,#4457,.T.);
#1595=ORIENTED_EDGE('',*,*,#4442,.F.);
#1596=ORIENTED_EDGE('',*,*,#4587,.T.);
#1597=ORIENTED_EDGE('',*,*,#4540,.F.);
#1598=ORIENTED_EDGE('',*,*,#4433,.F.);
#1599=ORIENTED_EDGE('',*,*,#4588,.F.);
#1600=ORIENTED_EDGE('',*,*,#4562,.F.);
#1601=ORIENTED_EDGE('',*,*,#4577,.F.);
#1602=ORIENTED_EDGE('',*,*,#4538,.F.);
#1603=ORIENTED_EDGE('',*,*,#4534,.F.);
#1604=ORIENTED_EDGE('',*,*,#4589,.F.);
#1605=ORIENTED_EDGE('',*,*,#4563,.F.);
#1606=ORIENTED_EDGE('',*,*,#4588,.T.);
#1607=ORIENTED_EDGE('',*,*,#4530,.F.);
#1608=ORIENTED_EDGE('',*,*,#4556,.F.);
#1609=ORIENTED_EDGE('',*,*,#4590,.F.);
#1610=ORIENTED_EDGE('',*,*,#4564,.F.);
#1611=ORIENTED_EDGE('',*,*,#4589,.T.);
#1612=ORIENTED_EDGE('',*,*,#4533,.F.);
#1613=ORIENTED_EDGE('',*,*,#4552,.F.);
#1614=ORIENTED_EDGE('',*,*,#4571,.F.);
#1615=ORIENTED_EDGE('',*,*,#4591,.F.);
#1616=ORIENTED_EDGE('',*,*,#4559,.F.);
#1617=ORIENTED_EDGE('',*,*,#4590,.T.);
#1618=ORIENTED_EDGE('',*,*,#4555,.F.);
#1619=ORIENTED_EDGE('',*,*,#4461,.F.);
#1620=ORIENTED_EDGE('',*,*,#4456,.T.);
#1621=ORIENTED_EDGE('',*,*,#4448,.T.);
#1622=ORIENTED_EDGE('',*,*,#4592,.F.);
#1623=ORIENTED_EDGE('',*,*,#4444,.F.);
#1624=ORIENTED_EDGE('',*,*,#4459,.T.);
#1625=ORIENTED_EDGE('',*,*,#4548,.F.);
#1626=ORIENTED_EDGE('',*,*,#4566,.F.);
#1627=ORIENTED_EDGE('',*,*,#4574,.F.);
#1628=ORIENTED_EDGE('',*,*,#4560,.F.);
#1629=ORIENTED_EDGE('',*,*,#4591,.T.);
#1630=ORIENTED_EDGE('',*,*,#4570,.F.);
#1631=ORIENTED_EDGE('',*,*,#4486,.T.);
#1632=ORIENTED_EDGE('',*,*,#4481,.F.);
#1633=ORIENTED_EDGE('',*,*,#4482,.T.);
#1634=ORIENTED_EDGE('',*,*,#4593,.T.);
#1635=ORIENTED_EDGE('',*,*,#4494,.F.);
#1636=ORIENTED_EDGE('',*,*,#4594,.F.);
#1637=ORIENTED_EDGE('',*,*,#4594,.T.);
#1638=ORIENTED_EDGE('',*,*,#4493,.T.);
#1639=ORIENTED_EDGE('',*,*,#4595,.F.);
#1640=ORIENTED_EDGE('',*,*,#4483,.F.);
#1641=ORIENTED_EDGE('',*,*,#4595,.T.);
#1642=ORIENTED_EDGE('',*,*,#4496,.T.);
#1643=ORIENTED_EDGE('',*,*,#4596,.F.);
#1644=ORIENTED_EDGE('',*,*,#4484,.F.);
#1645=ORIENTED_EDGE('',*,*,#4485,.T.);
#1646=ORIENTED_EDGE('',*,*,#4596,.T.);
#1647=ORIENTED_EDGE('',*,*,#4495,.F.);
#1648=ORIENTED_EDGE('',*,*,#4593,.F.);
#1649=ORIENTED_EDGE('',*,*,#4467,.T.);
#1650=ORIENTED_EDGE('',*,*,#4452,.F.);
#1651=ORIENTED_EDGE('',*,*,#4597,.F.);
#1652=ORIENTED_EDGE('',*,*,#4440,.T.);
#1653=ORIENTED_EDGE('',*,*,#4500,.T.);
#1654=ORIENTED_EDGE('',*,*,#4598,.T.);
#1655=ORIENTED_EDGE('',*,*,#4599,.T.);
#1656=ORIENTED_EDGE('',*,*,#4600,.F.);
#1657=ORIENTED_EDGE('',*,*,#4499,.F.);
#1658=ORIENTED_EDGE('',*,*,#4601,.T.);
#1659=ORIENTED_EDGE('',*,*,#4602,.F.);
#1660=ORIENTED_EDGE('',*,*,#4598,.F.);
#1661=ORIENTED_EDGE('',*,*,#4603,.F.);
#1662=ORIENTED_EDGE('',*,*,#4501,.T.);
#1663=ORIENTED_EDGE('',*,*,#4600,.T.);
#1664=ORIENTED_EDGE('',*,*,#4604,.T.);
#1665=ORIENTED_EDGE('',*,*,#4441,.F.);
#1666=ORIENTED_EDGE('',*,*,#4597,.T.);
#1667=ORIENTED_EDGE('',*,*,#4451,.T.);
#1668=ORIENTED_EDGE('',*,*,#4587,.F.);
#1669=ORIENTED_EDGE('',*,*,#4602,.T.);
#1670=ORIENTED_EDGE('',*,*,#4605,.T.);
#1671=ORIENTED_EDGE('',*,*,#4604,.F.);
#1672=ORIENTED_EDGE('',*,*,#4599,.F.);
#1673=ORIENTED_EDGE('',*,*,#4605,.F.);
#1674=ORIENTED_EDGE('',*,*,#4601,.F.);
#1675=ORIENTED_EDGE('',*,*,#4606,.F.);
#1676=ORIENTED_EDGE('',*,*,#4607,.T.);
#1677=ORIENTED_EDGE('',*,*,#4608,.T.);
#1678=ORIENTED_EDGE('',*,*,#4603,.T.);
#1679=ORIENTED_EDGE('',*,*,#4526,.F.);
#1680=ORIENTED_EDGE('',*,*,#4609,.F.);
#1681=ORIENTED_EDGE('',*,*,#4606,.T.);
#1682=ORIENTED_EDGE('',*,*,#4498,.F.);
#1683=ORIENTED_EDGE('',*,*,#4592,.T.);
#1684=ORIENTED_EDGE('',*,*,#4447,.F.);
#1685=ORIENTED_EDGE('',*,*,#4610,.F.);
#1686=ORIENTED_EDGE('',*,*,#4436,.T.);
#1687=ORIENTED_EDGE('',*,*,#4611,.T.);
#1688=ORIENTED_EDGE('',*,*,#4466,.T.);
#1689=ORIENTED_EDGE('',*,*,#4502,.T.);
#1690=ORIENTED_EDGE('',*,*,#4608,.F.);
#1691=ORIENTED_EDGE('',*,*,#4607,.F.);
#1692=ORIENTED_EDGE('',*,*,#4609,.T.);
#1693=ORIENTED_EDGE('',*,*,#4437,.T.);
#1694=ORIENTED_EDGE('',*,*,#4610,.T.);
#1695=ORIENTED_EDGE('',*,*,#4446,.F.);
#1696=ORIENTED_EDGE('',*,*,#4611,.F.);
#1697=ORIENTED_EDGE('',*,*,#4612,.F.);
#1698=ORIENTED_EDGE('',*,*,#4613,.F.);
#1699=ORIENTED_EDGE('',*,*,#4614,.T.);
#1700=ORIENTED_EDGE('',*,*,#4615,.T.);
#1701=ORIENTED_EDGE('',*,*,#4616,.F.);
#1702=ORIENTED_EDGE('',*,*,#4617,.F.);
#1703=ORIENTED_EDGE('',*,*,#4618,.T.);
#1704=ORIENTED_EDGE('',*,*,#4613,.T.);
#1705=ORIENTED_EDGE('',*,*,#4619,.F.);
#1706=ORIENTED_EDGE('',*,*,#4620,.F.);
#1707=ORIENTED_EDGE('',*,*,#4621,.T.);
#1708=ORIENTED_EDGE('',*,*,#4617,.T.);
#1709=ORIENTED_EDGE('',*,*,#4622,.F.);
#1710=ORIENTED_EDGE('',*,*,#4623,.F.);
#1711=ORIENTED_EDGE('',*,*,#4624,.T.);
#1712=ORIENTED_EDGE('',*,*,#4620,.T.);
#1713=ORIENTED_EDGE('',*,*,#4625,.F.);
#1714=ORIENTED_EDGE('',*,*,#4626,.F.);
#1715=ORIENTED_EDGE('',*,*,#4627,.T.);
#1716=ORIENTED_EDGE('',*,*,#4623,.T.);
#1717=ORIENTED_EDGE('',*,*,#4628,.F.);
#1718=ORIENTED_EDGE('',*,*,#4629,.F.);
#1719=ORIENTED_EDGE('',*,*,#4630,.T.);
#1720=ORIENTED_EDGE('',*,*,#4626,.T.);
#1721=ORIENTED_EDGE('',*,*,#4631,.F.);
#1722=ORIENTED_EDGE('',*,*,#4632,.F.);
#1723=ORIENTED_EDGE('',*,*,#4633,.T.);
#1724=ORIENTED_EDGE('',*,*,#4629,.T.);
#1725=ORIENTED_EDGE('',*,*,#4634,.F.);
#1726=ORIENTED_EDGE('',*,*,#4635,.F.);
#1727=ORIENTED_EDGE('',*,*,#4636,.T.);
#1728=ORIENTED_EDGE('',*,*,#4632,.T.);
#1729=ORIENTED_EDGE('',*,*,#4637,.F.);
#1730=ORIENTED_EDGE('',*,*,#4638,.F.);
#1731=ORIENTED_EDGE('',*,*,#4639,.T.);
#1732=ORIENTED_EDGE('',*,*,#4635,.T.);
#1733=ORIENTED_EDGE('',*,*,#4640,.F.);
#1734=ORIENTED_EDGE('',*,*,#4641,.F.);
#1735=ORIENTED_EDGE('',*,*,#4642,.T.);
#1736=ORIENTED_EDGE('',*,*,#4638,.T.);
#1737=ORIENTED_EDGE('',*,*,#4643,.F.);
#1738=ORIENTED_EDGE('',*,*,#4644,.F.);
#1739=ORIENTED_EDGE('',*,*,#4645,.T.);
#1740=ORIENTED_EDGE('',*,*,#4641,.T.);
#1741=ORIENTED_EDGE('',*,*,#4646,.F.);
#1742=ORIENTED_EDGE('',*,*,#4647,.F.);
#1743=ORIENTED_EDGE('',*,*,#4648,.T.);
#1744=ORIENTED_EDGE('',*,*,#4644,.T.);
#1745=ORIENTED_EDGE('',*,*,#4649,.F.);
#1746=ORIENTED_EDGE('',*,*,#4650,.F.);
#1747=ORIENTED_EDGE('',*,*,#4651,.T.);
#1748=ORIENTED_EDGE('',*,*,#4647,.T.);
#1749=ORIENTED_EDGE('',*,*,#4652,.F.);
#1750=ORIENTED_EDGE('',*,*,#4653,.F.);
#1751=ORIENTED_EDGE('',*,*,#4654,.T.);
#1752=ORIENTED_EDGE('',*,*,#4650,.T.);
#1753=ORIENTED_EDGE('',*,*,#4414,.F.);
#1754=ORIENTED_EDGE('',*,*,#4655,.F.);
#1755=ORIENTED_EDGE('',*,*,#4656,.T.);
#1756=ORIENTED_EDGE('',*,*,#4657,.T.);
#1757=ORIENTED_EDGE('',*,*,#4430,.F.);
#1758=ORIENTED_EDGE('',*,*,#4658,.F.);
#1759=ORIENTED_EDGE('',*,*,#4659,.T.);
#1760=ORIENTED_EDGE('',*,*,#4655,.T.);
#1761=ORIENTED_EDGE('',*,*,#4429,.F.);
#1762=ORIENTED_EDGE('',*,*,#4660,.F.);
#1763=ORIENTED_EDGE('',*,*,#4661,.T.);
#1764=ORIENTED_EDGE('',*,*,#4658,.T.);
#1765=ORIENTED_EDGE('',*,*,#4428,.F.);
#1766=ORIENTED_EDGE('',*,*,#4662,.F.);
#1767=ORIENTED_EDGE('',*,*,#4663,.T.);
#1768=ORIENTED_EDGE('',*,*,#4660,.T.);
#1769=ORIENTED_EDGE('',*,*,#4427,.F.);
#1770=ORIENTED_EDGE('',*,*,#4664,.F.);
#1771=ORIENTED_EDGE('',*,*,#4665,.T.);
#1772=ORIENTED_EDGE('',*,*,#4662,.T.);
#1773=ORIENTED_EDGE('',*,*,#4426,.F.);
#1774=ORIENTED_EDGE('',*,*,#4666,.F.);
#1775=ORIENTED_EDGE('',*,*,#4667,.T.);
#1776=ORIENTED_EDGE('',*,*,#4664,.T.);
#1777=ORIENTED_EDGE('',*,*,#4425,.F.);
#1778=ORIENTED_EDGE('',*,*,#4668,.F.);
#1779=ORIENTED_EDGE('',*,*,#4669,.T.);
#1780=ORIENTED_EDGE('',*,*,#4666,.T.);
#1781=ORIENTED_EDGE('',*,*,#4424,.F.);
#1782=ORIENTED_EDGE('',*,*,#4670,.F.);
#1783=ORIENTED_EDGE('',*,*,#4671,.T.);
#1784=ORIENTED_EDGE('',*,*,#4668,.T.);
#1785=ORIENTED_EDGE('',*,*,#4423,.F.);
#1786=ORIENTED_EDGE('',*,*,#4672,.F.);
#1787=ORIENTED_EDGE('',*,*,#4673,.T.);
#1788=ORIENTED_EDGE('',*,*,#4670,.T.);
#1789=ORIENTED_EDGE('',*,*,#4422,.F.);
#1790=ORIENTED_EDGE('',*,*,#4674,.F.);
#1791=ORIENTED_EDGE('',*,*,#4675,.T.);
#1792=ORIENTED_EDGE('',*,*,#4672,.T.);
#1793=ORIENTED_EDGE('',*,*,#4421,.F.);
#1794=ORIENTED_EDGE('',*,*,#4676,.F.);
#1795=ORIENTED_EDGE('',*,*,#4677,.T.);
#1796=ORIENTED_EDGE('',*,*,#4674,.T.);
#1797=ORIENTED_EDGE('',*,*,#4420,.F.);
#1798=ORIENTED_EDGE('',*,*,#4678,.F.);
#1799=ORIENTED_EDGE('',*,*,#4679,.T.);
#1800=ORIENTED_EDGE('',*,*,#4676,.T.);
#1801=ORIENTED_EDGE('',*,*,#4419,.F.);
#1802=ORIENTED_EDGE('',*,*,#4680,.F.);
#1803=ORIENTED_EDGE('',*,*,#4681,.T.);
#1804=ORIENTED_EDGE('',*,*,#4678,.T.);
#1805=ORIENTED_EDGE('',*,*,#4418,.F.);
#1806=ORIENTED_EDGE('',*,*,#4682,.F.);
#1807=ORIENTED_EDGE('',*,*,#4683,.T.);
#1808=ORIENTED_EDGE('',*,*,#4680,.T.);
#1809=ORIENTED_EDGE('',*,*,#4417,.F.);
#1810=ORIENTED_EDGE('',*,*,#4684,.F.);
#1811=ORIENTED_EDGE('',*,*,#4685,.T.);
#1812=ORIENTED_EDGE('',*,*,#4682,.T.);
#1813=ORIENTED_EDGE('',*,*,#4416,.F.);
#1814=ORIENTED_EDGE('',*,*,#4686,.F.);
#1815=ORIENTED_EDGE('',*,*,#4687,.T.);
#1816=ORIENTED_EDGE('',*,*,#4684,.T.);
#1817=ORIENTED_EDGE('',*,*,#4415,.F.);
#1818=ORIENTED_EDGE('',*,*,#4657,.F.);
#1819=ORIENTED_EDGE('',*,*,#4688,.T.);
#1820=ORIENTED_EDGE('',*,*,#4686,.T.);
#1821=ORIENTED_EDGE('',*,*,#4689,.F.);
#1822=ORIENTED_EDGE('',*,*,#4615,.F.);
#1823=ORIENTED_EDGE('',*,*,#4690,.T.);
#1824=ORIENTED_EDGE('',*,*,#4653,.T.);
#1825=ORIENTED_EDGE('',*,*,#4656,.F.);
#1826=ORIENTED_EDGE('',*,*,#4659,.F.);
#1827=ORIENTED_EDGE('',*,*,#4661,.F.);
#1828=ORIENTED_EDGE('',*,*,#4663,.F.);
#1829=ORIENTED_EDGE('',*,*,#4665,.F.);
#1830=ORIENTED_EDGE('',*,*,#4667,.F.);
#1831=ORIENTED_EDGE('',*,*,#4669,.F.);
#1832=ORIENTED_EDGE('',*,*,#4671,.F.);
#1833=ORIENTED_EDGE('',*,*,#4673,.F.);
#1834=ORIENTED_EDGE('',*,*,#4675,.F.);
#1835=ORIENTED_EDGE('',*,*,#4677,.F.);
#1836=ORIENTED_EDGE('',*,*,#4679,.F.);
#1837=ORIENTED_EDGE('',*,*,#4681,.F.);
#1838=ORIENTED_EDGE('',*,*,#4683,.F.);
#1839=ORIENTED_EDGE('',*,*,#4685,.F.);
#1840=ORIENTED_EDGE('',*,*,#4687,.F.);
#1841=ORIENTED_EDGE('',*,*,#4688,.F.);
#1842=ORIENTED_EDGE('',*,*,#4614,.F.);
#1843=ORIENTED_EDGE('',*,*,#4618,.F.);
#1844=ORIENTED_EDGE('',*,*,#4621,.F.);
#1845=ORIENTED_EDGE('',*,*,#4624,.F.);
#1846=ORIENTED_EDGE('',*,*,#4627,.F.);
#1847=ORIENTED_EDGE('',*,*,#4630,.F.);
#1848=ORIENTED_EDGE('',*,*,#4633,.F.);
#1849=ORIENTED_EDGE('',*,*,#4636,.F.);
#1850=ORIENTED_EDGE('',*,*,#4639,.F.);
#1851=ORIENTED_EDGE('',*,*,#4642,.F.);
#1852=ORIENTED_EDGE('',*,*,#4645,.F.);
#1853=ORIENTED_EDGE('',*,*,#4648,.F.);
#1854=ORIENTED_EDGE('',*,*,#4651,.F.);
#1855=ORIENTED_EDGE('',*,*,#4654,.F.);
#1856=ORIENTED_EDGE('',*,*,#4690,.F.);
#1857=ORIENTED_EDGE('',*,*,#4612,.T.);
#1858=ORIENTED_EDGE('',*,*,#4689,.T.);
#1859=ORIENTED_EDGE('',*,*,#4652,.T.);
#1860=ORIENTED_EDGE('',*,*,#4649,.T.);
#1861=ORIENTED_EDGE('',*,*,#4646,.T.);
#1862=ORIENTED_EDGE('',*,*,#4643,.T.);
#1863=ORIENTED_EDGE('',*,*,#4640,.T.);
#1864=ORIENTED_EDGE('',*,*,#4637,.T.);
#1865=ORIENTED_EDGE('',*,*,#4634,.T.);
#1866=ORIENTED_EDGE('',*,*,#4631,.T.);
#1867=ORIENTED_EDGE('',*,*,#4628,.T.);
#1868=ORIENTED_EDGE('',*,*,#4625,.T.);
#1869=ORIENTED_EDGE('',*,*,#4622,.T.);
#1870=ORIENTED_EDGE('',*,*,#4619,.T.);
#1871=ORIENTED_EDGE('',*,*,#4616,.T.);
#1872=ORIENTED_EDGE('',*,*,#4691,.F.);
#1873=ORIENTED_EDGE('',*,*,#4692,.F.);
#1874=ORIENTED_EDGE('',*,*,#4693,.T.);
#1875=ORIENTED_EDGE('',*,*,#4694,.T.);
#1876=ORIENTED_EDGE('',*,*,#4695,.F.);
#1877=ORIENTED_EDGE('',*,*,#4696,.F.);
#1878=ORIENTED_EDGE('',*,*,#4697,.T.);
#1879=ORIENTED_EDGE('',*,*,#4692,.T.);
#1880=ORIENTED_EDGE('',*,*,#4698,.F.);
#1881=ORIENTED_EDGE('',*,*,#4699,.F.);
#1882=ORIENTED_EDGE('',*,*,#4700,.T.);
#1883=ORIENTED_EDGE('',*,*,#4696,.T.);
#1884=ORIENTED_EDGE('',*,*,#4701,.F.);
#1885=ORIENTED_EDGE('',*,*,#4702,.F.);
#1886=ORIENTED_EDGE('',*,*,#4703,.T.);
#1887=ORIENTED_EDGE('',*,*,#4699,.T.);
#1888=ORIENTED_EDGE('',*,*,#4704,.F.);
#1889=ORIENTED_EDGE('',*,*,#4705,.F.);
#1890=ORIENTED_EDGE('',*,*,#4706,.T.);
#1891=ORIENTED_EDGE('',*,*,#4702,.T.);
#1892=ORIENTED_EDGE('',*,*,#4707,.F.);
#1893=ORIENTED_EDGE('',*,*,#4708,.F.);
#1894=ORIENTED_EDGE('',*,*,#4709,.T.);
#1895=ORIENTED_EDGE('',*,*,#4705,.T.);
#1896=ORIENTED_EDGE('',*,*,#4397,.F.);
#1897=ORIENTED_EDGE('',*,*,#4710,.F.);
#1898=ORIENTED_EDGE('',*,*,#4711,.T.);
#1899=ORIENTED_EDGE('',*,*,#4712,.T.);
#1900=ORIENTED_EDGE('',*,*,#4413,.F.);
#1901=ORIENTED_EDGE('',*,*,#4713,.F.);
#1902=ORIENTED_EDGE('',*,*,#4714,.T.);
#1903=ORIENTED_EDGE('',*,*,#4710,.T.);
#1904=ORIENTED_EDGE('',*,*,#4412,.F.);
#1905=ORIENTED_EDGE('',*,*,#4715,.F.);
#1906=ORIENTED_EDGE('',*,*,#4716,.T.);
#1907=ORIENTED_EDGE('',*,*,#4713,.T.);
#1908=ORIENTED_EDGE('',*,*,#4411,.F.);
#1909=ORIENTED_EDGE('',*,*,#4717,.F.);
#1910=ORIENTED_EDGE('',*,*,#4718,.T.);
#1911=ORIENTED_EDGE('',*,*,#4715,.T.);
#1912=ORIENTED_EDGE('',*,*,#4410,.F.);
#1913=ORIENTED_EDGE('',*,*,#4719,.F.);
#1914=ORIENTED_EDGE('',*,*,#4720,.T.);
#1915=ORIENTED_EDGE('',*,*,#4717,.T.);
#1916=ORIENTED_EDGE('',*,*,#4409,.F.);
#1917=ORIENTED_EDGE('',*,*,#4721,.F.);
#1918=ORIENTED_EDGE('',*,*,#4722,.T.);
#1919=ORIENTED_EDGE('',*,*,#4719,.T.);
#1920=ORIENTED_EDGE('',*,*,#4408,.F.);
#1921=ORIENTED_EDGE('',*,*,#4723,.F.);
#1922=ORIENTED_EDGE('',*,*,#4724,.T.);
#1923=ORIENTED_EDGE('',*,*,#4721,.T.);
#1924=ORIENTED_EDGE('',*,*,#4407,.F.);
#1925=ORIENTED_EDGE('',*,*,#4725,.F.);
#1926=ORIENTED_EDGE('',*,*,#4726,.T.);
#1927=ORIENTED_EDGE('',*,*,#4723,.T.);
#1928=ORIENTED_EDGE('',*,*,#4406,.F.);
#1929=ORIENTED_EDGE('',*,*,#4727,.F.);
#1930=ORIENTED_EDGE('',*,*,#4728,.T.);
#1931=ORIENTED_EDGE('',*,*,#4725,.T.);
#1932=ORIENTED_EDGE('',*,*,#4405,.F.);
#1933=ORIENTED_EDGE('',*,*,#4729,.F.);
#1934=ORIENTED_EDGE('',*,*,#4730,.T.);
#1935=ORIENTED_EDGE('',*,*,#4727,.T.);
#1936=ORIENTED_EDGE('',*,*,#4404,.F.);
#1937=ORIENTED_EDGE('',*,*,#4731,.F.);
#1938=ORIENTED_EDGE('',*,*,#4732,.T.);
#1939=ORIENTED_EDGE('',*,*,#4729,.T.);
#1940=ORIENTED_EDGE('',*,*,#4403,.F.);
#1941=ORIENTED_EDGE('',*,*,#4733,.F.);
#1942=ORIENTED_EDGE('',*,*,#4734,.T.);
#1943=ORIENTED_EDGE('',*,*,#4731,.T.);
#1944=ORIENTED_EDGE('',*,*,#4402,.F.);
#1945=ORIENTED_EDGE('',*,*,#4735,.F.);
#1946=ORIENTED_EDGE('',*,*,#4736,.T.);
#1947=ORIENTED_EDGE('',*,*,#4733,.T.);
#1948=ORIENTED_EDGE('',*,*,#4401,.F.);
#1949=ORIENTED_EDGE('',*,*,#4737,.F.);
#1950=ORIENTED_EDGE('',*,*,#4738,.T.);
#1951=ORIENTED_EDGE('',*,*,#4735,.T.);
#1952=ORIENTED_EDGE('',*,*,#4400,.F.);
#1953=ORIENTED_EDGE('',*,*,#4739,.F.);
#1954=ORIENTED_EDGE('',*,*,#4740,.T.);
#1955=ORIENTED_EDGE('',*,*,#4737,.T.);
#1956=ORIENTED_EDGE('',*,*,#4399,.F.);
#1957=ORIENTED_EDGE('',*,*,#4741,.F.);
#1958=ORIENTED_EDGE('',*,*,#4742,.T.);
#1959=ORIENTED_EDGE('',*,*,#4739,.T.);
#1960=ORIENTED_EDGE('',*,*,#4398,.F.);
#1961=ORIENTED_EDGE('',*,*,#4712,.F.);
#1962=ORIENTED_EDGE('',*,*,#4743,.T.);
#1963=ORIENTED_EDGE('',*,*,#4741,.T.);
#1964=ORIENTED_EDGE('',*,*,#4744,.F.);
#1965=ORIENTED_EDGE('',*,*,#4694,.F.);
#1966=ORIENTED_EDGE('',*,*,#4745,.T.);
#1967=ORIENTED_EDGE('',*,*,#4708,.T.);
#1968=ORIENTED_EDGE('',*,*,#4711,.F.);
#1969=ORIENTED_EDGE('',*,*,#4714,.F.);
#1970=ORIENTED_EDGE('',*,*,#4716,.F.);
#1971=ORIENTED_EDGE('',*,*,#4718,.F.);
#1972=ORIENTED_EDGE('',*,*,#4720,.F.);
#1973=ORIENTED_EDGE('',*,*,#4722,.F.);
#1974=ORIENTED_EDGE('',*,*,#4724,.F.);
#1975=ORIENTED_EDGE('',*,*,#4726,.F.);
#1976=ORIENTED_EDGE('',*,*,#4728,.F.);
#1977=ORIENTED_EDGE('',*,*,#4730,.F.);
#1978=ORIENTED_EDGE('',*,*,#4732,.F.);
#1979=ORIENTED_EDGE('',*,*,#4734,.F.);
#1980=ORIENTED_EDGE('',*,*,#4736,.F.);
#1981=ORIENTED_EDGE('',*,*,#4738,.F.);
#1982=ORIENTED_EDGE('',*,*,#4740,.F.);
#1983=ORIENTED_EDGE('',*,*,#4742,.F.);
#1984=ORIENTED_EDGE('',*,*,#4743,.F.);
#1985=ORIENTED_EDGE('',*,*,#4693,.F.);
#1986=ORIENTED_EDGE('',*,*,#4697,.F.);
#1987=ORIENTED_EDGE('',*,*,#4700,.F.);
#1988=ORIENTED_EDGE('',*,*,#4703,.F.);
#1989=ORIENTED_EDGE('',*,*,#4706,.F.);
#1990=ORIENTED_EDGE('',*,*,#4709,.F.);
#1991=ORIENTED_EDGE('',*,*,#4745,.F.);
#1992=ORIENTED_EDGE('',*,*,#4691,.T.);
#1993=ORIENTED_EDGE('',*,*,#4744,.T.);
#1994=ORIENTED_EDGE('',*,*,#4707,.T.);
#1995=ORIENTED_EDGE('',*,*,#4704,.T.);
#1996=ORIENTED_EDGE('',*,*,#4701,.T.);
#1997=ORIENTED_EDGE('',*,*,#4698,.T.);
#1998=ORIENTED_EDGE('',*,*,#4695,.T.);
#1999=ORIENTED_EDGE('',*,*,#4375,.F.);
#2000=ORIENTED_EDGE('',*,*,#4746,.F.);
#2001=ORIENTED_EDGE('',*,*,#4747,.T.);
#2002=ORIENTED_EDGE('',*,*,#4748,.T.);
#2003=ORIENTED_EDGE('',*,*,#4396,.F.);
#2004=ORIENTED_EDGE('',*,*,#4749,.F.);
#2005=ORIENTED_EDGE('',*,*,#4750,.T.);
#2006=ORIENTED_EDGE('',*,*,#4746,.T.);
#2007=ORIENTED_EDGE('',*,*,#4395,.F.);
#2008=ORIENTED_EDGE('',*,*,#4751,.F.);
#2009=ORIENTED_EDGE('',*,*,#4752,.T.);
#2010=ORIENTED_EDGE('',*,*,#4749,.T.);
#2011=ORIENTED_EDGE('',*,*,#4394,.F.);
#2012=ORIENTED_EDGE('',*,*,#4753,.F.);
#2013=ORIENTED_EDGE('',*,*,#4754,.T.);
#2014=ORIENTED_EDGE('',*,*,#4751,.T.);
#2015=ORIENTED_EDGE('',*,*,#4393,.F.);
#2016=ORIENTED_EDGE('',*,*,#4755,.F.);
#2017=ORIENTED_EDGE('',*,*,#4756,.T.);
#2018=ORIENTED_EDGE('',*,*,#4753,.T.);
#2019=ORIENTED_EDGE('',*,*,#4392,.F.);
#2020=ORIENTED_EDGE('',*,*,#4757,.F.);
#2021=ORIENTED_EDGE('',*,*,#4758,.T.);
#2022=ORIENTED_EDGE('',*,*,#4755,.T.);
#2023=ORIENTED_EDGE('',*,*,#4391,.F.);
#2024=ORIENTED_EDGE('',*,*,#4759,.F.);
#2025=ORIENTED_EDGE('',*,*,#4760,.T.);
#2026=ORIENTED_EDGE('',*,*,#4757,.T.);
#2027=ORIENTED_EDGE('',*,*,#4390,.F.);
#2028=ORIENTED_EDGE('',*,*,#4761,.F.);
#2029=ORIENTED_EDGE('',*,*,#4762,.T.);
#2030=ORIENTED_EDGE('',*,*,#4759,.T.);
#2031=ORIENTED_EDGE('',*,*,#4389,.F.);
#2032=ORIENTED_EDGE('',*,*,#4763,.F.);
#2033=ORIENTED_EDGE('',*,*,#4764,.T.);
#2034=ORIENTED_EDGE('',*,*,#4761,.T.);
#2035=ORIENTED_EDGE('',*,*,#4388,.F.);
#2036=ORIENTED_EDGE('',*,*,#4765,.F.);
#2037=ORIENTED_EDGE('',*,*,#4766,.T.);
#2038=ORIENTED_EDGE('',*,*,#4763,.T.);
#2039=ORIENTED_EDGE('',*,*,#4387,.F.);
#2040=ORIENTED_EDGE('',*,*,#4767,.F.);
#2041=ORIENTED_EDGE('',*,*,#4768,.T.);
#2042=ORIENTED_EDGE('',*,*,#4765,.T.);
#2043=ORIENTED_EDGE('',*,*,#4386,.F.);
#2044=ORIENTED_EDGE('',*,*,#4769,.F.);
#2045=ORIENTED_EDGE('',*,*,#4770,.T.);
#2046=ORIENTED_EDGE('',*,*,#4767,.T.);
#2047=ORIENTED_EDGE('',*,*,#4385,.F.);
#2048=ORIENTED_EDGE('',*,*,#4771,.F.);
#2049=ORIENTED_EDGE('',*,*,#4772,.T.);
#2050=ORIENTED_EDGE('',*,*,#4769,.T.);
#2051=ORIENTED_EDGE('',*,*,#4384,.F.);
#2052=ORIENTED_EDGE('',*,*,#4773,.F.);
#2053=ORIENTED_EDGE('',*,*,#4774,.T.);
#2054=ORIENTED_EDGE('',*,*,#4771,.T.);
#2055=ORIENTED_EDGE('',*,*,#4383,.F.);
#2056=ORIENTED_EDGE('',*,*,#4775,.F.);
#2057=ORIENTED_EDGE('',*,*,#4776,.T.);
#2058=ORIENTED_EDGE('',*,*,#4773,.T.);
#2059=ORIENTED_EDGE('',*,*,#4382,.F.);
#2060=ORIENTED_EDGE('',*,*,#4777,.F.);
#2061=ORIENTED_EDGE('',*,*,#4778,.T.);
#2062=ORIENTED_EDGE('',*,*,#4775,.T.);
#2063=ORIENTED_EDGE('',*,*,#4381,.F.);
#2064=ORIENTED_EDGE('',*,*,#4779,.F.);
#2065=ORIENTED_EDGE('',*,*,#4780,.T.);
#2066=ORIENTED_EDGE('',*,*,#4777,.T.);
#2067=ORIENTED_EDGE('',*,*,#4380,.F.);
#2068=ORIENTED_EDGE('',*,*,#4781,.F.);
#2069=ORIENTED_EDGE('',*,*,#4782,.T.);
#2070=ORIENTED_EDGE('',*,*,#4779,.T.);
#2071=ORIENTED_EDGE('',*,*,#4379,.F.);
#2072=ORIENTED_EDGE('',*,*,#4783,.F.);
#2073=ORIENTED_EDGE('',*,*,#4784,.T.);
#2074=ORIENTED_EDGE('',*,*,#4781,.T.);
#2075=ORIENTED_EDGE('',*,*,#4378,.F.);
#2076=ORIENTED_EDGE('',*,*,#4785,.F.);
#2077=ORIENTED_EDGE('',*,*,#4786,.T.);
#2078=ORIENTED_EDGE('',*,*,#4783,.T.);
#2079=ORIENTED_EDGE('',*,*,#4377,.F.);
#2080=ORIENTED_EDGE('',*,*,#4787,.F.);
#2081=ORIENTED_EDGE('',*,*,#4788,.T.);
#2082=ORIENTED_EDGE('',*,*,#4785,.T.);
#2083=ORIENTED_EDGE('',*,*,#4376,.F.);
#2084=ORIENTED_EDGE('',*,*,#4748,.F.);
#2085=ORIENTED_EDGE('',*,*,#4789,.T.);
#2086=ORIENTED_EDGE('',*,*,#4787,.T.);
#2087=ORIENTED_EDGE('',*,*,#4747,.F.);
#2088=ORIENTED_EDGE('',*,*,#4750,.F.);
#2089=ORIENTED_EDGE('',*,*,#4752,.F.);
#2090=ORIENTED_EDGE('',*,*,#4754,.F.);
#2091=ORIENTED_EDGE('',*,*,#4756,.F.);
#2092=ORIENTED_EDGE('',*,*,#4758,.F.);
#2093=ORIENTED_EDGE('',*,*,#4760,.F.);
#2094=ORIENTED_EDGE('',*,*,#4762,.F.);
#2095=ORIENTED_EDGE('',*,*,#4764,.F.);
#2096=ORIENTED_EDGE('',*,*,#4766,.F.);
#2097=ORIENTED_EDGE('',*,*,#4768,.F.);
#2098=ORIENTED_EDGE('',*,*,#4770,.F.);
#2099=ORIENTED_EDGE('',*,*,#4772,.F.);
#2100=ORIENTED_EDGE('',*,*,#4774,.F.);
#2101=ORIENTED_EDGE('',*,*,#4776,.F.);
#2102=ORIENTED_EDGE('',*,*,#4778,.F.);
#2103=ORIENTED_EDGE('',*,*,#4780,.F.);
#2104=ORIENTED_EDGE('',*,*,#4782,.F.);
#2105=ORIENTED_EDGE('',*,*,#4784,.F.);
#2106=ORIENTED_EDGE('',*,*,#4786,.F.);
#2107=ORIENTED_EDGE('',*,*,#4788,.F.);
#2108=ORIENTED_EDGE('',*,*,#4789,.F.);
#2109=ORIENTED_EDGE('',*,*,#4349,.F.);
#2110=ORIENTED_EDGE('',*,*,#4790,.F.);
#2111=ORIENTED_EDGE('',*,*,#4791,.T.);
#2112=ORIENTED_EDGE('',*,*,#4792,.T.);
#2113=ORIENTED_EDGE('',*,*,#4374,.F.);
#2114=ORIENTED_EDGE('',*,*,#4793,.F.);
#2115=ORIENTED_EDGE('',*,*,#4794,.T.);
#2116=ORIENTED_EDGE('',*,*,#4790,.T.);
#2117=ORIENTED_EDGE('',*,*,#4373,.F.);
#2118=ORIENTED_EDGE('',*,*,#4795,.F.);
#2119=ORIENTED_EDGE('',*,*,#4796,.T.);
#2120=ORIENTED_EDGE('',*,*,#4793,.T.);
#2121=ORIENTED_EDGE('',*,*,#4372,.F.);
#2122=ORIENTED_EDGE('',*,*,#4797,.F.);
#2123=ORIENTED_EDGE('',*,*,#4798,.T.);
#2124=ORIENTED_EDGE('',*,*,#4795,.T.);
#2125=ORIENTED_EDGE('',*,*,#4371,.F.);
#2126=ORIENTED_EDGE('',*,*,#4799,.F.);
#2127=ORIENTED_EDGE('',*,*,#4800,.T.);
#2128=ORIENTED_EDGE('',*,*,#4797,.T.);
#2129=ORIENTED_EDGE('',*,*,#4370,.F.);
#2130=ORIENTED_EDGE('',*,*,#4801,.F.);
#2131=ORIENTED_EDGE('',*,*,#4802,.T.);
#2132=ORIENTED_EDGE('',*,*,#4799,.T.);
#2133=ORIENTED_EDGE('',*,*,#4369,.F.);
#2134=ORIENTED_EDGE('',*,*,#4803,.F.);
#2135=ORIENTED_EDGE('',*,*,#4804,.T.);
#2136=ORIENTED_EDGE('',*,*,#4801,.T.);
#2137=ORIENTED_EDGE('',*,*,#4368,.F.);
#2138=ORIENTED_EDGE('',*,*,#4805,.F.);
#2139=ORIENTED_EDGE('',*,*,#4806,.T.);
#2140=ORIENTED_EDGE('',*,*,#4803,.T.);
#2141=ORIENTED_EDGE('',*,*,#4367,.F.);
#2142=ORIENTED_EDGE('',*,*,#4807,.F.);
#2143=ORIENTED_EDGE('',*,*,#4808,.T.);
#2144=ORIENTED_EDGE('',*,*,#4805,.T.);
#2145=ORIENTED_EDGE('',*,*,#4366,.F.);
#2146=ORIENTED_EDGE('',*,*,#4809,.F.);
#2147=ORIENTED_EDGE('',*,*,#4810,.T.);
#2148=ORIENTED_EDGE('',*,*,#4807,.T.);
#2149=ORIENTED_EDGE('',*,*,#4365,.F.);
#2150=ORIENTED_EDGE('',*,*,#4811,.F.);
#2151=ORIENTED_EDGE('',*,*,#4812,.T.);
#2152=ORIENTED_EDGE('',*,*,#4809,.T.);
#2153=ORIENTED_EDGE('',*,*,#4364,.F.);
#2154=ORIENTED_EDGE('',*,*,#4813,.F.);
#2155=ORIENTED_EDGE('',*,*,#4814,.T.);
#2156=ORIENTED_EDGE('',*,*,#4811,.T.);
#2157=ORIENTED_EDGE('',*,*,#4363,.F.);
#2158=ORIENTED_EDGE('',*,*,#4815,.F.);
#2159=ORIENTED_EDGE('',*,*,#4816,.T.);
#2160=ORIENTED_EDGE('',*,*,#4813,.T.);
#2161=ORIENTED_EDGE('',*,*,#4362,.F.);
#2162=ORIENTED_EDGE('',*,*,#4817,.F.);
#2163=ORIENTED_EDGE('',*,*,#4818,.T.);
#2164=ORIENTED_EDGE('',*,*,#4815,.T.);
#2165=ORIENTED_EDGE('',*,*,#4361,.F.);
#2166=ORIENTED_EDGE('',*,*,#4819,.F.);
#2167=ORIENTED_EDGE('',*,*,#4820,.T.);
#2168=ORIENTED_EDGE('',*,*,#4817,.T.);
#2169=ORIENTED_EDGE('',*,*,#4360,.F.);
#2170=ORIENTED_EDGE('',*,*,#4821,.F.);
#2171=ORIENTED_EDGE('',*,*,#4822,.T.);
#2172=ORIENTED_EDGE('',*,*,#4819,.T.);
#2173=ORIENTED_EDGE('',*,*,#4359,.F.);
#2174=ORIENTED_EDGE('',*,*,#4823,.F.);
#2175=ORIENTED_EDGE('',*,*,#4824,.T.);
#2176=ORIENTED_EDGE('',*,*,#4821,.T.);
#2177=ORIENTED_EDGE('',*,*,#4358,.F.);
#2178=ORIENTED_EDGE('',*,*,#4825,.F.);
#2179=ORIENTED_EDGE('',*,*,#4826,.T.);
#2180=ORIENTED_EDGE('',*,*,#4823,.T.);
#2181=ORIENTED_EDGE('',*,*,#4357,.F.);
#2182=ORIENTED_EDGE('',*,*,#4827,.F.);
#2183=ORIENTED_EDGE('',*,*,#4828,.T.);
#2184=ORIENTED_EDGE('',*,*,#4825,.T.);
#2185=ORIENTED_EDGE('',*,*,#4356,.F.);
#2186=ORIENTED_EDGE('',*,*,#4829,.F.);
#2187=ORIENTED_EDGE('',*,*,#4830,.T.);
#2188=ORIENTED_EDGE('',*,*,#4827,.T.);
#2189=ORIENTED_EDGE('',*,*,#4355,.F.);
#2190=ORIENTED_EDGE('',*,*,#4831,.F.);
#2191=ORIENTED_EDGE('',*,*,#4832,.T.);
#2192=ORIENTED_EDGE('',*,*,#4829,.T.);
#2193=ORIENTED_EDGE('',*,*,#4354,.F.);
#2194=ORIENTED_EDGE('',*,*,#4833,.F.);
#2195=ORIENTED_EDGE('',*,*,#4834,.T.);
#2196=ORIENTED_EDGE('',*,*,#4831,.T.);
#2197=ORIENTED_EDGE('',*,*,#4353,.F.);
#2198=ORIENTED_EDGE('',*,*,#4835,.F.);
#2199=ORIENTED_EDGE('',*,*,#4836,.T.);
#2200=ORIENTED_EDGE('',*,*,#4833,.T.);
#2201=ORIENTED_EDGE('',*,*,#4352,.F.);
#2202=ORIENTED_EDGE('',*,*,#4837,.F.);
#2203=ORIENTED_EDGE('',*,*,#4838,.T.);
#2204=ORIENTED_EDGE('',*,*,#4835,.T.);
#2205=ORIENTED_EDGE('',*,*,#4351,.F.);
#2206=ORIENTED_EDGE('',*,*,#4839,.F.);
#2207=ORIENTED_EDGE('',*,*,#4840,.T.);
#2208=ORIENTED_EDGE('',*,*,#4837,.T.);
#2209=ORIENTED_EDGE('',*,*,#4350,.F.);
#2210=ORIENTED_EDGE('',*,*,#4792,.F.);
#2211=ORIENTED_EDGE('',*,*,#4841,.T.);
#2212=ORIENTED_EDGE('',*,*,#4839,.T.);
#2213=ORIENTED_EDGE('',*,*,#4791,.F.);
#2214=ORIENTED_EDGE('',*,*,#4794,.F.);
#2215=ORIENTED_EDGE('',*,*,#4796,.F.);
#2216=ORIENTED_EDGE('',*,*,#4798,.F.);
#2217=ORIENTED_EDGE('',*,*,#4800,.F.);
#2218=ORIENTED_EDGE('',*,*,#4802,.F.);
#2219=ORIENTED_EDGE('',*,*,#4804,.F.);
#2220=ORIENTED_EDGE('',*,*,#4806,.F.);
#2221=ORIENTED_EDGE('',*,*,#4808,.F.);
#2222=ORIENTED_EDGE('',*,*,#4810,.F.);
#2223=ORIENTED_EDGE('',*,*,#4812,.F.);
#2224=ORIENTED_EDGE('',*,*,#4814,.F.);
#2225=ORIENTED_EDGE('',*,*,#4816,.F.);
#2226=ORIENTED_EDGE('',*,*,#4818,.F.);
#2227=ORIENTED_EDGE('',*,*,#4820,.F.);
#2228=ORIENTED_EDGE('',*,*,#4822,.F.);
#2229=ORIENTED_EDGE('',*,*,#4824,.F.);
#2230=ORIENTED_EDGE('',*,*,#4826,.F.);
#2231=ORIENTED_EDGE('',*,*,#4828,.F.);
#2232=ORIENTED_EDGE('',*,*,#4830,.F.);
#2233=ORIENTED_EDGE('',*,*,#4832,.F.);
#2234=ORIENTED_EDGE('',*,*,#4834,.F.);
#2235=ORIENTED_EDGE('',*,*,#4836,.F.);
#2236=ORIENTED_EDGE('',*,*,#4838,.F.);
#2237=ORIENTED_EDGE('',*,*,#4840,.F.);
#2238=ORIENTED_EDGE('',*,*,#4841,.F.);
#2239=ORIENTED_EDGE('',*,*,#4341,.F.);
#2240=ORIENTED_EDGE('',*,*,#4842,.F.);
#2241=ORIENTED_EDGE('',*,*,#4843,.T.);
#2242=ORIENTED_EDGE('',*,*,#4844,.T.);
#2243=ORIENTED_EDGE('',*,*,#4348,.F.);
#2244=ORIENTED_EDGE('',*,*,#4845,.F.);
#2245=ORIENTED_EDGE('',*,*,#4846,.T.);
#2246=ORIENTED_EDGE('',*,*,#4842,.T.);
#2247=ORIENTED_EDGE('',*,*,#4347,.F.);
#2248=ORIENTED_EDGE('',*,*,#4847,.F.);
#2249=ORIENTED_EDGE('',*,*,#4848,.T.);
#2250=ORIENTED_EDGE('',*,*,#4845,.T.);
#2251=ORIENTED_EDGE('',*,*,#4346,.F.);
#2252=ORIENTED_EDGE('',*,*,#4849,.F.);
#2253=ORIENTED_EDGE('',*,*,#4850,.T.);
#2254=ORIENTED_EDGE('',*,*,#4847,.T.);
#2255=ORIENTED_EDGE('',*,*,#4345,.F.);
#2256=ORIENTED_EDGE('',*,*,#4851,.F.);
#2257=ORIENTED_EDGE('',*,*,#4852,.T.);
#2258=ORIENTED_EDGE('',*,*,#4849,.T.);
#2259=ORIENTED_EDGE('',*,*,#4344,.F.);
#2260=ORIENTED_EDGE('',*,*,#4853,.F.);
#2261=ORIENTED_EDGE('',*,*,#4854,.T.);
#2262=ORIENTED_EDGE('',*,*,#4851,.T.);
#2263=ORIENTED_EDGE('',*,*,#4343,.F.);
#2264=ORIENTED_EDGE('',*,*,#4855,.F.);
#2265=ORIENTED_EDGE('',*,*,#4856,.T.);
#2266=ORIENTED_EDGE('',*,*,#4853,.T.);
#2267=ORIENTED_EDGE('',*,*,#4342,.F.);
#2268=ORIENTED_EDGE('',*,*,#4844,.F.);
#2269=ORIENTED_EDGE('',*,*,#4857,.T.);
#2270=ORIENTED_EDGE('',*,*,#4855,.T.);
#2271=ORIENTED_EDGE('',*,*,#4843,.F.);
#2272=ORIENTED_EDGE('',*,*,#4846,.F.);
#2273=ORIENTED_EDGE('',*,*,#4848,.F.);
#2274=ORIENTED_EDGE('',*,*,#4850,.F.);
#2275=ORIENTED_EDGE('',*,*,#4852,.F.);
#2276=ORIENTED_EDGE('',*,*,#4854,.F.);
#2277=ORIENTED_EDGE('',*,*,#4856,.F.);
#2278=ORIENTED_EDGE('',*,*,#4857,.F.);
#2279=ORIENTED_EDGE('',*,*,#4333,.F.);
#2280=ORIENTED_EDGE('',*,*,#4858,.F.);
#2281=ORIENTED_EDGE('',*,*,#4859,.T.);
#2282=ORIENTED_EDGE('',*,*,#4860,.T.);
#2283=ORIENTED_EDGE('',*,*,#4340,.F.);
#2284=ORIENTED_EDGE('',*,*,#4861,.F.);
#2285=ORIENTED_EDGE('',*,*,#4862,.T.);
#2286=ORIENTED_EDGE('',*,*,#4858,.T.);
#2287=ORIENTED_EDGE('',*,*,#4339,.F.);
#2288=ORIENTED_EDGE('',*,*,#4863,.F.);
#2289=ORIENTED_EDGE('',*,*,#4864,.T.);
#2290=ORIENTED_EDGE('',*,*,#4861,.T.);
#2291=ORIENTED_EDGE('',*,*,#4338,.F.);
#2292=ORIENTED_EDGE('',*,*,#4865,.F.);
#2293=ORIENTED_EDGE('',*,*,#4866,.T.);
#2294=ORIENTED_EDGE('',*,*,#4863,.T.);
#2295=ORIENTED_EDGE('',*,*,#4337,.F.);
#2296=ORIENTED_EDGE('',*,*,#4867,.F.);
#2297=ORIENTED_EDGE('',*,*,#4868,.T.);
#2298=ORIENTED_EDGE('',*,*,#4865,.T.);
#2299=ORIENTED_EDGE('',*,*,#4336,.F.);
#2300=ORIENTED_EDGE('',*,*,#4869,.F.);
#2301=ORIENTED_EDGE('',*,*,#4870,.T.);
#2302=ORIENTED_EDGE('',*,*,#4867,.T.);
#2303=ORIENTED_EDGE('',*,*,#4335,.F.);
#2304=ORIENTED_EDGE('',*,*,#4871,.F.);
#2305=ORIENTED_EDGE('',*,*,#4872,.T.);
#2306=ORIENTED_EDGE('',*,*,#4869,.T.);
#2307=ORIENTED_EDGE('',*,*,#4334,.F.);
#2308=ORIENTED_EDGE('',*,*,#4860,.F.);
#2309=ORIENTED_EDGE('',*,*,#4873,.T.);
#2310=ORIENTED_EDGE('',*,*,#4871,.T.);
#2311=ORIENTED_EDGE('',*,*,#4859,.F.);
#2312=ORIENTED_EDGE('',*,*,#4862,.F.);
#2313=ORIENTED_EDGE('',*,*,#4864,.F.);
#2314=ORIENTED_EDGE('',*,*,#4866,.F.);
#2315=ORIENTED_EDGE('',*,*,#4868,.F.);
#2316=ORIENTED_EDGE('',*,*,#4870,.F.);
#2317=ORIENTED_EDGE('',*,*,#4872,.F.);
#2318=ORIENTED_EDGE('',*,*,#4873,.F.);
#2319=ORIENTED_EDGE('',*,*,#4318,.F.);
#2320=ORIENTED_EDGE('',*,*,#4874,.F.);
#2321=ORIENTED_EDGE('',*,*,#4875,.T.);
#2322=ORIENTED_EDGE('',*,*,#4876,.T.);
#2323=ORIENTED_EDGE('',*,*,#4332,.F.);
#2324=ORIENTED_EDGE('',*,*,#4877,.F.);
#2325=ORIENTED_EDGE('',*,*,#4878,.T.);
#2326=ORIENTED_EDGE('',*,*,#4874,.T.);
#2327=ORIENTED_EDGE('',*,*,#4331,.F.);
#2328=ORIENTED_EDGE('',*,*,#4879,.F.);
#2329=ORIENTED_EDGE('',*,*,#4880,.T.);
#2330=ORIENTED_EDGE('',*,*,#4877,.T.);
#2331=ORIENTED_EDGE('',*,*,#4330,.F.);
#2332=ORIENTED_EDGE('',*,*,#4881,.F.);
#2333=ORIENTED_EDGE('',*,*,#4882,.T.);
#2334=ORIENTED_EDGE('',*,*,#4879,.T.);
#2335=ORIENTED_EDGE('',*,*,#4329,.F.);
#2336=ORIENTED_EDGE('',*,*,#4883,.F.);
#2337=ORIENTED_EDGE('',*,*,#4884,.T.);
#2338=ORIENTED_EDGE('',*,*,#4881,.T.);
#2339=ORIENTED_EDGE('',*,*,#4328,.F.);
#2340=ORIENTED_EDGE('',*,*,#4885,.F.);
#2341=ORIENTED_EDGE('',*,*,#4886,.T.);
#2342=ORIENTED_EDGE('',*,*,#4883,.T.);
#2343=ORIENTED_EDGE('',*,*,#4327,.F.);
#2344=ORIENTED_EDGE('',*,*,#4887,.F.);
#2345=ORIENTED_EDGE('',*,*,#4888,.T.);
#2346=ORIENTED_EDGE('',*,*,#4885,.T.);
#2347=ORIENTED_EDGE('',*,*,#4326,.F.);
#2348=ORIENTED_EDGE('',*,*,#4889,.F.);
#2349=ORIENTED_EDGE('',*,*,#4890,.T.);
#2350=ORIENTED_EDGE('',*,*,#4887,.T.);
#2351=ORIENTED_EDGE('',*,*,#4325,.F.);
#2352=ORIENTED_EDGE('',*,*,#4891,.F.);
#2353=ORIENTED_EDGE('',*,*,#4892,.T.);
#2354=ORIENTED_EDGE('',*,*,#4889,.T.);
#2355=ORIENTED_EDGE('',*,*,#4324,.F.);
#2356=ORIENTED_EDGE('',*,*,#4893,.F.);
#2357=ORIENTED_EDGE('',*,*,#4894,.T.);
#2358=ORIENTED_EDGE('',*,*,#4891,.T.);
#2359=ORIENTED_EDGE('',*,*,#4323,.F.);
#2360=ORIENTED_EDGE('',*,*,#4895,.F.);
#2361=ORIENTED_EDGE('',*,*,#4896,.T.);
#2362=ORIENTED_EDGE('',*,*,#4893,.T.);
#2363=ORIENTED_EDGE('',*,*,#4322,.F.);
#2364=ORIENTED_EDGE('',*,*,#4897,.F.);
#2365=ORIENTED_EDGE('',*,*,#4898,.T.);
#2366=ORIENTED_EDGE('',*,*,#4895,.T.);
#2367=ORIENTED_EDGE('',*,*,#4321,.F.);
#2368=ORIENTED_EDGE('',*,*,#4899,.F.);
#2369=ORIENTED_EDGE('',*,*,#4900,.T.);
#2370=ORIENTED_EDGE('',*,*,#4897,.T.);
#2371=ORIENTED_EDGE('',*,*,#4320,.F.);
#2372=ORIENTED_EDGE('',*,*,#4901,.F.);
#2373=ORIENTED_EDGE('',*,*,#4902,.T.);
#2374=ORIENTED_EDGE('',*,*,#4899,.T.);
#2375=ORIENTED_EDGE('',*,*,#4903,.F.);
#2376=ORIENTED_EDGE('',*,*,#4904,.F.);
#2377=ORIENTED_EDGE('',*,*,#4905,.T.);
#2378=ORIENTED_EDGE('',*,*,#4906,.T.);
#2379=ORIENTED_EDGE('',*,*,#4907,.F.);
#2380=ORIENTED_EDGE('',*,*,#4908,.F.);
#2381=ORIENTED_EDGE('',*,*,#4909,.T.);
#2382=ORIENTED_EDGE('',*,*,#4904,.T.);
#2383=ORIENTED_EDGE('',*,*,#4910,.F.);
#2384=ORIENTED_EDGE('',*,*,#4911,.F.);
#2385=ORIENTED_EDGE('',*,*,#4912,.T.);
#2386=ORIENTED_EDGE('',*,*,#4908,.T.);
#2387=ORIENTED_EDGE('',*,*,#4913,.F.);
#2388=ORIENTED_EDGE('',*,*,#4914,.F.);
#2389=ORIENTED_EDGE('',*,*,#4915,.T.);
#2390=ORIENTED_EDGE('',*,*,#4911,.T.);
#2391=ORIENTED_EDGE('',*,*,#4916,.F.);
#2392=ORIENTED_EDGE('',*,*,#4917,.F.);
#2393=ORIENTED_EDGE('',*,*,#4918,.T.);
#2394=ORIENTED_EDGE('',*,*,#4914,.T.);
#2395=ORIENTED_EDGE('',*,*,#4919,.F.);
#2396=ORIENTED_EDGE('',*,*,#4920,.F.);
#2397=ORIENTED_EDGE('',*,*,#4921,.T.);
#2398=ORIENTED_EDGE('',*,*,#4917,.T.);
#2399=ORIENTED_EDGE('',*,*,#4922,.F.);
#2400=ORIENTED_EDGE('',*,*,#4923,.F.);
#2401=ORIENTED_EDGE('',*,*,#4924,.T.);
#2402=ORIENTED_EDGE('',*,*,#4920,.T.);
#2403=ORIENTED_EDGE('',*,*,#4925,.F.);
#2404=ORIENTED_EDGE('',*,*,#4926,.F.);
#2405=ORIENTED_EDGE('',*,*,#4927,.T.);
#2406=ORIENTED_EDGE('',*,*,#4923,.T.);
#2407=ORIENTED_EDGE('',*,*,#4928,.F.);
#2408=ORIENTED_EDGE('',*,*,#4906,.F.);
#2409=ORIENTED_EDGE('',*,*,#4929,.T.);
#2410=ORIENTED_EDGE('',*,*,#4926,.T.);
#2411=ORIENTED_EDGE('',*,*,#4319,.F.);
#2412=ORIENTED_EDGE('',*,*,#4876,.F.);
#2413=ORIENTED_EDGE('',*,*,#4930,.T.);
#2414=ORIENTED_EDGE('',*,*,#4901,.T.);
#2415=ORIENTED_EDGE('',*,*,#4905,.F.);
#2416=ORIENTED_EDGE('',*,*,#4909,.F.);
#2417=ORIENTED_EDGE('',*,*,#4912,.F.);
#2418=ORIENTED_EDGE('',*,*,#4915,.F.);
#2419=ORIENTED_EDGE('',*,*,#4918,.F.);
#2420=ORIENTED_EDGE('',*,*,#4921,.F.);
#2421=ORIENTED_EDGE('',*,*,#4924,.F.);
#2422=ORIENTED_EDGE('',*,*,#4927,.F.);
#2423=ORIENTED_EDGE('',*,*,#4929,.F.);
#2424=ORIENTED_EDGE('',*,*,#4875,.F.);
#2425=ORIENTED_EDGE('',*,*,#4878,.F.);
#2426=ORIENTED_EDGE('',*,*,#4880,.F.);
#2427=ORIENTED_EDGE('',*,*,#4882,.F.);
#2428=ORIENTED_EDGE('',*,*,#4884,.F.);
#2429=ORIENTED_EDGE('',*,*,#4886,.F.);
#2430=ORIENTED_EDGE('',*,*,#4888,.F.);
#2431=ORIENTED_EDGE('',*,*,#4890,.F.);
#2432=ORIENTED_EDGE('',*,*,#4892,.F.);
#2433=ORIENTED_EDGE('',*,*,#4894,.F.);
#2434=ORIENTED_EDGE('',*,*,#4896,.F.);
#2435=ORIENTED_EDGE('',*,*,#4898,.F.);
#2436=ORIENTED_EDGE('',*,*,#4900,.F.);
#2437=ORIENTED_EDGE('',*,*,#4902,.F.);
#2438=ORIENTED_EDGE('',*,*,#4930,.F.);
#2439=ORIENTED_EDGE('',*,*,#4903,.T.);
#2440=ORIENTED_EDGE('',*,*,#4928,.T.);
#2441=ORIENTED_EDGE('',*,*,#4925,.T.);
#2442=ORIENTED_EDGE('',*,*,#4922,.T.);
#2443=ORIENTED_EDGE('',*,*,#4919,.T.);
#2444=ORIENTED_EDGE('',*,*,#4916,.T.);
#2445=ORIENTED_EDGE('',*,*,#4913,.T.);
#2446=ORIENTED_EDGE('',*,*,#4910,.T.);
#2447=ORIENTED_EDGE('',*,*,#4907,.T.);
#2448=ORIENTED_EDGE('',*,*,#4292,.F.);
#2449=ORIENTED_EDGE('',*,*,#4931,.F.);
#2450=ORIENTED_EDGE('',*,*,#4932,.T.);
#2451=ORIENTED_EDGE('',*,*,#4933,.T.);
#2452=ORIENTED_EDGE('',*,*,#4317,.F.);
#2453=ORIENTED_EDGE('',*,*,#4934,.F.);
#2454=ORIENTED_EDGE('',*,*,#4935,.T.);
#2455=ORIENTED_EDGE('',*,*,#4931,.T.);
#2456=ORIENTED_EDGE('',*,*,#4316,.F.);
#2457=ORIENTED_EDGE('',*,*,#4936,.F.);
#2458=ORIENTED_EDGE('',*,*,#4937,.T.);
#2459=ORIENTED_EDGE('',*,*,#4934,.T.);
#2460=ORIENTED_EDGE('',*,*,#4315,.F.);
#2461=ORIENTED_EDGE('',*,*,#4938,.F.);
#2462=ORIENTED_EDGE('',*,*,#4939,.T.);
#2463=ORIENTED_EDGE('',*,*,#4936,.T.);
#2464=ORIENTED_EDGE('',*,*,#4314,.F.);
#2465=ORIENTED_EDGE('',*,*,#4940,.F.);
#2466=ORIENTED_EDGE('',*,*,#4941,.T.);
#2467=ORIENTED_EDGE('',*,*,#4938,.T.);
#2468=ORIENTED_EDGE('',*,*,#4313,.F.);
#2469=ORIENTED_EDGE('',*,*,#4942,.F.);
#2470=ORIENTED_EDGE('',*,*,#4943,.T.);
#2471=ORIENTED_EDGE('',*,*,#4940,.T.);
#2472=ORIENTED_EDGE('',*,*,#4312,.F.);
#2473=ORIENTED_EDGE('',*,*,#4944,.F.);
#2474=ORIENTED_EDGE('',*,*,#4945,.T.);
#2475=ORIENTED_EDGE('',*,*,#4942,.T.);
#2476=ORIENTED_EDGE('',*,*,#4311,.F.);
#2477=ORIENTED_EDGE('',*,*,#4946,.F.);
#2478=ORIENTED_EDGE('',*,*,#4947,.T.);
#2479=ORIENTED_EDGE('',*,*,#4944,.T.);
#2480=ORIENTED_EDGE('',*,*,#4310,.F.);
#2481=ORIENTED_EDGE('',*,*,#4948,.F.);
#2482=ORIENTED_EDGE('',*,*,#4949,.T.);
#2483=ORIENTED_EDGE('',*,*,#4946,.T.);
#2484=ORIENTED_EDGE('',*,*,#4309,.F.);
#2485=ORIENTED_EDGE('',*,*,#4950,.F.);
#2486=ORIENTED_EDGE('',*,*,#4951,.T.);
#2487=ORIENTED_EDGE('',*,*,#4948,.T.);
#2488=ORIENTED_EDGE('',*,*,#4308,.F.);
#2489=ORIENTED_EDGE('',*,*,#4952,.F.);
#2490=ORIENTED_EDGE('',*,*,#4953,.T.);
#2491=ORIENTED_EDGE('',*,*,#4950,.T.);
#2492=ORIENTED_EDGE('',*,*,#4307,.F.);
#2493=ORIENTED_EDGE('',*,*,#4954,.F.);
#2494=ORIENTED_EDGE('',*,*,#4955,.T.);
#2495=ORIENTED_EDGE('',*,*,#4952,.T.);
#2496=ORIENTED_EDGE('',*,*,#4306,.F.);
#2497=ORIENTED_EDGE('',*,*,#4956,.F.);
#2498=ORIENTED_EDGE('',*,*,#4957,.T.);
#2499=ORIENTED_EDGE('',*,*,#4954,.T.);
#2500=ORIENTED_EDGE('',*,*,#4305,.F.);
#2501=ORIENTED_EDGE('',*,*,#4958,.F.);
#2502=ORIENTED_EDGE('',*,*,#4959,.T.);
#2503=ORIENTED_EDGE('',*,*,#4956,.T.);
#2504=ORIENTED_EDGE('',*,*,#4304,.F.);
#2505=ORIENTED_EDGE('',*,*,#4960,.F.);
#2506=ORIENTED_EDGE('',*,*,#4961,.T.);
#2507=ORIENTED_EDGE('',*,*,#4958,.T.);
#2508=ORIENTED_EDGE('',*,*,#4303,.F.);
#2509=ORIENTED_EDGE('',*,*,#4962,.F.);
#2510=ORIENTED_EDGE('',*,*,#4963,.T.);
#2511=ORIENTED_EDGE('',*,*,#4960,.T.);
#2512=ORIENTED_EDGE('',*,*,#4302,.F.);
#2513=ORIENTED_EDGE('',*,*,#4964,.F.);
#2514=ORIENTED_EDGE('',*,*,#4965,.T.);
#2515=ORIENTED_EDGE('',*,*,#4962,.T.);
#2516=ORIENTED_EDGE('',*,*,#4301,.F.);
#2517=ORIENTED_EDGE('',*,*,#4966,.F.);
#2518=ORIENTED_EDGE('',*,*,#4967,.T.);
#2519=ORIENTED_EDGE('',*,*,#4964,.T.);
#2520=ORIENTED_EDGE('',*,*,#4300,.F.);
#2521=ORIENTED_EDGE('',*,*,#4968,.F.);
#2522=ORIENTED_EDGE('',*,*,#4969,.T.);
#2523=ORIENTED_EDGE('',*,*,#4966,.T.);
#2524=ORIENTED_EDGE('',*,*,#4299,.F.);
#2525=ORIENTED_EDGE('',*,*,#4970,.F.);
#2526=ORIENTED_EDGE('',*,*,#4971,.T.);
#2527=ORIENTED_EDGE('',*,*,#4968,.T.);
#2528=ORIENTED_EDGE('',*,*,#4298,.F.);
#2529=ORIENTED_EDGE('',*,*,#4972,.F.);
#2530=ORIENTED_EDGE('',*,*,#4973,.T.);
#2531=ORIENTED_EDGE('',*,*,#4970,.T.);
#2532=ORIENTED_EDGE('',*,*,#4297,.F.);
#2533=ORIENTED_EDGE('',*,*,#4974,.F.);
#2534=ORIENTED_EDGE('',*,*,#4975,.T.);
#2535=ORIENTED_EDGE('',*,*,#4972,.T.);
#2536=ORIENTED_EDGE('',*,*,#4296,.F.);
#2537=ORIENTED_EDGE('',*,*,#4976,.F.);
#2538=ORIENTED_EDGE('',*,*,#4977,.T.);
#2539=ORIENTED_EDGE('',*,*,#4974,.T.);
#2540=ORIENTED_EDGE('',*,*,#4295,.F.);
#2541=ORIENTED_EDGE('',*,*,#4978,.F.);
#2542=ORIENTED_EDGE('',*,*,#4979,.T.);
#2543=ORIENTED_EDGE('',*,*,#4976,.T.);
#2544=ORIENTED_EDGE('',*,*,#4294,.F.);
#2545=ORIENTED_EDGE('',*,*,#4980,.F.);
#2546=ORIENTED_EDGE('',*,*,#4981,.T.);
#2547=ORIENTED_EDGE('',*,*,#4978,.T.);
#2548=ORIENTED_EDGE('',*,*,#4293,.F.);
#2549=ORIENTED_EDGE('',*,*,#4933,.F.);
#2550=ORIENTED_EDGE('',*,*,#4982,.T.);
#2551=ORIENTED_EDGE('',*,*,#4980,.T.);
#2552=ORIENTED_EDGE('',*,*,#4932,.F.);
#2553=ORIENTED_EDGE('',*,*,#4935,.F.);
#2554=ORIENTED_EDGE('',*,*,#4937,.F.);
#2555=ORIENTED_EDGE('',*,*,#4939,.F.);
#2556=ORIENTED_EDGE('',*,*,#4941,.F.);
#2557=ORIENTED_EDGE('',*,*,#4943,.F.);
#2558=ORIENTED_EDGE('',*,*,#4945,.F.);
#2559=ORIENTED_EDGE('',*,*,#4947,.F.);
#2560=ORIENTED_EDGE('',*,*,#4949,.F.);
#2561=ORIENTED_EDGE('',*,*,#4951,.F.);
#2562=ORIENTED_EDGE('',*,*,#4953,.F.);
#2563=ORIENTED_EDGE('',*,*,#4955,.F.);
#2564=ORIENTED_EDGE('',*,*,#4957,.F.);
#2565=ORIENTED_EDGE('',*,*,#4959,.F.);
#2566=ORIENTED_EDGE('',*,*,#4961,.F.);
#2567=ORIENTED_EDGE('',*,*,#4963,.F.);
#2568=ORIENTED_EDGE('',*,*,#4965,.F.);
#2569=ORIENTED_EDGE('',*,*,#4967,.F.);
#2570=ORIENTED_EDGE('',*,*,#4969,.F.);
#2571=ORIENTED_EDGE('',*,*,#4971,.F.);
#2572=ORIENTED_EDGE('',*,*,#4973,.F.);
#2573=ORIENTED_EDGE('',*,*,#4975,.F.);
#2574=ORIENTED_EDGE('',*,*,#4977,.F.);
#2575=ORIENTED_EDGE('',*,*,#4979,.F.);
#2576=ORIENTED_EDGE('',*,*,#4981,.F.);
#2577=ORIENTED_EDGE('',*,*,#4982,.F.);
#2578=ORIENTED_EDGE('',*,*,#4983,.F.);
#2579=ORIENTED_EDGE('',*,*,#4984,.F.);
#2580=ORIENTED_EDGE('',*,*,#4985,.T.);
#2581=ORIENTED_EDGE('',*,*,#4986,.T.);
#2582=ORIENTED_EDGE('',*,*,#4987,.F.);
#2583=ORIENTED_EDGE('',*,*,#4988,.F.);
#2584=ORIENTED_EDGE('',*,*,#4989,.T.);
#2585=ORIENTED_EDGE('',*,*,#4984,.T.);
#2586=ORIENTED_EDGE('',*,*,#4990,.F.);
#2587=ORIENTED_EDGE('',*,*,#4991,.F.);
#2588=ORIENTED_EDGE('',*,*,#4992,.T.);
#2589=ORIENTED_EDGE('',*,*,#4988,.T.);
#2590=ORIENTED_EDGE('',*,*,#4993,.F.);
#2591=ORIENTED_EDGE('',*,*,#4994,.F.);
#2592=ORIENTED_EDGE('',*,*,#4995,.T.);
#2593=ORIENTED_EDGE('',*,*,#4991,.T.);
#2594=ORIENTED_EDGE('',*,*,#4996,.F.);
#2595=ORIENTED_EDGE('',*,*,#4997,.F.);
#2596=ORIENTED_EDGE('',*,*,#4998,.T.);
#2597=ORIENTED_EDGE('',*,*,#4994,.T.);
#2598=ORIENTED_EDGE('',*,*,#4999,.F.);
#2599=ORIENTED_EDGE('',*,*,#5000,.F.);
#2600=ORIENTED_EDGE('',*,*,#5001,.T.);
#2601=ORIENTED_EDGE('',*,*,#4997,.T.);
#2602=ORIENTED_EDGE('',*,*,#5002,.F.);
#2603=ORIENTED_EDGE('',*,*,#5003,.F.);
#2604=ORIENTED_EDGE('',*,*,#5004,.T.);
#2605=ORIENTED_EDGE('',*,*,#5000,.T.);
#2606=ORIENTED_EDGE('',*,*,#5005,.F.);
#2607=ORIENTED_EDGE('',*,*,#5006,.F.);
#2608=ORIENTED_EDGE('',*,*,#5007,.T.);
#2609=ORIENTED_EDGE('',*,*,#5003,.T.);
#2610=ORIENTED_EDGE('',*,*,#4278,.F.);
#2611=ORIENTED_EDGE('',*,*,#5008,.F.);
#2612=ORIENTED_EDGE('',*,*,#5009,.T.);
#2613=ORIENTED_EDGE('',*,*,#5010,.T.);
#2614=ORIENTED_EDGE('',*,*,#4291,.F.);
#2615=ORIENTED_EDGE('',*,*,#5011,.F.);
#2616=ORIENTED_EDGE('',*,*,#5012,.T.);
#2617=ORIENTED_EDGE('',*,*,#5008,.T.);
#2618=ORIENTED_EDGE('',*,*,#4290,.F.);
#2619=ORIENTED_EDGE('',*,*,#5013,.F.);
#2620=ORIENTED_EDGE('',*,*,#5014,.T.);
#2621=ORIENTED_EDGE('',*,*,#5011,.T.);
#2622=ORIENTED_EDGE('',*,*,#4289,.F.);
#2623=ORIENTED_EDGE('',*,*,#5015,.F.);
#2624=ORIENTED_EDGE('',*,*,#5016,.T.);
#2625=ORIENTED_EDGE('',*,*,#5013,.T.);
#2626=ORIENTED_EDGE('',*,*,#4288,.F.);
#2627=ORIENTED_EDGE('',*,*,#5017,.F.);
#2628=ORIENTED_EDGE('',*,*,#5018,.T.);
#2629=ORIENTED_EDGE('',*,*,#5015,.T.);
#2630=ORIENTED_EDGE('',*,*,#4287,.F.);
#2631=ORIENTED_EDGE('',*,*,#5019,.F.);
#2632=ORIENTED_EDGE('',*,*,#5020,.T.);
#2633=ORIENTED_EDGE('',*,*,#5017,.T.);
#2634=ORIENTED_EDGE('',*,*,#4286,.F.);
#2635=ORIENTED_EDGE('',*,*,#5021,.F.);
#2636=ORIENTED_EDGE('',*,*,#5022,.T.);
#2637=ORIENTED_EDGE('',*,*,#5019,.T.);
#2638=ORIENTED_EDGE('',*,*,#4285,.F.);
#2639=ORIENTED_EDGE('',*,*,#5023,.F.);
#2640=ORIENTED_EDGE('',*,*,#5024,.T.);
#2641=ORIENTED_EDGE('',*,*,#5021,.T.);
#2642=ORIENTED_EDGE('',*,*,#4284,.F.);
#2643=ORIENTED_EDGE('',*,*,#5025,.F.);
#2644=ORIENTED_EDGE('',*,*,#5026,.T.);
#2645=ORIENTED_EDGE('',*,*,#5023,.T.);
#2646=ORIENTED_EDGE('',*,*,#4283,.F.);
#2647=ORIENTED_EDGE('',*,*,#5027,.F.);
#2648=ORIENTED_EDGE('',*,*,#5028,.T.);
#2649=ORIENTED_EDGE('',*,*,#5025,.T.);
#2650=ORIENTED_EDGE('',*,*,#4282,.F.);
#2651=ORIENTED_EDGE('',*,*,#5029,.F.);
#2652=ORIENTED_EDGE('',*,*,#5030,.T.);
#2653=ORIENTED_EDGE('',*,*,#5027,.T.);
#2654=ORIENTED_EDGE('',*,*,#4281,.F.);
#2655=ORIENTED_EDGE('',*,*,#5031,.F.);
#2656=ORIENTED_EDGE('',*,*,#5032,.T.);
#2657=ORIENTED_EDGE('',*,*,#5029,.T.);
#2658=ORIENTED_EDGE('',*,*,#4280,.F.);
#2659=ORIENTED_EDGE('',*,*,#5033,.F.);
#2660=ORIENTED_EDGE('',*,*,#5034,.T.);
#2661=ORIENTED_EDGE('',*,*,#5031,.T.);
#2662=ORIENTED_EDGE('',*,*,#4279,.F.);
#2663=ORIENTED_EDGE('',*,*,#5010,.F.);
#2664=ORIENTED_EDGE('',*,*,#5035,.T.);
#2665=ORIENTED_EDGE('',*,*,#5033,.T.);
#2666=ORIENTED_EDGE('',*,*,#5036,.F.);
#2667=ORIENTED_EDGE('',*,*,#4986,.F.);
#2668=ORIENTED_EDGE('',*,*,#5037,.T.);
#2669=ORIENTED_EDGE('',*,*,#5006,.T.);
#2670=ORIENTED_EDGE('',*,*,#5009,.F.);
#2671=ORIENTED_EDGE('',*,*,#5012,.F.);
#2672=ORIENTED_EDGE('',*,*,#5014,.F.);
#2673=ORIENTED_EDGE('',*,*,#5016,.F.);
#2674=ORIENTED_EDGE('',*,*,#5018,.F.);
#2675=ORIENTED_EDGE('',*,*,#5020,.F.);
#2676=ORIENTED_EDGE('',*,*,#5022,.F.);
#2677=ORIENTED_EDGE('',*,*,#5024,.F.);
#2678=ORIENTED_EDGE('',*,*,#5026,.F.);
#2679=ORIENTED_EDGE('',*,*,#5028,.F.);
#2680=ORIENTED_EDGE('',*,*,#5030,.F.);
#2681=ORIENTED_EDGE('',*,*,#5032,.F.);
#2682=ORIENTED_EDGE('',*,*,#5034,.F.);
#2683=ORIENTED_EDGE('',*,*,#5035,.F.);
#2684=ORIENTED_EDGE('',*,*,#4985,.F.);
#2685=ORIENTED_EDGE('',*,*,#4989,.F.);
#2686=ORIENTED_EDGE('',*,*,#4992,.F.);
#2687=ORIENTED_EDGE('',*,*,#4995,.F.);
#2688=ORIENTED_EDGE('',*,*,#4998,.F.);
#2689=ORIENTED_EDGE('',*,*,#5001,.F.);
#2690=ORIENTED_EDGE('',*,*,#5004,.F.);
#2691=ORIENTED_EDGE('',*,*,#5007,.F.);
#2692=ORIENTED_EDGE('',*,*,#5037,.F.);
#2693=ORIENTED_EDGE('',*,*,#4983,.T.);
#2694=ORIENTED_EDGE('',*,*,#5036,.T.);
#2695=ORIENTED_EDGE('',*,*,#5005,.T.);
#2696=ORIENTED_EDGE('',*,*,#5002,.T.);
#2697=ORIENTED_EDGE('',*,*,#4999,.T.);
#2698=ORIENTED_EDGE('',*,*,#4996,.T.);
#2699=ORIENTED_EDGE('',*,*,#4993,.T.);
#2700=ORIENTED_EDGE('',*,*,#4990,.T.);
#2701=ORIENTED_EDGE('',*,*,#4987,.T.);
#2702=ORIENTED_EDGE('',*,*,#4270,.F.);
#2703=ORIENTED_EDGE('',*,*,#5038,.F.);
#2704=ORIENTED_EDGE('',*,*,#5039,.T.);
#2705=ORIENTED_EDGE('',*,*,#5040,.T.);
#2706=ORIENTED_EDGE('',*,*,#4277,.F.);
#2707=ORIENTED_EDGE('',*,*,#5041,.F.);
#2708=ORIENTED_EDGE('',*,*,#5042,.T.);
#2709=ORIENTED_EDGE('',*,*,#5038,.T.);
#2710=ORIENTED_EDGE('',*,*,#4276,.F.);
#2711=ORIENTED_EDGE('',*,*,#5043,.F.);
#2712=ORIENTED_EDGE('',*,*,#5044,.T.);
#2713=ORIENTED_EDGE('',*,*,#5041,.T.);
#2714=ORIENTED_EDGE('',*,*,#4275,.F.);
#2715=ORIENTED_EDGE('',*,*,#5045,.F.);
#2716=ORIENTED_EDGE('',*,*,#5046,.T.);
#2717=ORIENTED_EDGE('',*,*,#5043,.T.);
#2718=ORIENTED_EDGE('',*,*,#4274,.F.);
#2719=ORIENTED_EDGE('',*,*,#5047,.F.);
#2720=ORIENTED_EDGE('',*,*,#5048,.T.);
#2721=ORIENTED_EDGE('',*,*,#5045,.T.);
#2722=ORIENTED_EDGE('',*,*,#4273,.F.);
#2723=ORIENTED_EDGE('',*,*,#5049,.F.);
#2724=ORIENTED_EDGE('',*,*,#5050,.T.);
#2725=ORIENTED_EDGE('',*,*,#5047,.T.);
#2726=ORIENTED_EDGE('',*,*,#4272,.F.);
#2727=ORIENTED_EDGE('',*,*,#5051,.F.);
#2728=ORIENTED_EDGE('',*,*,#5052,.T.);
#2729=ORIENTED_EDGE('',*,*,#5049,.T.);
#2730=ORIENTED_EDGE('',*,*,#4271,.F.);
#2731=ORIENTED_EDGE('',*,*,#5040,.F.);
#2732=ORIENTED_EDGE('',*,*,#5053,.T.);
#2733=ORIENTED_EDGE('',*,*,#5051,.T.);
#2734=ORIENTED_EDGE('',*,*,#5039,.F.);
#2735=ORIENTED_EDGE('',*,*,#5042,.F.);
#2736=ORIENTED_EDGE('',*,*,#5044,.F.);
#2737=ORIENTED_EDGE('',*,*,#5046,.F.);
#2738=ORIENTED_EDGE('',*,*,#5048,.F.);
#2739=ORIENTED_EDGE('',*,*,#5050,.F.);
#2740=ORIENTED_EDGE('',*,*,#5052,.F.);
#2741=ORIENTED_EDGE('',*,*,#5053,.F.);
#2742=ORIENTED_EDGE('',*,*,#4247,.F.);
#2743=ORIENTED_EDGE('',*,*,#5054,.F.);
#2744=ORIENTED_EDGE('',*,*,#5055,.T.);
#2745=ORIENTED_EDGE('',*,*,#5056,.T.);
#2746=ORIENTED_EDGE('',*,*,#4269,.F.);
#2747=ORIENTED_EDGE('',*,*,#5057,.F.);
#2748=ORIENTED_EDGE('',*,*,#5058,.T.);
#2749=ORIENTED_EDGE('',*,*,#5054,.T.);
#2750=ORIENTED_EDGE('',*,*,#4268,.F.);
#2751=ORIENTED_EDGE('',*,*,#5059,.F.);
#2752=ORIENTED_EDGE('',*,*,#5060,.T.);
#2753=ORIENTED_EDGE('',*,*,#5057,.T.);
#2754=ORIENTED_EDGE('',*,*,#4267,.F.);
#2755=ORIENTED_EDGE('',*,*,#5061,.F.);
#2756=ORIENTED_EDGE('',*,*,#5062,.T.);
#2757=ORIENTED_EDGE('',*,*,#5059,.T.);
#2758=ORIENTED_EDGE('',*,*,#4266,.F.);
#2759=ORIENTED_EDGE('',*,*,#5063,.F.);
#2760=ORIENTED_EDGE('',*,*,#5064,.T.);
#2761=ORIENTED_EDGE('',*,*,#5061,.T.);
#2762=ORIENTED_EDGE('',*,*,#4265,.F.);
#2763=ORIENTED_EDGE('',*,*,#5065,.F.);
#2764=ORIENTED_EDGE('',*,*,#5066,.T.);
#2765=ORIENTED_EDGE('',*,*,#5063,.T.);
#2766=ORIENTED_EDGE('',*,*,#4264,.F.);
#2767=ORIENTED_EDGE('',*,*,#5067,.F.);
#2768=ORIENTED_EDGE('',*,*,#5068,.T.);
#2769=ORIENTED_EDGE('',*,*,#5065,.T.);
#2770=ORIENTED_EDGE('',*,*,#4263,.F.);
#2771=ORIENTED_EDGE('',*,*,#5069,.F.);
#2772=ORIENTED_EDGE('',*,*,#5070,.T.);
#2773=ORIENTED_EDGE('',*,*,#5067,.T.);
#2774=ORIENTED_EDGE('',*,*,#4262,.F.);
#2775=ORIENTED_EDGE('',*,*,#5071,.F.);
#2776=ORIENTED_EDGE('',*,*,#5072,.T.);
#2777=ORIENTED_EDGE('',*,*,#5069,.T.);
#2778=ORIENTED_EDGE('',*,*,#4261,.F.);
#2779=ORIENTED_EDGE('',*,*,#5073,.F.);
#2780=ORIENTED_EDGE('',*,*,#5074,.T.);
#2781=ORIENTED_EDGE('',*,*,#5071,.T.);
#2782=ORIENTED_EDGE('',*,*,#4260,.F.);
#2783=ORIENTED_EDGE('',*,*,#5075,.F.);
#2784=ORIENTED_EDGE('',*,*,#5076,.T.);
#2785=ORIENTED_EDGE('',*,*,#5073,.T.);
#2786=ORIENTED_EDGE('',*,*,#4259,.F.);
#2787=ORIENTED_EDGE('',*,*,#5077,.F.);
#2788=ORIENTED_EDGE('',*,*,#5078,.T.);
#2789=ORIENTED_EDGE('',*,*,#5075,.T.);
#2790=ORIENTED_EDGE('',*,*,#4258,.F.);
#2791=ORIENTED_EDGE('',*,*,#5079,.F.);
#2792=ORIENTED_EDGE('',*,*,#5080,.T.);
#2793=ORIENTED_EDGE('',*,*,#5077,.T.);
#2794=ORIENTED_EDGE('',*,*,#4257,.F.);
#2795=ORIENTED_EDGE('',*,*,#5081,.F.);
#2796=ORIENTED_EDGE('',*,*,#5082,.T.);
#2797=ORIENTED_EDGE('',*,*,#5079,.T.);
#2798=ORIENTED_EDGE('',*,*,#4256,.F.);
#2799=ORIENTED_EDGE('',*,*,#5083,.F.);
#2800=ORIENTED_EDGE('',*,*,#5084,.T.);
#2801=ORIENTED_EDGE('',*,*,#5081,.T.);
#2802=ORIENTED_EDGE('',*,*,#4255,.F.);
#2803=ORIENTED_EDGE('',*,*,#5085,.F.);
#2804=ORIENTED_EDGE('',*,*,#5086,.T.);
#2805=ORIENTED_EDGE('',*,*,#5083,.T.);
#2806=ORIENTED_EDGE('',*,*,#4254,.F.);
#2807=ORIENTED_EDGE('',*,*,#5087,.F.);
#2808=ORIENTED_EDGE('',*,*,#5088,.T.);
#2809=ORIENTED_EDGE('',*,*,#5085,.T.);
#2810=ORIENTED_EDGE('',*,*,#4253,.F.);
#2811=ORIENTED_EDGE('',*,*,#5089,.F.);
#2812=ORIENTED_EDGE('',*,*,#5090,.T.);
#2813=ORIENTED_EDGE('',*,*,#5087,.T.);
#2814=ORIENTED_EDGE('',*,*,#4252,.F.);
#2815=ORIENTED_EDGE('',*,*,#5091,.F.);
#2816=ORIENTED_EDGE('',*,*,#5092,.T.);
#2817=ORIENTED_EDGE('',*,*,#5089,.T.);
#2818=ORIENTED_EDGE('',*,*,#4251,.F.);
#2819=ORIENTED_EDGE('',*,*,#5093,.F.);
#2820=ORIENTED_EDGE('',*,*,#5094,.T.);
#2821=ORIENTED_EDGE('',*,*,#5091,.T.);
#2822=ORIENTED_EDGE('',*,*,#4250,.F.);
#2823=ORIENTED_EDGE('',*,*,#5095,.F.);
#2824=ORIENTED_EDGE('',*,*,#5096,.T.);
#2825=ORIENTED_EDGE('',*,*,#5093,.T.);
#2826=ORIENTED_EDGE('',*,*,#4249,.F.);
#2827=ORIENTED_EDGE('',*,*,#5097,.F.);
#2828=ORIENTED_EDGE('',*,*,#5098,.T.);
#2829=ORIENTED_EDGE('',*,*,#5095,.T.);
#2830=ORIENTED_EDGE('',*,*,#4248,.F.);
#2831=ORIENTED_EDGE('',*,*,#5056,.F.);
#2832=ORIENTED_EDGE('',*,*,#5099,.T.);
#2833=ORIENTED_EDGE('',*,*,#5097,.T.);
#2834=ORIENTED_EDGE('',*,*,#5055,.F.);
#2835=ORIENTED_EDGE('',*,*,#5058,.F.);
#2836=ORIENTED_EDGE('',*,*,#5060,.F.);
#2837=ORIENTED_EDGE('',*,*,#5062,.F.);
#2838=ORIENTED_EDGE('',*,*,#5064,.F.);
#2839=ORIENTED_EDGE('',*,*,#5066,.F.);
#2840=ORIENTED_EDGE('',*,*,#5068,.F.);
#2841=ORIENTED_EDGE('',*,*,#5070,.F.);
#2842=ORIENTED_EDGE('',*,*,#5072,.F.);
#2843=ORIENTED_EDGE('',*,*,#5074,.F.);
#2844=ORIENTED_EDGE('',*,*,#5076,.F.);
#2845=ORIENTED_EDGE('',*,*,#5078,.F.);
#2846=ORIENTED_EDGE('',*,*,#5080,.F.);
#2847=ORIENTED_EDGE('',*,*,#5082,.F.);
#2848=ORIENTED_EDGE('',*,*,#5084,.F.);
#2849=ORIENTED_EDGE('',*,*,#5086,.F.);
#2850=ORIENTED_EDGE('',*,*,#5088,.F.);
#2851=ORIENTED_EDGE('',*,*,#5090,.F.);
#2852=ORIENTED_EDGE('',*,*,#5092,.F.);
#2853=ORIENTED_EDGE('',*,*,#5094,.F.);
#2854=ORIENTED_EDGE('',*,*,#5096,.F.);
#2855=ORIENTED_EDGE('',*,*,#5098,.F.);
#2856=ORIENTED_EDGE('',*,*,#5099,.F.);
#2857=ORIENTED_EDGE('',*,*,#4234,.F.);
#2858=ORIENTED_EDGE('',*,*,#5100,.F.);
#2859=ORIENTED_EDGE('',*,*,#5101,.T.);
#2860=ORIENTED_EDGE('',*,*,#5102,.T.);
#2861=ORIENTED_EDGE('',*,*,#4246,.F.);
#2862=ORIENTED_EDGE('',*,*,#5103,.F.);
#2863=ORIENTED_EDGE('',*,*,#5104,.T.);
#2864=ORIENTED_EDGE('',*,*,#5100,.T.);
#2865=ORIENTED_EDGE('',*,*,#4245,.F.);
#2866=ORIENTED_EDGE('',*,*,#5105,.F.);
#2867=ORIENTED_EDGE('',*,*,#5106,.T.);
#2868=ORIENTED_EDGE('',*,*,#5103,.T.);
#2869=ORIENTED_EDGE('',*,*,#4244,.F.);
#2870=ORIENTED_EDGE('',*,*,#5107,.F.);
#2871=ORIENTED_EDGE('',*,*,#5108,.T.);
#2872=ORIENTED_EDGE('',*,*,#5105,.T.);
#2873=ORIENTED_EDGE('',*,*,#4243,.F.);
#2874=ORIENTED_EDGE('',*,*,#5109,.F.);
#2875=ORIENTED_EDGE('',*,*,#5110,.T.);
#2876=ORIENTED_EDGE('',*,*,#5107,.T.);
#2877=ORIENTED_EDGE('',*,*,#4242,.F.);
#2878=ORIENTED_EDGE('',*,*,#5111,.F.);
#2879=ORIENTED_EDGE('',*,*,#5112,.T.);
#2880=ORIENTED_EDGE('',*,*,#5109,.T.);
#2881=ORIENTED_EDGE('',*,*,#4241,.F.);
#2882=ORIENTED_EDGE('',*,*,#5113,.F.);
#2883=ORIENTED_EDGE('',*,*,#5114,.T.);
#2884=ORIENTED_EDGE('',*,*,#5111,.T.);
#2885=ORIENTED_EDGE('',*,*,#4240,.F.);
#2886=ORIENTED_EDGE('',*,*,#5115,.F.);
#2887=ORIENTED_EDGE('',*,*,#5116,.T.);
#2888=ORIENTED_EDGE('',*,*,#5113,.T.);
#2889=ORIENTED_EDGE('',*,*,#4239,.F.);
#2890=ORIENTED_EDGE('',*,*,#5117,.F.);
#2891=ORIENTED_EDGE('',*,*,#5118,.T.);
#2892=ORIENTED_EDGE('',*,*,#5115,.T.);
#2893=ORIENTED_EDGE('',*,*,#4238,.F.);
#2894=ORIENTED_EDGE('',*,*,#5119,.F.);
#2895=ORIENTED_EDGE('',*,*,#5120,.T.);
#2896=ORIENTED_EDGE('',*,*,#5117,.T.);
#2897=ORIENTED_EDGE('',*,*,#4237,.F.);
#2898=ORIENTED_EDGE('',*,*,#5121,.F.);
#2899=ORIENTED_EDGE('',*,*,#5122,.T.);
#2900=ORIENTED_EDGE('',*,*,#5119,.T.);
#2901=ORIENTED_EDGE('',*,*,#4236,.F.);
#2902=ORIENTED_EDGE('',*,*,#5123,.F.);
#2903=ORIENTED_EDGE('',*,*,#5124,.T.);
#2904=ORIENTED_EDGE('',*,*,#5121,.T.);
#2905=ORIENTED_EDGE('',*,*,#4235,.F.);
#2906=ORIENTED_EDGE('',*,*,#5102,.F.);
#2907=ORIENTED_EDGE('',*,*,#5125,.T.);
#2908=ORIENTED_EDGE('',*,*,#5123,.T.);
#2909=ORIENTED_EDGE('',*,*,#5101,.F.);
#2910=ORIENTED_EDGE('',*,*,#5104,.F.);
#2911=ORIENTED_EDGE('',*,*,#5106,.F.);
#2912=ORIENTED_EDGE('',*,*,#5108,.F.);
#2913=ORIENTED_EDGE('',*,*,#5110,.F.);
#2914=ORIENTED_EDGE('',*,*,#5112,.F.);
#2915=ORIENTED_EDGE('',*,*,#5114,.F.);
#2916=ORIENTED_EDGE('',*,*,#5116,.F.);
#2917=ORIENTED_EDGE('',*,*,#5118,.F.);
#2918=ORIENTED_EDGE('',*,*,#5120,.F.);
#2919=ORIENTED_EDGE('',*,*,#5122,.F.);
#2920=ORIENTED_EDGE('',*,*,#5124,.F.);
#2921=ORIENTED_EDGE('',*,*,#5125,.F.);
#2922=ORIENTED_EDGE('',*,*,#5126,.F.);
#2923=ORIENTED_EDGE('',*,*,#5127,.F.);
#2924=ORIENTED_EDGE('',*,*,#5128,.T.);
#2925=ORIENTED_EDGE('',*,*,#5129,.T.);
#2926=ORIENTED_EDGE('',*,*,#5130,.F.);
#2927=ORIENTED_EDGE('',*,*,#5131,.F.);
#2928=ORIENTED_EDGE('',*,*,#5132,.T.);
#2929=ORIENTED_EDGE('',*,*,#5127,.T.);
#2930=ORIENTED_EDGE('',*,*,#4226,.F.);
#2931=ORIENTED_EDGE('',*,*,#5133,.F.);
#2932=ORIENTED_EDGE('',*,*,#5134,.T.);
#2933=ORIENTED_EDGE('',*,*,#5135,.T.);
#2934=ORIENTED_EDGE('',*,*,#4233,.F.);
#2935=ORIENTED_EDGE('',*,*,#5136,.F.);
#2936=ORIENTED_EDGE('',*,*,#5137,.T.);
#2937=ORIENTED_EDGE('',*,*,#5133,.T.);
#2938=ORIENTED_EDGE('',*,*,#4232,.F.);
#2939=ORIENTED_EDGE('',*,*,#5138,.F.);
#2940=ORIENTED_EDGE('',*,*,#5139,.T.);
#2941=ORIENTED_EDGE('',*,*,#5136,.T.);
#2942=ORIENTED_EDGE('',*,*,#4231,.F.);
#2943=ORIENTED_EDGE('',*,*,#5140,.F.);
#2944=ORIENTED_EDGE('',*,*,#5141,.T.);
#2945=ORIENTED_EDGE('',*,*,#5138,.T.);
#2946=ORIENTED_EDGE('',*,*,#4230,.F.);
#2947=ORIENTED_EDGE('',*,*,#5142,.F.);
#2948=ORIENTED_EDGE('',*,*,#5143,.T.);
#2949=ORIENTED_EDGE('',*,*,#5140,.T.);
#2950=ORIENTED_EDGE('',*,*,#4229,.F.);
#2951=ORIENTED_EDGE('',*,*,#5144,.F.);
#2952=ORIENTED_EDGE('',*,*,#5145,.T.);
#2953=ORIENTED_EDGE('',*,*,#5142,.T.);
#2954=ORIENTED_EDGE('',*,*,#4228,.F.);
#2955=ORIENTED_EDGE('',*,*,#5146,.F.);
#2956=ORIENTED_EDGE('',*,*,#5147,.T.);
#2957=ORIENTED_EDGE('',*,*,#5144,.T.);
#2958=ORIENTED_EDGE('',*,*,#4227,.F.);
#2959=ORIENTED_EDGE('',*,*,#5135,.F.);
#2960=ORIENTED_EDGE('',*,*,#5148,.T.);
#2961=ORIENTED_EDGE('',*,*,#5146,.T.);
#2962=ORIENTED_EDGE('',*,*,#5149,.F.);
#2963=ORIENTED_EDGE('',*,*,#5129,.F.);
#2964=ORIENTED_EDGE('',*,*,#5150,.T.);
#2965=ORIENTED_EDGE('',*,*,#5131,.T.);
#2966=ORIENTED_EDGE('',*,*,#5134,.F.);
#2967=ORIENTED_EDGE('',*,*,#5137,.F.);
#2968=ORIENTED_EDGE('',*,*,#5139,.F.);
#2969=ORIENTED_EDGE('',*,*,#5141,.F.);
#2970=ORIENTED_EDGE('',*,*,#5143,.F.);
#2971=ORIENTED_EDGE('',*,*,#5145,.F.);
#2972=ORIENTED_EDGE('',*,*,#5147,.F.);
#2973=ORIENTED_EDGE('',*,*,#5148,.F.);
#2974=ORIENTED_EDGE('',*,*,#5128,.F.);
#2975=ORIENTED_EDGE('',*,*,#5132,.F.);
#2976=ORIENTED_EDGE('',*,*,#5150,.F.);
#2977=ORIENTED_EDGE('',*,*,#5126,.T.);
#2978=ORIENTED_EDGE('',*,*,#5149,.T.);
#2979=ORIENTED_EDGE('',*,*,#5130,.T.);
#2980=ORIENTED_EDGE('',*,*,#4174,.F.);
#2981=ORIENTED_EDGE('',*,*,#5151,.F.);
#2982=ORIENTED_EDGE('',*,*,#5152,.T.);
#2983=ORIENTED_EDGE('',*,*,#5153,.T.);
#2984=ORIENTED_EDGE('',*,*,#4225,.F.);
#2985=ORIENTED_EDGE('',*,*,#5154,.F.);
#2986=ORIENTED_EDGE('',*,*,#5155,.T.);
#2987=ORIENTED_EDGE('',*,*,#5151,.T.);
#2988=ORIENTED_EDGE('',*,*,#4224,.F.);
#2989=ORIENTED_EDGE('',*,*,#5156,.F.);
#2990=ORIENTED_EDGE('',*,*,#5157,.T.);
#2991=ORIENTED_EDGE('',*,*,#5154,.T.);
#2992=ORIENTED_EDGE('',*,*,#4223,.F.);
#2993=ORIENTED_EDGE('',*,*,#5158,.F.);
#2994=ORIENTED_EDGE('',*,*,#5159,.T.);
#2995=ORIENTED_EDGE('',*,*,#5156,.T.);
#2996=ORIENTED_EDGE('',*,*,#4222,.F.);
#2997=ORIENTED_EDGE('',*,*,#5160,.F.);
#2998=ORIENTED_EDGE('',*,*,#5161,.T.);
#2999=ORIENTED_EDGE('',*,*,#5158,.T.);
#3000=ORIENTED_EDGE('',*,*,#4221,.F.);
#3001=ORIENTED_EDGE('',*,*,#5162,.F.);
#3002=ORIENTED_EDGE('',*,*,#5163,.T.);
#3003=ORIENTED_EDGE('',*,*,#5160,.T.);
#3004=ORIENTED_EDGE('',*,*,#4220,.F.);
#3005=ORIENTED_EDGE('',*,*,#5164,.F.);
#3006=ORIENTED_EDGE('',*,*,#5165,.T.);
#3007=ORIENTED_EDGE('',*,*,#5162,.T.);
#3008=ORIENTED_EDGE('',*,*,#4219,.F.);
#3009=ORIENTED_EDGE('',*,*,#5166,.F.);
#3010=ORIENTED_EDGE('',*,*,#5167,.T.);
#3011=ORIENTED_EDGE('',*,*,#5164,.T.);
#3012=ORIENTED_EDGE('',*,*,#4218,.F.);
#3013=ORIENTED_EDGE('',*,*,#5168,.F.);
#3014=ORIENTED_EDGE('',*,*,#5169,.T.);
#3015=ORIENTED_EDGE('',*,*,#5166,.T.);
#3016=ORIENTED_EDGE('',*,*,#4217,.F.);
#3017=ORIENTED_EDGE('',*,*,#5170,.F.);
#3018=ORIENTED_EDGE('',*,*,#5171,.T.);
#3019=ORIENTED_EDGE('',*,*,#5168,.T.);
#3020=ORIENTED_EDGE('',*,*,#4216,.F.);
#3021=ORIENTED_EDGE('',*,*,#5172,.F.);
#3022=ORIENTED_EDGE('',*,*,#5173,.T.);
#3023=ORIENTED_EDGE('',*,*,#5170,.T.);
#3024=ORIENTED_EDGE('',*,*,#4215,.F.);
#3025=ORIENTED_EDGE('',*,*,#5174,.F.);
#3026=ORIENTED_EDGE('',*,*,#5175,.T.);
#3027=ORIENTED_EDGE('',*,*,#5172,.T.);
#3028=ORIENTED_EDGE('',*,*,#4214,.F.);
#3029=ORIENTED_EDGE('',*,*,#5176,.F.);
#3030=ORIENTED_EDGE('',*,*,#5177,.T.);
#3031=ORIENTED_EDGE('',*,*,#5174,.T.);
#3032=ORIENTED_EDGE('',*,*,#4213,.F.);
#3033=ORIENTED_EDGE('',*,*,#5178,.F.);
#3034=ORIENTED_EDGE('',*,*,#5179,.T.);
#3035=ORIENTED_EDGE('',*,*,#5176,.T.);
#3036=ORIENTED_EDGE('',*,*,#4212,.F.);
#3037=ORIENTED_EDGE('',*,*,#5180,.F.);
#3038=ORIENTED_EDGE('',*,*,#5181,.T.);
#3039=ORIENTED_EDGE('',*,*,#5178,.T.);
#3040=ORIENTED_EDGE('',*,*,#4211,.F.);
#3041=ORIENTED_EDGE('',*,*,#5182,.F.);
#3042=ORIENTED_EDGE('',*,*,#5183,.T.);
#3043=ORIENTED_EDGE('',*,*,#5180,.T.);
#3044=ORIENTED_EDGE('',*,*,#4210,.F.);
#3045=ORIENTED_EDGE('',*,*,#5184,.F.);
#3046=ORIENTED_EDGE('',*,*,#5185,.T.);
#3047=ORIENTED_EDGE('',*,*,#5182,.T.);
#3048=ORIENTED_EDGE('',*,*,#4209,.F.);
#3049=ORIENTED_EDGE('',*,*,#5186,.F.);
#3050=ORIENTED_EDGE('',*,*,#5187,.T.);
#3051=ORIENTED_EDGE('',*,*,#5184,.T.);
#3052=ORIENTED_EDGE('',*,*,#4208,.F.);
#3053=ORIENTED_EDGE('',*,*,#5188,.F.);
#3054=ORIENTED_EDGE('',*,*,#5189,.T.);
#3055=ORIENTED_EDGE('',*,*,#5186,.T.);
#3056=ORIENTED_EDGE('',*,*,#4207,.F.);
#3057=ORIENTED_EDGE('',*,*,#5190,.F.);
#3058=ORIENTED_EDGE('',*,*,#5191,.T.);
#3059=ORIENTED_EDGE('',*,*,#5188,.T.);
#3060=ORIENTED_EDGE('',*,*,#4206,.F.);
#3061=ORIENTED_EDGE('',*,*,#5192,.F.);
#3062=ORIENTED_EDGE('',*,*,#5193,.T.);
#3063=ORIENTED_EDGE('',*,*,#5190,.T.);
#3064=ORIENTED_EDGE('',*,*,#4205,.F.);
#3065=ORIENTED_EDGE('',*,*,#5194,.F.);
#3066=ORIENTED_EDGE('',*,*,#5195,.T.);
#3067=ORIENTED_EDGE('',*,*,#5192,.T.);
#3068=ORIENTED_EDGE('',*,*,#4204,.F.);
#3069=ORIENTED_EDGE('',*,*,#5196,.F.);
#3070=ORIENTED_EDGE('',*,*,#5197,.T.);
#3071=ORIENTED_EDGE('',*,*,#5194,.T.);
#3072=ORIENTED_EDGE('',*,*,#4203,.F.);
#3073=ORIENTED_EDGE('',*,*,#5198,.F.);
#3074=ORIENTED_EDGE('',*,*,#5199,.T.);
#3075=ORIENTED_EDGE('',*,*,#5196,.T.);
#3076=ORIENTED_EDGE('',*,*,#4202,.F.);
#3077=ORIENTED_EDGE('',*,*,#5200,.F.);
#3078=ORIENTED_EDGE('',*,*,#5201,.T.);
#3079=ORIENTED_EDGE('',*,*,#5198,.T.);
#3080=ORIENTED_EDGE('',*,*,#4201,.F.);
#3081=ORIENTED_EDGE('',*,*,#5202,.F.);
#3082=ORIENTED_EDGE('',*,*,#5203,.T.);
#3083=ORIENTED_EDGE('',*,*,#5200,.T.);
#3084=ORIENTED_EDGE('',*,*,#4200,.F.);
#3085=ORIENTED_EDGE('',*,*,#5204,.F.);
#3086=ORIENTED_EDGE('',*,*,#5205,.T.);
#3087=ORIENTED_EDGE('',*,*,#5202,.T.);
#3088=ORIENTED_EDGE('',*,*,#4199,.F.);
#3089=ORIENTED_EDGE('',*,*,#5206,.F.);
#3090=ORIENTED_EDGE('',*,*,#5207,.T.);
#3091=ORIENTED_EDGE('',*,*,#5204,.T.);
#3092=ORIENTED_EDGE('',*,*,#4198,.F.);
#3093=ORIENTED_EDGE('',*,*,#5208,.F.);
#3094=ORIENTED_EDGE('',*,*,#5209,.T.);
#3095=ORIENTED_EDGE('',*,*,#5206,.T.);
#3096=ORIENTED_EDGE('',*,*,#4197,.F.);
#3097=ORIENTED_EDGE('',*,*,#5210,.F.);
#3098=ORIENTED_EDGE('',*,*,#5211,.T.);
#3099=ORIENTED_EDGE('',*,*,#5208,.T.);
#3100=ORIENTED_EDGE('',*,*,#4196,.F.);
#3101=ORIENTED_EDGE('',*,*,#5212,.F.);
#3102=ORIENTED_EDGE('',*,*,#5213,.T.);
#3103=ORIENTED_EDGE('',*,*,#5210,.T.);
#3104=ORIENTED_EDGE('',*,*,#4195,.F.);
#3105=ORIENTED_EDGE('',*,*,#5214,.F.);
#3106=ORIENTED_EDGE('',*,*,#5215,.T.);
#3107=ORIENTED_EDGE('',*,*,#5212,.T.);
#3108=ORIENTED_EDGE('',*,*,#4194,.F.);
#3109=ORIENTED_EDGE('',*,*,#5216,.F.);
#3110=ORIENTED_EDGE('',*,*,#5217,.T.);
#3111=ORIENTED_EDGE('',*,*,#5214,.T.);
#3112=ORIENTED_EDGE('',*,*,#4193,.F.);
#3113=ORIENTED_EDGE('',*,*,#5218,.F.);
#3114=ORIENTED_EDGE('',*,*,#5219,.T.);
#3115=ORIENTED_EDGE('',*,*,#5216,.T.);
#3116=ORIENTED_EDGE('',*,*,#4192,.F.);
#3117=ORIENTED_EDGE('',*,*,#5220,.F.);
#3118=ORIENTED_EDGE('',*,*,#5221,.T.);
#3119=ORIENTED_EDGE('',*,*,#5218,.T.);
#3120=ORIENTED_EDGE('',*,*,#4191,.F.);
#3121=ORIENTED_EDGE('',*,*,#5222,.F.);
#3122=ORIENTED_EDGE('',*,*,#5223,.T.);
#3123=ORIENTED_EDGE('',*,*,#5220,.T.);
#3124=ORIENTED_EDGE('',*,*,#4190,.F.);
#3125=ORIENTED_EDGE('',*,*,#5224,.F.);
#3126=ORIENTED_EDGE('',*,*,#5225,.T.);
#3127=ORIENTED_EDGE('',*,*,#5222,.T.);
#3128=ORIENTED_EDGE('',*,*,#4189,.F.);
#3129=ORIENTED_EDGE('',*,*,#5226,.F.);
#3130=ORIENTED_EDGE('',*,*,#5227,.T.);
#3131=ORIENTED_EDGE('',*,*,#5224,.T.);
#3132=ORIENTED_EDGE('',*,*,#4188,.F.);
#3133=ORIENTED_EDGE('',*,*,#5228,.F.);
#3134=ORIENTED_EDGE('',*,*,#5229,.T.);
#3135=ORIENTED_EDGE('',*,*,#5226,.T.);
#3136=ORIENTED_EDGE('',*,*,#4187,.F.);
#3137=ORIENTED_EDGE('',*,*,#5230,.F.);
#3138=ORIENTED_EDGE('',*,*,#5231,.T.);
#3139=ORIENTED_EDGE('',*,*,#5228,.T.);
#3140=ORIENTED_EDGE('',*,*,#4186,.F.);
#3141=ORIENTED_EDGE('',*,*,#5232,.F.);
#3142=ORIENTED_EDGE('',*,*,#5233,.T.);
#3143=ORIENTED_EDGE('',*,*,#5230,.T.);
#3144=ORIENTED_EDGE('',*,*,#4185,.F.);
#3145=ORIENTED_EDGE('',*,*,#5234,.F.);
#3146=ORIENTED_EDGE('',*,*,#5235,.T.);
#3147=ORIENTED_EDGE('',*,*,#5232,.T.);
#3148=ORIENTED_EDGE('',*,*,#4184,.F.);
#3149=ORIENTED_EDGE('',*,*,#5236,.F.);
#3150=ORIENTED_EDGE('',*,*,#5237,.T.);
#3151=ORIENTED_EDGE('',*,*,#5234,.T.);
#3152=ORIENTED_EDGE('',*,*,#4183,.F.);
#3153=ORIENTED_EDGE('',*,*,#5238,.F.);
#3154=ORIENTED_EDGE('',*,*,#5239,.T.);
#3155=ORIENTED_EDGE('',*,*,#5236,.T.);
#3156=ORIENTED_EDGE('',*,*,#4182,.F.);
#3157=ORIENTED_EDGE('',*,*,#5240,.F.);
#3158=ORIENTED_EDGE('',*,*,#5241,.T.);
#3159=ORIENTED_EDGE('',*,*,#5238,.T.);
#3160=ORIENTED_EDGE('',*,*,#4181,.F.);
#3161=ORIENTED_EDGE('',*,*,#5242,.F.);
#3162=ORIENTED_EDGE('',*,*,#5243,.T.);
#3163=ORIENTED_EDGE('',*,*,#5240,.T.);
#3164=ORIENTED_EDGE('',*,*,#4180,.F.);
#3165=ORIENTED_EDGE('',*,*,#5244,.F.);
#3166=ORIENTED_EDGE('',*,*,#5245,.T.);
#3167=ORIENTED_EDGE('',*,*,#5242,.T.);
#3168=ORIENTED_EDGE('',*,*,#4179,.F.);
#3169=ORIENTED_EDGE('',*,*,#5246,.F.);
#3170=ORIENTED_EDGE('',*,*,#5247,.T.);
#3171=ORIENTED_EDGE('',*,*,#5244,.T.);
#3172=ORIENTED_EDGE('',*,*,#4178,.F.);
#3173=ORIENTED_EDGE('',*,*,#5248,.F.);
#3174=ORIENTED_EDGE('',*,*,#5249,.T.);
#3175=ORIENTED_EDGE('',*,*,#5246,.T.);
#3176=ORIENTED_EDGE('',*,*,#4177,.F.);
#3177=ORIENTED_EDGE('',*,*,#5250,.F.);
#3178=ORIENTED_EDGE('',*,*,#5251,.T.);
#3179=ORIENTED_EDGE('',*,*,#5248,.T.);
#3180=ORIENTED_EDGE('',*,*,#4176,.F.);
#3181=ORIENTED_EDGE('',*,*,#5252,.F.);
#3182=ORIENTED_EDGE('',*,*,#5253,.T.);
#3183=ORIENTED_EDGE('',*,*,#5250,.T.);
#3184=ORIENTED_EDGE('',*,*,#4175,.F.);
#3185=ORIENTED_EDGE('',*,*,#5153,.F.);
#3186=ORIENTED_EDGE('',*,*,#5254,.T.);
#3187=ORIENTED_EDGE('',*,*,#5252,.T.);
#3188=ORIENTED_EDGE('',*,*,#5152,.F.);
#3189=ORIENTED_EDGE('',*,*,#5155,.F.);
#3190=ORIENTED_EDGE('',*,*,#5157,.F.);
#3191=ORIENTED_EDGE('',*,*,#5159,.F.);
#3192=ORIENTED_EDGE('',*,*,#5161,.F.);
#3193=ORIENTED_EDGE('',*,*,#5163,.F.);
#3194=ORIENTED_EDGE('',*,*,#5165,.F.);
#3195=ORIENTED_EDGE('',*,*,#5167,.F.);
#3196=ORIENTED_EDGE('',*,*,#5169,.F.);
#3197=ORIENTED_EDGE('',*,*,#5171,.F.);
#3198=ORIENTED_EDGE('',*,*,#5173,.F.);
#3199=ORIENTED_EDGE('',*,*,#5175,.F.);
#3200=ORIENTED_EDGE('',*,*,#5177,.F.);
#3201=ORIENTED_EDGE('',*,*,#5179,.F.);
#3202=ORIENTED_EDGE('',*,*,#5181,.F.);
#3203=ORIENTED_EDGE('',*,*,#5183,.F.);
#3204=ORIENTED_EDGE('',*,*,#5185,.F.);
#3205=ORIENTED_EDGE('',*,*,#5187,.F.);
#3206=ORIENTED_EDGE('',*,*,#5189,.F.);
#3207=ORIENTED_EDGE('',*,*,#5191,.F.);
#3208=ORIENTED_EDGE('',*,*,#5193,.F.);
#3209=ORIENTED_EDGE('',*,*,#5195,.F.);
#3210=ORIENTED_EDGE('',*,*,#5197,.F.);
#3211=ORIENTED_EDGE('',*,*,#5199,.F.);
#3212=ORIENTED_EDGE('',*,*,#5201,.F.);
#3213=ORIENTED_EDGE('',*,*,#5203,.F.);
#3214=ORIENTED_EDGE('',*,*,#5205,.F.);
#3215=ORIENTED_EDGE('',*,*,#5207,.F.);
#3216=ORIENTED_EDGE('',*,*,#5209,.F.);
#3217=ORIENTED_EDGE('',*,*,#5211,.F.);
#3218=ORIENTED_EDGE('',*,*,#5213,.F.);
#3219=ORIENTED_EDGE('',*,*,#5215,.F.);
#3220=ORIENTED_EDGE('',*,*,#5217,.F.);
#3221=ORIENTED_EDGE('',*,*,#5219,.F.);
#3222=ORIENTED_EDGE('',*,*,#5221,.F.);
#3223=ORIENTED_EDGE('',*,*,#5223,.F.);
#3224=ORIENTED_EDGE('',*,*,#5225,.F.);
#3225=ORIENTED_EDGE('',*,*,#5227,.F.);
#3226=ORIENTED_EDGE('',*,*,#5229,.F.);
#3227=ORIENTED_EDGE('',*,*,#5231,.F.);
#3228=ORIENTED_EDGE('',*,*,#5233,.F.);
#3229=ORIENTED_EDGE('',*,*,#5235,.F.);
#3230=ORIENTED_EDGE('',*,*,#5237,.F.);
#3231=ORIENTED_EDGE('',*,*,#5239,.F.);
#3232=ORIENTED_EDGE('',*,*,#5241,.F.);
#3233=ORIENTED_EDGE('',*,*,#5243,.F.);
#3234=ORIENTED_EDGE('',*,*,#5245,.F.);
#3235=ORIENTED_EDGE('',*,*,#5247,.F.);
#3236=ORIENTED_EDGE('',*,*,#5249,.F.);
#3237=ORIENTED_EDGE('',*,*,#5251,.F.);
#3238=ORIENTED_EDGE('',*,*,#5253,.F.);
#3239=ORIENTED_EDGE('',*,*,#5254,.F.);
#3240=ORIENTED_EDGE('',*,*,#4166,.F.);
#3241=ORIENTED_EDGE('',*,*,#5255,.F.);
#3242=ORIENTED_EDGE('',*,*,#5256,.T.);
#3243=ORIENTED_EDGE('',*,*,#5257,.T.);
#3244=ORIENTED_EDGE('',*,*,#4173,.F.);
#3245=ORIENTED_EDGE('',*,*,#5258,.F.);
#3246=ORIENTED_EDGE('',*,*,#5259,.T.);
#3247=ORIENTED_EDGE('',*,*,#5255,.T.);
#3248=ORIENTED_EDGE('',*,*,#4172,.F.);
#3249=ORIENTED_EDGE('',*,*,#5260,.F.);
#3250=ORIENTED_EDGE('',*,*,#5261,.T.);
#3251=ORIENTED_EDGE('',*,*,#5258,.T.);
#3252=ORIENTED_EDGE('',*,*,#4171,.F.);
#3253=ORIENTED_EDGE('',*,*,#5262,.F.);
#3254=ORIENTED_EDGE('',*,*,#5263,.T.);
#3255=ORIENTED_EDGE('',*,*,#5260,.T.);
#3256=ORIENTED_EDGE('',*,*,#4170,.F.);
#3257=ORIENTED_EDGE('',*,*,#5264,.F.);
#3258=ORIENTED_EDGE('',*,*,#5265,.T.);
#3259=ORIENTED_EDGE('',*,*,#5262,.T.);
#3260=ORIENTED_EDGE('',*,*,#4169,.F.);
#3261=ORIENTED_EDGE('',*,*,#5266,.F.);
#3262=ORIENTED_EDGE('',*,*,#5267,.T.);
#3263=ORIENTED_EDGE('',*,*,#5264,.T.);
#3264=ORIENTED_EDGE('',*,*,#4168,.F.);
#3265=ORIENTED_EDGE('',*,*,#5268,.F.);
#3266=ORIENTED_EDGE('',*,*,#5269,.T.);
#3267=ORIENTED_EDGE('',*,*,#5266,.T.);
#3268=ORIENTED_EDGE('',*,*,#4167,.F.);
#3269=ORIENTED_EDGE('',*,*,#5257,.F.);
#3270=ORIENTED_EDGE('',*,*,#5270,.T.);
#3271=ORIENTED_EDGE('',*,*,#5268,.T.);
#3272=ORIENTED_EDGE('',*,*,#5256,.F.);
#3273=ORIENTED_EDGE('',*,*,#5259,.F.);
#3274=ORIENTED_EDGE('',*,*,#5261,.F.);
#3275=ORIENTED_EDGE('',*,*,#5263,.F.);
#3276=ORIENTED_EDGE('',*,*,#5265,.F.);
#3277=ORIENTED_EDGE('',*,*,#5267,.F.);
#3278=ORIENTED_EDGE('',*,*,#5269,.F.);
#3279=ORIENTED_EDGE('',*,*,#5270,.F.);
#3280=ORIENTED_EDGE('',*,*,#4154,.F.);
#3281=ORIENTED_EDGE('',*,*,#5271,.F.);
#3282=ORIENTED_EDGE('',*,*,#5272,.T.);
#3283=ORIENTED_EDGE('',*,*,#5273,.T.);
#3284=ORIENTED_EDGE('',*,*,#4165,.F.);
#3285=ORIENTED_EDGE('',*,*,#5274,.F.);
#3286=ORIENTED_EDGE('',*,*,#5275,.T.);
#3287=ORIENTED_EDGE('',*,*,#5271,.T.);
#3288=ORIENTED_EDGE('',*,*,#4164,.F.);
#3289=ORIENTED_EDGE('',*,*,#5276,.F.);
#3290=ORIENTED_EDGE('',*,*,#5277,.T.);
#3291=ORIENTED_EDGE('',*,*,#5274,.T.);
#3292=ORIENTED_EDGE('',*,*,#4163,.F.);
#3293=ORIENTED_EDGE('',*,*,#5278,.F.);
#3294=ORIENTED_EDGE('',*,*,#5279,.T.);
#3295=ORIENTED_EDGE('',*,*,#5276,.T.);
#3296=ORIENTED_EDGE('',*,*,#4162,.F.);
#3297=ORIENTED_EDGE('',*,*,#5280,.F.);
#3298=ORIENTED_EDGE('',*,*,#5281,.T.);
#3299=ORIENTED_EDGE('',*,*,#5278,.T.);
#3300=ORIENTED_EDGE('',*,*,#4161,.F.);
#3301=ORIENTED_EDGE('',*,*,#5282,.F.);
#3302=ORIENTED_EDGE('',*,*,#5283,.T.);
#3303=ORIENTED_EDGE('',*,*,#5280,.T.);
#3304=ORIENTED_EDGE('',*,*,#4160,.F.);
#3305=ORIENTED_EDGE('',*,*,#5284,.F.);
#3306=ORIENTED_EDGE('',*,*,#5285,.T.);
#3307=ORIENTED_EDGE('',*,*,#5282,.T.);
#3308=ORIENTED_EDGE('',*,*,#4159,.F.);
#3309=ORIENTED_EDGE('',*,*,#5286,.F.);
#3310=ORIENTED_EDGE('',*,*,#5287,.T.);
#3311=ORIENTED_EDGE('',*,*,#5284,.T.);
#3312=ORIENTED_EDGE('',*,*,#4158,.F.);
#3313=ORIENTED_EDGE('',*,*,#5288,.F.);
#3314=ORIENTED_EDGE('',*,*,#5289,.T.);
#3315=ORIENTED_EDGE('',*,*,#5286,.T.);
#3316=ORIENTED_EDGE('',*,*,#4157,.F.);
#3317=ORIENTED_EDGE('',*,*,#5290,.F.);
#3318=ORIENTED_EDGE('',*,*,#5291,.T.);
#3319=ORIENTED_EDGE('',*,*,#5288,.T.);
#3320=ORIENTED_EDGE('',*,*,#4156,.F.);
#3321=ORIENTED_EDGE('',*,*,#5292,.F.);
#3322=ORIENTED_EDGE('',*,*,#5293,.T.);
#3323=ORIENTED_EDGE('',*,*,#5290,.T.);
#3324=ORIENTED_EDGE('',*,*,#4155,.F.);
#3325=ORIENTED_EDGE('',*,*,#5273,.F.);
#3326=ORIENTED_EDGE('',*,*,#5294,.T.);
#3327=ORIENTED_EDGE('',*,*,#5292,.T.);
#3328=ORIENTED_EDGE('',*,*,#5272,.F.);
#3329=ORIENTED_EDGE('',*,*,#5275,.F.);
#3330=ORIENTED_EDGE('',*,*,#5277,.F.);
#3331=ORIENTED_EDGE('',*,*,#5279,.F.);
#3332=ORIENTED_EDGE('',*,*,#5281,.F.);
#3333=ORIENTED_EDGE('',*,*,#5283,.F.);
#3334=ORIENTED_EDGE('',*,*,#5285,.F.);
#3335=ORIENTED_EDGE('',*,*,#5287,.F.);
#3336=ORIENTED_EDGE('',*,*,#5289,.F.);
#3337=ORIENTED_EDGE('',*,*,#5291,.F.);
#3338=ORIENTED_EDGE('',*,*,#5293,.F.);
#3339=ORIENTED_EDGE('',*,*,#5294,.F.);
#3340=ORIENTED_EDGE('',*,*,#4141,.F.);
#3341=ORIENTED_EDGE('',*,*,#5295,.F.);
#3342=ORIENTED_EDGE('',*,*,#5296,.T.);
#3343=ORIENTED_EDGE('',*,*,#5297,.T.);
#3344=ORIENTED_EDGE('',*,*,#4153,.F.);
#3345=ORIENTED_EDGE('',*,*,#5298,.F.);
#3346=ORIENTED_EDGE('',*,*,#5299,.T.);
#3347=ORIENTED_EDGE('',*,*,#5295,.T.);
#3348=ORIENTED_EDGE('',*,*,#4152,.F.);
#3349=ORIENTED_EDGE('',*,*,#5300,.F.);
#3350=ORIENTED_EDGE('',*,*,#5301,.T.);
#3351=ORIENTED_EDGE('',*,*,#5298,.T.);
#3352=ORIENTED_EDGE('',*,*,#4151,.F.);
#3353=ORIENTED_EDGE('',*,*,#5302,.F.);
#3354=ORIENTED_EDGE('',*,*,#5303,.T.);
#3355=ORIENTED_EDGE('',*,*,#5300,.T.);
#3356=ORIENTED_EDGE('',*,*,#4150,.F.);
#3357=ORIENTED_EDGE('',*,*,#5304,.F.);
#3358=ORIENTED_EDGE('',*,*,#5305,.T.);
#3359=ORIENTED_EDGE('',*,*,#5302,.T.);
#3360=ORIENTED_EDGE('',*,*,#4149,.F.);
#3361=ORIENTED_EDGE('',*,*,#5306,.F.);
#3362=ORIENTED_EDGE('',*,*,#5307,.T.);
#3363=ORIENTED_EDGE('',*,*,#5304,.T.);
#3364=ORIENTED_EDGE('',*,*,#4148,.F.);
#3365=ORIENTED_EDGE('',*,*,#5308,.F.);
#3366=ORIENTED_EDGE('',*,*,#5309,.T.);
#3367=ORIENTED_EDGE('',*,*,#5306,.T.);
#3368=ORIENTED_EDGE('',*,*,#4147,.F.);
#3369=ORIENTED_EDGE('',*,*,#5310,.F.);
#3370=ORIENTED_EDGE('',*,*,#5311,.T.);
#3371=ORIENTED_EDGE('',*,*,#5308,.T.);
#3372=ORIENTED_EDGE('',*,*,#4146,.F.);
#3373=ORIENTED_EDGE('',*,*,#5312,.F.);
#3374=ORIENTED_EDGE('',*,*,#5313,.T.);
#3375=ORIENTED_EDGE('',*,*,#5310,.T.);
#3376=ORIENTED_EDGE('',*,*,#4145,.F.);
#3377=ORIENTED_EDGE('',*,*,#5314,.F.);
#3378=ORIENTED_EDGE('',*,*,#5315,.T.);
#3379=ORIENTED_EDGE('',*,*,#5312,.T.);
#3380=ORIENTED_EDGE('',*,*,#4144,.F.);
#3381=ORIENTED_EDGE('',*,*,#5316,.F.);
#3382=ORIENTED_EDGE('',*,*,#5317,.T.);
#3383=ORIENTED_EDGE('',*,*,#5314,.T.);
#3384=ORIENTED_EDGE('',*,*,#4143,.F.);
#3385=ORIENTED_EDGE('',*,*,#5318,.F.);
#3386=ORIENTED_EDGE('',*,*,#5319,.T.);
#3387=ORIENTED_EDGE('',*,*,#5316,.T.);
#3388=ORIENTED_EDGE('',*,*,#4142,.F.);
#3389=ORIENTED_EDGE('',*,*,#5297,.F.);
#3390=ORIENTED_EDGE('',*,*,#5320,.T.);
#3391=ORIENTED_EDGE('',*,*,#5318,.T.);
#3392=ORIENTED_EDGE('',*,*,#5296,.F.);
#3393=ORIENTED_EDGE('',*,*,#5299,.F.);
#3394=ORIENTED_EDGE('',*,*,#5301,.F.);
#3395=ORIENTED_EDGE('',*,*,#5303,.F.);
#3396=ORIENTED_EDGE('',*,*,#5305,.F.);
#3397=ORIENTED_EDGE('',*,*,#5307,.F.);
#3398=ORIENTED_EDGE('',*,*,#5309,.F.);
#3399=ORIENTED_EDGE('',*,*,#5311,.F.);
#3400=ORIENTED_EDGE('',*,*,#5313,.F.);
#3401=ORIENTED_EDGE('',*,*,#5315,.F.);
#3402=ORIENTED_EDGE('',*,*,#5317,.F.);
#3403=ORIENTED_EDGE('',*,*,#5319,.F.);
#3404=ORIENTED_EDGE('',*,*,#5320,.F.);
#3405=ORIENTED_EDGE('',*,*,#4089,.F.);
#3406=ORIENTED_EDGE('',*,*,#5321,.F.);
#3407=ORIENTED_EDGE('',*,*,#5322,.T.);
#3408=ORIENTED_EDGE('',*,*,#5323,.T.);
#3409=ORIENTED_EDGE('',*,*,#4140,.F.);
#3410=ORIENTED_EDGE('',*,*,#5324,.F.);
#3411=ORIENTED_EDGE('',*,*,#5325,.T.);
#3412=ORIENTED_EDGE('',*,*,#5321,.T.);
#3413=ORIENTED_EDGE('',*,*,#4139,.F.);
#3414=ORIENTED_EDGE('',*,*,#5326,.F.);
#3415=ORIENTED_EDGE('',*,*,#5327,.T.);
#3416=ORIENTED_EDGE('',*,*,#5324,.T.);
#3417=ORIENTED_EDGE('',*,*,#4138,.F.);
#3418=ORIENTED_EDGE('',*,*,#5328,.F.);
#3419=ORIENTED_EDGE('',*,*,#5329,.T.);
#3420=ORIENTED_EDGE('',*,*,#5326,.T.);
#3421=ORIENTED_EDGE('',*,*,#4137,.F.);
#3422=ORIENTED_EDGE('',*,*,#5330,.F.);
#3423=ORIENTED_EDGE('',*,*,#5331,.T.);
#3424=ORIENTED_EDGE('',*,*,#5328,.T.);
#3425=ORIENTED_EDGE('',*,*,#4136,.F.);
#3426=ORIENTED_EDGE('',*,*,#5332,.F.);
#3427=ORIENTED_EDGE('',*,*,#5333,.T.);
#3428=ORIENTED_EDGE('',*,*,#5330,.T.);
#3429=ORIENTED_EDGE('',*,*,#4135,.F.);
#3430=ORIENTED_EDGE('',*,*,#5334,.F.);
#3431=ORIENTED_EDGE('',*,*,#5335,.T.);
#3432=ORIENTED_EDGE('',*,*,#5332,.T.);
#3433=ORIENTED_EDGE('',*,*,#4134,.F.);
#3434=ORIENTED_EDGE('',*,*,#5336,.F.);
#3435=ORIENTED_EDGE('',*,*,#5337,.T.);
#3436=ORIENTED_EDGE('',*,*,#5334,.T.);
#3437=ORIENTED_EDGE('',*,*,#4133,.F.);
#3438=ORIENTED_EDGE('',*,*,#5338,.F.);
#3439=ORIENTED_EDGE('',*,*,#5339,.T.);
#3440=ORIENTED_EDGE('',*,*,#5336,.T.);
#3441=ORIENTED_EDGE('',*,*,#4132,.F.);
#3442=ORIENTED_EDGE('',*,*,#5340,.F.);
#3443=ORIENTED_EDGE('',*,*,#5341,.T.);
#3444=ORIENTED_EDGE('',*,*,#5338,.T.);
#3445=ORIENTED_EDGE('',*,*,#4131,.F.);
#3446=ORIENTED_EDGE('',*,*,#5342,.F.);
#3447=ORIENTED_EDGE('',*,*,#5343,.T.);
#3448=ORIENTED_EDGE('',*,*,#5340,.T.);
#3449=ORIENTED_EDGE('',*,*,#4130,.F.);
#3450=ORIENTED_EDGE('',*,*,#5344,.F.);
#3451=ORIENTED_EDGE('',*,*,#5345,.T.);
#3452=ORIENTED_EDGE('',*,*,#5342,.T.);
#3453=ORIENTED_EDGE('',*,*,#4129,.F.);
#3454=ORIENTED_EDGE('',*,*,#5346,.F.);
#3455=ORIENTED_EDGE('',*,*,#5347,.T.);
#3456=ORIENTED_EDGE('',*,*,#5344,.T.);
#3457=ORIENTED_EDGE('',*,*,#4128,.F.);
#3458=ORIENTED_EDGE('',*,*,#5348,.F.);
#3459=ORIENTED_EDGE('',*,*,#5349,.T.);
#3460=ORIENTED_EDGE('',*,*,#5346,.T.);
#3461=ORIENTED_EDGE('',*,*,#4127,.F.);
#3462=ORIENTED_EDGE('',*,*,#5350,.F.);
#3463=ORIENTED_EDGE('',*,*,#5351,.T.);
#3464=ORIENTED_EDGE('',*,*,#5348,.T.);
#3465=ORIENTED_EDGE('',*,*,#4126,.F.);
#3466=ORIENTED_EDGE('',*,*,#5352,.F.);
#3467=ORIENTED_EDGE('',*,*,#5353,.T.);
#3468=ORIENTED_EDGE('',*,*,#5350,.T.);
#3469=ORIENTED_EDGE('',*,*,#4125,.F.);
#3470=ORIENTED_EDGE('',*,*,#5354,.F.);
#3471=ORIENTED_EDGE('',*,*,#5355,.T.);
#3472=ORIENTED_EDGE('',*,*,#5352,.T.);
#3473=ORIENTED_EDGE('',*,*,#4124,.F.);
#3474=ORIENTED_EDGE('',*,*,#5356,.F.);
#3475=ORIENTED_EDGE('',*,*,#5357,.T.);
#3476=ORIENTED_EDGE('',*,*,#5354,.T.);
#3477=ORIENTED_EDGE('',*,*,#4123,.F.);
#3478=ORIENTED_EDGE('',*,*,#5358,.F.);
#3479=ORIENTED_EDGE('',*,*,#5359,.T.);
#3480=ORIENTED_EDGE('',*,*,#5356,.T.);
#3481=ORIENTED_EDGE('',*,*,#4122,.F.);
#3482=ORIENTED_EDGE('',*,*,#5360,.F.);
#3483=ORIENTED_EDGE('',*,*,#5361,.T.);
#3484=ORIENTED_EDGE('',*,*,#5358,.T.);
#3485=ORIENTED_EDGE('',*,*,#4121,.F.);
#3486=ORIENTED_EDGE('',*,*,#5362,.F.);
#3487=ORIENTED_EDGE('',*,*,#5363,.T.);
#3488=ORIENTED_EDGE('',*,*,#5360,.T.);
#3489=ORIENTED_EDGE('',*,*,#4120,.F.);
#3490=ORIENTED_EDGE('',*,*,#5364,.F.);
#3491=ORIENTED_EDGE('',*,*,#5365,.T.);
#3492=ORIENTED_EDGE('',*,*,#5362,.T.);
#3493=ORIENTED_EDGE('',*,*,#4119,.F.);
#3494=ORIENTED_EDGE('',*,*,#5366,.F.);
#3495=ORIENTED_EDGE('',*,*,#5367,.T.);
#3496=ORIENTED_EDGE('',*,*,#5364,.T.);
#3497=ORIENTED_EDGE('',*,*,#4118,.F.);
#3498=ORIENTED_EDGE('',*,*,#5368,.F.);
#3499=ORIENTED_EDGE('',*,*,#5369,.T.);
#3500=ORIENTED_EDGE('',*,*,#5366,.T.);
#3501=ORIENTED_EDGE('',*,*,#4117,.F.);
#3502=ORIENTED_EDGE('',*,*,#5370,.F.);
#3503=ORIENTED_EDGE('',*,*,#5371,.T.);
#3504=ORIENTED_EDGE('',*,*,#5368,.T.);
#3505=ORIENTED_EDGE('',*,*,#4116,.F.);
#3506=ORIENTED_EDGE('',*,*,#5372,.F.);
#3507=ORIENTED_EDGE('',*,*,#5373,.T.);
#3508=ORIENTED_EDGE('',*,*,#5370,.T.);
#3509=ORIENTED_EDGE('',*,*,#4115,.F.);
#3510=ORIENTED_EDGE('',*,*,#5374,.F.);
#3511=ORIENTED_EDGE('',*,*,#5375,.T.);
#3512=ORIENTED_EDGE('',*,*,#5372,.T.);
#3513=ORIENTED_EDGE('',*,*,#4114,.F.);
#3514=ORIENTED_EDGE('',*,*,#5376,.F.);
#3515=ORIENTED_EDGE('',*,*,#5377,.T.);
#3516=ORIENTED_EDGE('',*,*,#5374,.T.);
#3517=ORIENTED_EDGE('',*,*,#4113,.F.);
#3518=ORIENTED_EDGE('',*,*,#5378,.F.);
#3519=ORIENTED_EDGE('',*,*,#5379,.T.);
#3520=ORIENTED_EDGE('',*,*,#5376,.T.);
#3521=ORIENTED_EDGE('',*,*,#4112,.F.);
#3522=ORIENTED_EDGE('',*,*,#5380,.F.);
#3523=ORIENTED_EDGE('',*,*,#5381,.T.);
#3524=ORIENTED_EDGE('',*,*,#5378,.T.);
#3525=ORIENTED_EDGE('',*,*,#4111,.F.);
#3526=ORIENTED_EDGE('',*,*,#5382,.F.);
#3527=ORIENTED_EDGE('',*,*,#5383,.T.);
#3528=ORIENTED_EDGE('',*,*,#5380,.T.);
#3529=ORIENTED_EDGE('',*,*,#4110,.F.);
#3530=ORIENTED_EDGE('',*,*,#5384,.F.);
#3531=ORIENTED_EDGE('',*,*,#5385,.T.);
#3532=ORIENTED_EDGE('',*,*,#5382,.T.);
#3533=ORIENTED_EDGE('',*,*,#4109,.F.);
#3534=ORIENTED_EDGE('',*,*,#5386,.F.);
#3535=ORIENTED_EDGE('',*,*,#5387,.T.);
#3536=ORIENTED_EDGE('',*,*,#5384,.T.);
#3537=ORIENTED_EDGE('',*,*,#4108,.F.);
#3538=ORIENTED_EDGE('',*,*,#5388,.F.);
#3539=ORIENTED_EDGE('',*,*,#5389,.T.);
#3540=ORIENTED_EDGE('',*,*,#5386,.T.);
#3541=ORIENTED_EDGE('',*,*,#4107,.F.);
#3542=ORIENTED_EDGE('',*,*,#5390,.F.);
#3543=ORIENTED_EDGE('',*,*,#5391,.T.);
#3544=ORIENTED_EDGE('',*,*,#5388,.T.);
#3545=ORIENTED_EDGE('',*,*,#4106,.F.);
#3546=ORIENTED_EDGE('',*,*,#5392,.F.);
#3547=ORIENTED_EDGE('',*,*,#5393,.T.);
#3548=ORIENTED_EDGE('',*,*,#5390,.T.);
#3549=ORIENTED_EDGE('',*,*,#4105,.F.);
#3550=ORIENTED_EDGE('',*,*,#5394,.F.);
#3551=ORIENTED_EDGE('',*,*,#5395,.T.);
#3552=ORIENTED_EDGE('',*,*,#5392,.T.);
#3553=ORIENTED_EDGE('',*,*,#4104,.F.);
#3554=ORIENTED_EDGE('',*,*,#5396,.F.);
#3555=ORIENTED_EDGE('',*,*,#5397,.T.);
#3556=ORIENTED_EDGE('',*,*,#5394,.T.);
#3557=ORIENTED_EDGE('',*,*,#4103,.F.);
#3558=ORIENTED_EDGE('',*,*,#5398,.F.);
#3559=ORIENTED_EDGE('',*,*,#5399,.T.);
#3560=ORIENTED_EDGE('',*,*,#5396,.T.);
#3561=ORIENTED_EDGE('',*,*,#4102,.F.);
#3562=ORIENTED_EDGE('',*,*,#5400,.F.);
#3563=ORIENTED_EDGE('',*,*,#5401,.T.);
#3564=ORIENTED_EDGE('',*,*,#5398,.T.);
#3565=ORIENTED_EDGE('',*,*,#4101,.F.);
#3566=ORIENTED_EDGE('',*,*,#5402,.F.);
#3567=ORIENTED_EDGE('',*,*,#5403,.T.);
#3568=ORIENTED_EDGE('',*,*,#5400,.T.);
#3569=ORIENTED_EDGE('',*,*,#4100,.F.);
#3570=ORIENTED_EDGE('',*,*,#5404,.F.);
#3571=ORIENTED_EDGE('',*,*,#5405,.T.);
#3572=ORIENTED_EDGE('',*,*,#5402,.T.);
#3573=ORIENTED_EDGE('',*,*,#4099,.F.);
#3574=ORIENTED_EDGE('',*,*,#5406,.F.);
#3575=ORIENTED_EDGE('',*,*,#5407,.T.);
#3576=ORIENTED_EDGE('',*,*,#5404,.T.);
#3577=ORIENTED_EDGE('',*,*,#4098,.F.);
#3578=ORIENTED_EDGE('',*,*,#5408,.F.);
#3579=ORIENTED_EDGE('',*,*,#5409,.T.);
#3580=ORIENTED_EDGE('',*,*,#5406,.T.);
#3581=ORIENTED_EDGE('',*,*,#4097,.F.);
#3582=ORIENTED_EDGE('',*,*,#5410,.F.);
#3583=ORIENTED_EDGE('',*,*,#5411,.T.);
#3584=ORIENTED_EDGE('',*,*,#5408,.T.);
#3585=ORIENTED_EDGE('',*,*,#4096,.F.);
#3586=ORIENTED_EDGE('',*,*,#5412,.F.);
#3587=ORIENTED_EDGE('',*,*,#5413,.T.);
#3588=ORIENTED_EDGE('',*,*,#5410,.T.);
#3589=ORIENTED_EDGE('',*,*,#4095,.F.);
#3590=ORIENTED_EDGE('',*,*,#5414,.F.);
#3591=ORIENTED_EDGE('',*,*,#5415,.T.);
#3592=ORIENTED_EDGE('',*,*,#5412,.T.);
#3593=ORIENTED_EDGE('',*,*,#4094,.F.);
#3594=ORIENTED_EDGE('',*,*,#5416,.F.);
#3595=ORIENTED_EDGE('',*,*,#5417,.T.);
#3596=ORIENTED_EDGE('',*,*,#5414,.T.);
#3597=ORIENTED_EDGE('',*,*,#4093,.F.);
#3598=ORIENTED_EDGE('',*,*,#5418,.F.);
#3599=ORIENTED_EDGE('',*,*,#5419,.T.);
#3600=ORIENTED_EDGE('',*,*,#5416,.T.);
#3601=ORIENTED_EDGE('',*,*,#4092,.F.);
#3602=ORIENTED_EDGE('',*,*,#5420,.F.);
#3603=ORIENTED_EDGE('',*,*,#5421,.T.);
#3604=ORIENTED_EDGE('',*,*,#5418,.T.);
#3605=ORIENTED_EDGE('',*,*,#4091,.F.);
#3606=ORIENTED_EDGE('',*,*,#5422,.F.);
#3607=ORIENTED_EDGE('',*,*,#5423,.T.);
#3608=ORIENTED_EDGE('',*,*,#5420,.T.);
#3609=ORIENTED_EDGE('',*,*,#4090,.F.);
#3610=ORIENTED_EDGE('',*,*,#5323,.F.);
#3611=ORIENTED_EDGE('',*,*,#5424,.T.);
#3612=ORIENTED_EDGE('',*,*,#5422,.T.);
#3613=ORIENTED_EDGE('',*,*,#5322,.F.);
#3614=ORIENTED_EDGE('',*,*,#5325,.F.);
#3615=ORIENTED_EDGE('',*,*,#5327,.F.);
#3616=ORIENTED_EDGE('',*,*,#5329,.F.);
#3617=ORIENTED_EDGE('',*,*,#5331,.F.);
#3618=ORIENTED_EDGE('',*,*,#5333,.F.);
#3619=ORIENTED_EDGE('',*,*,#5335,.F.);
#3620=ORIENTED_EDGE('',*,*,#5337,.F.);
#3621=ORIENTED_EDGE('',*,*,#5339,.F.);
#3622=ORIENTED_EDGE('',*,*,#5341,.F.);
#3623=ORIENTED_EDGE('',*,*,#5343,.F.);
#3624=ORIENTED_EDGE('',*,*,#5345,.F.);
#3625=ORIENTED_EDGE('',*,*,#5347,.F.);
#3626=ORIENTED_EDGE('',*,*,#5349,.F.);
#3627=ORIENTED_EDGE('',*,*,#5351,.F.);
#3628=ORIENTED_EDGE('',*,*,#5353,.F.);
#3629=ORIENTED_EDGE('',*,*,#5355,.F.);
#3630=ORIENTED_EDGE('',*,*,#5357,.F.);
#3631=ORIENTED_EDGE('',*,*,#5359,.F.);
#3632=ORIENTED_EDGE('',*,*,#5361,.F.);
#3633=ORIENTED_EDGE('',*,*,#5363,.F.);
#3634=ORIENTED_EDGE('',*,*,#5365,.F.);
#3635=ORIENTED_EDGE('',*,*,#5367,.F.);
#3636=ORIENTED_EDGE('',*,*,#5369,.F.);
#3637=ORIENTED_EDGE('',*,*,#5371,.F.);
#3638=ORIENTED_EDGE('',*,*,#5373,.F.);
#3639=ORIENTED_EDGE('',*,*,#5375,.F.);
#3640=ORIENTED_EDGE('',*,*,#5377,.F.);
#3641=ORIENTED_EDGE('',*,*,#5379,.F.);
#3642=ORIENTED_EDGE('',*,*,#5381,.F.);
#3643=ORIENTED_EDGE('',*,*,#5383,.F.);
#3644=ORIENTED_EDGE('',*,*,#5385,.F.);
#3645=ORIENTED_EDGE('',*,*,#5387,.F.);
#3646=ORIENTED_EDGE('',*,*,#5389,.F.);
#3647=ORIENTED_EDGE('',*,*,#5391,.F.);
#3648=ORIENTED_EDGE('',*,*,#5393,.F.);
#3649=ORIENTED_EDGE('',*,*,#5395,.F.);
#3650=ORIENTED_EDGE('',*,*,#5397,.F.);
#3651=ORIENTED_EDGE('',*,*,#5399,.F.);
#3652=ORIENTED_EDGE('',*,*,#5401,.F.);
#3653=ORIENTED_EDGE('',*,*,#5403,.F.);
#3654=ORIENTED_EDGE('',*,*,#5405,.F.);
#3655=ORIENTED_EDGE('',*,*,#5407,.F.);
#3656=ORIENTED_EDGE('',*,*,#5409,.F.);
#3657=ORIENTED_EDGE('',*,*,#5411,.F.);
#3658=ORIENTED_EDGE('',*,*,#5413,.F.);
#3659=ORIENTED_EDGE('',*,*,#5415,.F.);
#3660=ORIENTED_EDGE('',*,*,#5417,.F.);
#3661=ORIENTED_EDGE('',*,*,#5419,.F.);
#3662=ORIENTED_EDGE('',*,*,#5421,.F.);
#3663=ORIENTED_EDGE('',*,*,#5423,.F.);
#3664=ORIENTED_EDGE('',*,*,#5424,.F.);
#3665=ORIENTED_EDGE('',*,*,#5425,.F.);
#3666=ORIENTED_EDGE('',*,*,#5426,.F.);
#3667=ORIENTED_EDGE('',*,*,#5427,.T.);
#3668=ORIENTED_EDGE('',*,*,#5428,.T.);
#3669=ORIENTED_EDGE('',*,*,#5429,.F.);
#3670=ORIENTED_EDGE('',*,*,#5430,.F.);
#3671=ORIENTED_EDGE('',*,*,#5431,.T.);
#3672=ORIENTED_EDGE('',*,*,#5426,.T.);
#3673=ORIENTED_EDGE('',*,*,#5432,.F.);
#3674=ORIENTED_EDGE('',*,*,#5433,.F.);
#3675=ORIENTED_EDGE('',*,*,#5434,.T.);
#3676=ORIENTED_EDGE('',*,*,#5430,.T.);
#3677=ORIENTED_EDGE('',*,*,#5435,.F.);
#3678=ORIENTED_EDGE('',*,*,#5436,.F.);
#3679=ORIENTED_EDGE('',*,*,#5437,.T.);
#3680=ORIENTED_EDGE('',*,*,#5433,.T.);
#3681=ORIENTED_EDGE('',*,*,#5438,.F.);
#3682=ORIENTED_EDGE('',*,*,#5439,.F.);
#3683=ORIENTED_EDGE('',*,*,#5440,.T.);
#3684=ORIENTED_EDGE('',*,*,#5436,.T.);
#3685=ORIENTED_EDGE('',*,*,#5441,.F.);
#3686=ORIENTED_EDGE('',*,*,#5442,.F.);
#3687=ORIENTED_EDGE('',*,*,#5443,.T.);
#3688=ORIENTED_EDGE('',*,*,#5439,.T.);
#3689=ORIENTED_EDGE('',*,*,#5444,.F.);
#3690=ORIENTED_EDGE('',*,*,#5445,.F.);
#3691=ORIENTED_EDGE('',*,*,#5446,.T.);
#3692=ORIENTED_EDGE('',*,*,#5442,.T.);
#3693=ORIENTED_EDGE('',*,*,#5447,.F.);
#3694=ORIENTED_EDGE('',*,*,#5448,.F.);
#3695=ORIENTED_EDGE('',*,*,#5449,.T.);
#3696=ORIENTED_EDGE('',*,*,#5445,.T.);
#3697=ORIENTED_EDGE('',*,*,#5450,.F.);
#3698=ORIENTED_EDGE('',*,*,#5451,.F.);
#3699=ORIENTED_EDGE('',*,*,#5452,.T.);
#3700=ORIENTED_EDGE('',*,*,#5448,.T.);
#3701=ORIENTED_EDGE('',*,*,#5453,.F.);
#3702=ORIENTED_EDGE('',*,*,#5454,.F.);
#3703=ORIENTED_EDGE('',*,*,#5455,.T.);
#3704=ORIENTED_EDGE('',*,*,#5451,.T.);
#3705=ORIENTED_EDGE('',*,*,#5456,.F.);
#3706=ORIENTED_EDGE('',*,*,#5457,.F.);
#3707=ORIENTED_EDGE('',*,*,#5458,.T.);
#3708=ORIENTED_EDGE('',*,*,#5454,.T.);
#3709=ORIENTED_EDGE('',*,*,#5459,.F.);
#3710=ORIENTED_EDGE('',*,*,#5460,.F.);
#3711=ORIENTED_EDGE('',*,*,#5461,.T.);
#3712=ORIENTED_EDGE('',*,*,#5457,.T.);
#3713=ORIENTED_EDGE('',*,*,#5462,.F.);
#3714=ORIENTED_EDGE('',*,*,#5463,.F.);
#3715=ORIENTED_EDGE('',*,*,#5464,.T.);
#3716=ORIENTED_EDGE('',*,*,#5460,.T.);
#3717=ORIENTED_EDGE('',*,*,#5465,.F.);
#3718=ORIENTED_EDGE('',*,*,#5466,.F.);
#3719=ORIENTED_EDGE('',*,*,#5467,.T.);
#3720=ORIENTED_EDGE('',*,*,#5463,.T.);
#3721=ORIENTED_EDGE('',*,*,#5468,.F.);
#3722=ORIENTED_EDGE('',*,*,#5469,.F.);
#3723=ORIENTED_EDGE('',*,*,#5470,.T.);
#3724=ORIENTED_EDGE('',*,*,#5466,.T.);
#3725=ORIENTED_EDGE('',*,*,#5471,.F.);
#3726=ORIENTED_EDGE('',*,*,#5472,.F.);
#3727=ORIENTED_EDGE('',*,*,#5473,.T.);
#3728=ORIENTED_EDGE('',*,*,#5469,.T.);
#3729=ORIENTED_EDGE('',*,*,#5474,.F.);
#3730=ORIENTED_EDGE('',*,*,#5475,.F.);
#3731=ORIENTED_EDGE('',*,*,#5476,.T.);
#3732=ORIENTED_EDGE('',*,*,#5472,.T.);
#3733=ORIENTED_EDGE('',*,*,#5477,.F.);
#3734=ORIENTED_EDGE('',*,*,#5478,.F.);
#3735=ORIENTED_EDGE('',*,*,#5479,.T.);
#3736=ORIENTED_EDGE('',*,*,#5475,.T.);
#3737=ORIENTED_EDGE('',*,*,#5480,.F.);
#3738=ORIENTED_EDGE('',*,*,#5481,.F.);
#3739=ORIENTED_EDGE('',*,*,#5482,.T.);
#3740=ORIENTED_EDGE('',*,*,#5478,.T.);
#3741=ORIENTED_EDGE('',*,*,#5483,.F.);
#3742=ORIENTED_EDGE('',*,*,#5484,.F.);
#3743=ORIENTED_EDGE('',*,*,#5485,.T.);
#3744=ORIENTED_EDGE('',*,*,#5481,.T.);
#3745=ORIENTED_EDGE('',*,*,#5486,.F.);
#3746=ORIENTED_EDGE('',*,*,#5487,.F.);
#3747=ORIENTED_EDGE('',*,*,#5488,.T.);
#3748=ORIENTED_EDGE('',*,*,#5484,.T.);
#3749=ORIENTED_EDGE('',*,*,#5489,.F.);
#3750=ORIENTED_EDGE('',*,*,#5490,.F.);
#3751=ORIENTED_EDGE('',*,*,#5491,.T.);
#3752=ORIENTED_EDGE('',*,*,#5487,.T.);
#3753=ORIENTED_EDGE('',*,*,#5492,.F.);
#3754=ORIENTED_EDGE('',*,*,#5493,.F.);
#3755=ORIENTED_EDGE('',*,*,#5494,.T.);
#3756=ORIENTED_EDGE('',*,*,#5490,.T.);
#3757=ORIENTED_EDGE('',*,*,#5495,.F.);
#3758=ORIENTED_EDGE('',*,*,#5496,.F.);
#3759=ORIENTED_EDGE('',*,*,#5497,.T.);
#3760=ORIENTED_EDGE('',*,*,#5493,.T.);
#3761=ORIENTED_EDGE('',*,*,#5498,.F.);
#3762=ORIENTED_EDGE('',*,*,#5499,.F.);
#3763=ORIENTED_EDGE('',*,*,#5500,.T.);
#3764=ORIENTED_EDGE('',*,*,#5496,.T.);
#3765=ORIENTED_EDGE('',*,*,#4063,.F.);
#3766=ORIENTED_EDGE('',*,*,#5501,.F.);
#3767=ORIENTED_EDGE('',*,*,#5502,.T.);
#3768=ORIENTED_EDGE('',*,*,#5503,.T.);
#3769=ORIENTED_EDGE('',*,*,#4088,.F.);
#3770=ORIENTED_EDGE('',*,*,#5504,.F.);
#3771=ORIENTED_EDGE('',*,*,#5505,.T.);
#3772=ORIENTED_EDGE('',*,*,#5501,.T.);
#3773=ORIENTED_EDGE('',*,*,#4087,.F.);
#3774=ORIENTED_EDGE('',*,*,#5506,.F.);
#3775=ORIENTED_EDGE('',*,*,#5507,.T.);
#3776=ORIENTED_EDGE('',*,*,#5504,.T.);
#3777=ORIENTED_EDGE('',*,*,#4086,.F.);
#3778=ORIENTED_EDGE('',*,*,#5508,.F.);
#3779=ORIENTED_EDGE('',*,*,#5509,.T.);
#3780=ORIENTED_EDGE('',*,*,#5506,.T.);
#3781=ORIENTED_EDGE('',*,*,#4085,.F.);
#3782=ORIENTED_EDGE('',*,*,#5510,.F.);
#3783=ORIENTED_EDGE('',*,*,#5511,.T.);
#3784=ORIENTED_EDGE('',*,*,#5508,.T.);
#3785=ORIENTED_EDGE('',*,*,#4084,.F.);
#3786=ORIENTED_EDGE('',*,*,#5512,.F.);
#3787=ORIENTED_EDGE('',*,*,#5513,.T.);
#3788=ORIENTED_EDGE('',*,*,#5510,.T.);
#3789=ORIENTED_EDGE('',*,*,#4083,.F.);
#3790=ORIENTED_EDGE('',*,*,#5514,.F.);
#3791=ORIENTED_EDGE('',*,*,#5515,.T.);
#3792=ORIENTED_EDGE('',*,*,#5512,.T.);
#3793=ORIENTED_EDGE('',*,*,#4082,.F.);
#3794=ORIENTED_EDGE('',*,*,#5516,.F.);
#3795=ORIENTED_EDGE('',*,*,#5517,.T.);
#3796=ORIENTED_EDGE('',*,*,#5514,.T.);
#3797=ORIENTED_EDGE('',*,*,#4081,.F.);
#3798=ORIENTED_EDGE('',*,*,#5518,.F.);
#3799=ORIENTED_EDGE('',*,*,#5519,.T.);
#3800=ORIENTED_EDGE('',*,*,#5516,.T.);
#3801=ORIENTED_EDGE('',*,*,#4080,.F.);
#3802=ORIENTED_EDGE('',*,*,#5520,.F.);
#3803=ORIENTED_EDGE('',*,*,#5521,.T.);
#3804=ORIENTED_EDGE('',*,*,#5518,.T.);
#3805=ORIENTED_EDGE('',*,*,#4079,.F.);
#3806=ORIENTED_EDGE('',*,*,#5522,.F.);
#3807=ORIENTED_EDGE('',*,*,#5523,.T.);
#3808=ORIENTED_EDGE('',*,*,#5520,.T.);
#3809=ORIENTED_EDGE('',*,*,#4078,.F.);
#3810=ORIENTED_EDGE('',*,*,#5524,.F.);
#3811=ORIENTED_EDGE('',*,*,#5525,.T.);
#3812=ORIENTED_EDGE('',*,*,#5522,.T.);
#3813=ORIENTED_EDGE('',*,*,#4077,.F.);
#3814=ORIENTED_EDGE('',*,*,#5526,.F.);
#3815=ORIENTED_EDGE('',*,*,#5527,.T.);
#3816=ORIENTED_EDGE('',*,*,#5524,.T.);
#3817=ORIENTED_EDGE('',*,*,#4076,.F.);
#3818=ORIENTED_EDGE('',*,*,#5528,.F.);
#3819=ORIENTED_EDGE('',*,*,#5529,.T.);
#3820=ORIENTED_EDGE('',*,*,#5526,.T.);
#3821=ORIENTED_EDGE('',*,*,#4075,.F.);
#3822=ORIENTED_EDGE('',*,*,#5530,.F.);
#3823=ORIENTED_EDGE('',*,*,#5531,.T.);
#3824=ORIENTED_EDGE('',*,*,#5528,.T.);
#3825=ORIENTED_EDGE('',*,*,#4074,.F.);
#3826=ORIENTED_EDGE('',*,*,#5532,.F.);
#3827=ORIENTED_EDGE('',*,*,#5533,.T.);
#3828=ORIENTED_EDGE('',*,*,#5530,.T.);
#3829=ORIENTED_EDGE('',*,*,#4073,.F.);
#3830=ORIENTED_EDGE('',*,*,#5534,.F.);
#3831=ORIENTED_EDGE('',*,*,#5535,.T.);
#3832=ORIENTED_EDGE('',*,*,#5532,.T.);
#3833=ORIENTED_EDGE('',*,*,#4072,.F.);
#3834=ORIENTED_EDGE('',*,*,#5536,.F.);
#3835=ORIENTED_EDGE('',*,*,#5537,.T.);
#3836=ORIENTED_EDGE('',*,*,#5534,.T.);
#3837=ORIENTED_EDGE('',*,*,#4071,.F.);
#3838=ORIENTED_EDGE('',*,*,#5538,.F.);
#3839=ORIENTED_EDGE('',*,*,#5539,.T.);
#3840=ORIENTED_EDGE('',*,*,#5536,.T.);
#3841=ORIENTED_EDGE('',*,*,#4070,.F.);
#3842=ORIENTED_EDGE('',*,*,#5540,.F.);
#3843=ORIENTED_EDGE('',*,*,#5541,.T.);
#3844=ORIENTED_EDGE('',*,*,#5538,.T.);
#3845=ORIENTED_EDGE('',*,*,#4069,.F.);
#3846=ORIENTED_EDGE('',*,*,#5542,.F.);
#3847=ORIENTED_EDGE('',*,*,#5543,.T.);
#3848=ORIENTED_EDGE('',*,*,#5540,.T.);
#3849=ORIENTED_EDGE('',*,*,#4068,.F.);
#3850=ORIENTED_EDGE('',*,*,#5544,.F.);
#3851=ORIENTED_EDGE('',*,*,#5545,.T.);
#3852=ORIENTED_EDGE('',*,*,#5542,.T.);
#3853=ORIENTED_EDGE('',*,*,#4067,.F.);
#3854=ORIENTED_EDGE('',*,*,#5546,.F.);
#3855=ORIENTED_EDGE('',*,*,#5547,.T.);
#3856=ORIENTED_EDGE('',*,*,#5544,.T.);
#3857=ORIENTED_EDGE('',*,*,#4066,.F.);
#3858=ORIENTED_EDGE('',*,*,#5548,.F.);
#3859=ORIENTED_EDGE('',*,*,#5549,.T.);
#3860=ORIENTED_EDGE('',*,*,#5546,.T.);
#3861=ORIENTED_EDGE('',*,*,#4065,.F.);
#3862=ORIENTED_EDGE('',*,*,#5550,.F.);
#3863=ORIENTED_EDGE('',*,*,#5551,.T.);
#3864=ORIENTED_EDGE('',*,*,#5548,.T.);
#3865=ORIENTED_EDGE('',*,*,#4064,.F.);
#3866=ORIENTED_EDGE('',*,*,#5503,.F.);
#3867=ORIENTED_EDGE('',*,*,#5552,.T.);
#3868=ORIENTED_EDGE('',*,*,#5550,.T.);
#3869=ORIENTED_EDGE('',*,*,#5553,.F.);
#3870=ORIENTED_EDGE('',*,*,#5428,.F.);
#3871=ORIENTED_EDGE('',*,*,#5554,.T.);
#3872=ORIENTED_EDGE('',*,*,#5499,.T.);
#3873=ORIENTED_EDGE('',*,*,#5502,.F.);
#3874=ORIENTED_EDGE('',*,*,#5505,.F.);
#3875=ORIENTED_EDGE('',*,*,#5507,.F.);
#3876=ORIENTED_EDGE('',*,*,#5509,.F.);
#3877=ORIENTED_EDGE('',*,*,#5511,.F.);
#3878=ORIENTED_EDGE('',*,*,#5513,.F.);
#3879=ORIENTED_EDGE('',*,*,#5515,.F.);
#3880=ORIENTED_EDGE('',*,*,#5517,.F.);
#3881=ORIENTED_EDGE('',*,*,#5519,.F.);
#3882=ORIENTED_EDGE('',*,*,#5521,.F.);
#3883=ORIENTED_EDGE('',*,*,#5523,.F.);
#3884=ORIENTED_EDGE('',*,*,#5525,.F.);
#3885=ORIENTED_EDGE('',*,*,#5527,.F.);
#3886=ORIENTED_EDGE('',*,*,#5529,.F.);
#3887=ORIENTED_EDGE('',*,*,#5531,.F.);
#3888=ORIENTED_EDGE('',*,*,#5533,.F.);
#3889=ORIENTED_EDGE('',*,*,#5535,.F.);
#3890=ORIENTED_EDGE('',*,*,#5537,.F.);
#3891=ORIENTED_EDGE('',*,*,#5539,.F.);
#3892=ORIENTED_EDGE('',*,*,#5541,.F.);
#3893=ORIENTED_EDGE('',*,*,#5543,.F.);
#3894=ORIENTED_EDGE('',*,*,#5545,.F.);
#3895=ORIENTED_EDGE('',*,*,#5547,.F.);
#3896=ORIENTED_EDGE('',*,*,#5549,.F.);
#3897=ORIENTED_EDGE('',*,*,#5551,.F.);
#3898=ORIENTED_EDGE('',*,*,#5552,.F.);
#3899=ORIENTED_EDGE('',*,*,#5427,.F.);
#3900=ORIENTED_EDGE('',*,*,#5431,.F.);
#3901=ORIENTED_EDGE('',*,*,#5434,.F.);
#3902=ORIENTED_EDGE('',*,*,#5437,.F.);
#3903=ORIENTED_EDGE('',*,*,#5440,.F.);
#3904=ORIENTED_EDGE('',*,*,#5443,.F.);
#3905=ORIENTED_EDGE('',*,*,#5446,.F.);
#3906=ORIENTED_EDGE('',*,*,#5449,.F.);
#3907=ORIENTED_EDGE('',*,*,#5452,.F.);
#3908=ORIENTED_EDGE('',*,*,#5455,.F.);
#3909=ORIENTED_EDGE('',*,*,#5458,.F.);
#3910=ORIENTED_EDGE('',*,*,#5461,.F.);
#3911=ORIENTED_EDGE('',*,*,#5464,.F.);
#3912=ORIENTED_EDGE('',*,*,#5467,.F.);
#3913=ORIENTED_EDGE('',*,*,#5470,.F.);
#3914=ORIENTED_EDGE('',*,*,#5473,.F.);
#3915=ORIENTED_EDGE('',*,*,#5476,.F.);
#3916=ORIENTED_EDGE('',*,*,#5479,.F.);
#3917=ORIENTED_EDGE('',*,*,#5482,.F.);
#3918=ORIENTED_EDGE('',*,*,#5485,.F.);
#3919=ORIENTED_EDGE('',*,*,#5488,.F.);
#3920=ORIENTED_EDGE('',*,*,#5491,.F.);
#3921=ORIENTED_EDGE('',*,*,#5494,.F.);
#3922=ORIENTED_EDGE('',*,*,#5497,.F.);
#3923=ORIENTED_EDGE('',*,*,#5500,.F.);
#3924=ORIENTED_EDGE('',*,*,#5554,.F.);
#3925=ORIENTED_EDGE('',*,*,#5425,.T.);
#3926=ORIENTED_EDGE('',*,*,#5553,.T.);
#3927=ORIENTED_EDGE('',*,*,#5498,.T.);
#3928=ORIENTED_EDGE('',*,*,#5495,.T.);
#3929=ORIENTED_EDGE('',*,*,#5492,.T.);
#3930=ORIENTED_EDGE('',*,*,#5489,.T.);
#3931=ORIENTED_EDGE('',*,*,#5486,.T.);
#3932=ORIENTED_EDGE('',*,*,#5483,.T.);
#3933=ORIENTED_EDGE('',*,*,#5480,.T.);
#3934=ORIENTED_EDGE('',*,*,#5477,.T.);
#3935=ORIENTED_EDGE('',*,*,#5474,.T.);
#3936=ORIENTED_EDGE('',*,*,#5471,.T.);
#3937=ORIENTED_EDGE('',*,*,#5468,.T.);
#3938=ORIENTED_EDGE('',*,*,#5465,.T.);
#3939=ORIENTED_EDGE('',*,*,#5462,.T.);
#3940=ORIENTED_EDGE('',*,*,#5459,.T.);
#3941=ORIENTED_EDGE('',*,*,#5456,.T.);
#3942=ORIENTED_EDGE('',*,*,#5453,.T.);
#3943=ORIENTED_EDGE('',*,*,#5450,.T.);
#3944=ORIENTED_EDGE('',*,*,#5447,.T.);
#3945=ORIENTED_EDGE('',*,*,#5444,.T.);
#3946=ORIENTED_EDGE('',*,*,#5441,.T.);
#3947=ORIENTED_EDGE('',*,*,#5438,.T.);
#3948=ORIENTED_EDGE('',*,*,#5435,.T.);
#3949=ORIENTED_EDGE('',*,*,#5432,.T.);
#3950=ORIENTED_EDGE('',*,*,#5429,.T.);
#3951=ORIENTED_EDGE('',*,*,#5555,.F.);
#3952=ORIENTED_EDGE('',*,*,#5556,.F.);
#3953=ORIENTED_EDGE('',*,*,#5557,.T.);
#3954=ORIENTED_EDGE('',*,*,#5558,.T.);
#3955=ORIENTED_EDGE('',*,*,#5559,.T.);
#3956=ORIENTED_EDGE('',*,*,#5560,.F.);
#3957=ORIENTED_EDGE('',*,*,#5561,.F.);
#3958=ORIENTED_EDGE('',*,*,#5556,.T.);
#3959=ORIENTED_EDGE('',*,*,#5562,.T.);
#3960=ORIENTED_EDGE('',*,*,#5563,.F.);
#3961=ORIENTED_EDGE('',*,*,#5564,.F.);
#3962=ORIENTED_EDGE('',*,*,#5560,.T.);
#3963=ORIENTED_EDGE('',*,*,#5565,.F.);
#3964=ORIENTED_EDGE('',*,*,#5558,.F.);
#3965=ORIENTED_EDGE('',*,*,#5566,.T.);
#3966=ORIENTED_EDGE('',*,*,#5563,.T.);
#3967=ORIENTED_EDGE('',*,*,#5557,.F.);
#3968=ORIENTED_EDGE('',*,*,#5561,.T.);
#3969=ORIENTED_EDGE('',*,*,#5564,.T.);
#3970=ORIENTED_EDGE('',*,*,#5566,.F.);
#3971=ORIENTED_EDGE('',*,*,#5555,.T.);
#3972=ORIENTED_EDGE('',*,*,#5565,.T.);
#3973=ORIENTED_EDGE('',*,*,#5562,.F.);
#3974=ORIENTED_EDGE('',*,*,#5559,.F.);
#3975=ORIENTED_EDGE('',*,*,#5567,.F.);
#3976=ORIENTED_EDGE('',*,*,#5568,.F.);
#3977=ORIENTED_EDGE('',*,*,#5569,.T.);
#3978=ORIENTED_EDGE('',*,*,#5570,.T.);
#3979=ORIENTED_EDGE('',*,*,#5571,.T.);
#3980=ORIENTED_EDGE('',*,*,#5572,.F.);
#3981=ORIENTED_EDGE('',*,*,#5573,.F.);
#3982=ORIENTED_EDGE('',*,*,#5568,.T.);
#3983=ORIENTED_EDGE('',*,*,#5574,.T.);
#3984=ORIENTED_EDGE('',*,*,#5575,.F.);
#3985=ORIENTED_EDGE('',*,*,#5576,.F.);
#3986=ORIENTED_EDGE('',*,*,#5572,.T.);
#3987=ORIENTED_EDGE('',*,*,#5577,.F.);
#3988=ORIENTED_EDGE('',*,*,#5570,.F.);
#3989=ORIENTED_EDGE('',*,*,#5578,.T.);
#3990=ORIENTED_EDGE('',*,*,#5575,.T.);
#3991=ORIENTED_EDGE('',*,*,#5569,.F.);
#3992=ORIENTED_EDGE('',*,*,#5573,.T.);
#3993=ORIENTED_EDGE('',*,*,#5576,.T.);
#3994=ORIENTED_EDGE('',*,*,#5578,.F.);
#3995=ORIENTED_EDGE('',*,*,#5567,.T.);
#3996=ORIENTED_EDGE('',*,*,#5577,.T.);
#3997=ORIENTED_EDGE('',*,*,#5574,.F.);
#3998=ORIENTED_EDGE('',*,*,#5571,.F.);
#3999=ORIENTED_EDGE('',*,*,#5579,.F.);
#4000=ORIENTED_EDGE('',*,*,#5580,.T.);
#4001=ORIENTED_EDGE('',*,*,#5581,.T.);
#4002=ORIENTED_EDGE('',*,*,#5582,.T.);
#4003=ORIENTED_EDGE('',*,*,#5583,.F.);
#4004=ORIENTED_EDGE('',*,*,#5584,.T.);
#4005=ORIENTED_EDGE('',*,*,#5585,.F.);
#4006=ORIENTED_EDGE('',*,*,#5586,.F.);
#4007=ORIENTED_EDGE('',*,*,#5587,.T.);
#4008=ORIENTED_EDGE('',*,*,#5588,.F.);
#4009=ORIENTED_EDGE('',*,*,#5589,.F.);
#4010=ORIENTED_EDGE('',*,*,#5586,.T.);
#4011=ORIENTED_EDGE('',*,*,#5590,.T.);
#4012=ORIENTED_EDGE('',*,*,#5591,.T.);
#4013=ORIENTED_EDGE('',*,*,#5592,.F.);
#4014=ORIENTED_EDGE('',*,*,#5587,.F.);
#4015=ORIENTED_EDGE('',*,*,#5589,.T.);
#4016=ORIENTED_EDGE('',*,*,#5593,.T.);
#4017=ORIENTED_EDGE('',*,*,#5594,.F.);
#4018=ORIENTED_EDGE('',*,*,#5584,.F.);
#4019=ORIENTED_EDGE('',*,*,#5595,.F.);
#4020=ORIENTED_EDGE('',*,*,#5596,.F.);
#4021=ORIENTED_EDGE('',*,*,#5597,.T.);
#4022=ORIENTED_EDGE('',*,*,#5580,.F.);
#4023=ORIENTED_EDGE('',*,*,#5592,.T.);
#4024=ORIENTED_EDGE('',*,*,#5598,.F.);
#4025=ORIENTED_EDGE('',*,*,#5590,.F.);
#4026=ORIENTED_EDGE('',*,*,#5585,.T.);
#4027=ORIENTED_EDGE('',*,*,#5594,.T.);
#4028=ORIENTED_EDGE('',*,*,#5588,.T.);
#4029=ORIENTED_EDGE('',*,*,#5598,.T.);
#4030=ORIENTED_EDGE('',*,*,#5593,.F.);
#4031=ORIENTED_EDGE('',*,*,#5591,.F.);
#4032=ORIENTED_EDGE('',*,*,#5599,.F.);
#4033=ORIENTED_EDGE('',*,*,#5579,.T.);
#4034=ORIENTED_EDGE('',*,*,#5599,.T.);
#4035=ORIENTED_EDGE('',*,*,#5581,.F.);
#4036=ORIENTED_EDGE('',*,*,#5597,.F.);
#4037=ORIENTED_EDGE('',*,*,#5600,.T.);
#4038=ORIENTED_EDGE('',*,*,#5601,.T.);
#4039=ORIENTED_EDGE('',*,*,#5583,.T.);
#4040=ORIENTED_EDGE('',*,*,#5602,.F.);
#4041=ORIENTED_EDGE('',*,*,#5603,.F.);
#4042=ORIENTED_EDGE('',*,*,#5595,.T.);
#4043=ORIENTED_EDGE('',*,*,#5582,.F.);
#4044=ORIENTED_EDGE('',*,*,#5601,.F.);
#4045=ORIENTED_EDGE('',*,*,#5604,.T.);
#4046=ORIENTED_EDGE('',*,*,#5602,.T.);
#4047=ORIENTED_EDGE('',*,*,#5600,.F.);
#4048=ORIENTED_EDGE('',*,*,#5596,.T.);
#4049=ORIENTED_EDGE('',*,*,#5603,.T.);
#4050=ORIENTED_EDGE('',*,*,#5604,.F.);
#4051=EDGE_CURVE('',#5605,#5606,#6641,.T.);
#4052=EDGE_CURVE('',#5607,#5606,#6642,.T.);
#4053=EDGE_CURVE('',#5608,#5607,#6643,.T.);
#4054=EDGE_CURVE('',#5608,#5605,#6644,.T.);
#4055=EDGE_CURVE('',#5605,#5609,#6645,.T.);
#4056=EDGE_CURVE('',#5608,#5610,#6646,.T.);
#4057=EDGE_CURVE('',#5610,#5609,#6647,.T.);
#4058=EDGE_CURVE('',#5609,#5611,#6648,.T.);
#4059=EDGE_CURVE('',#5610,#5612,#6649,.T.);
#4060=EDGE_CURVE('',#5612,#5611,#6650,.T.);
#4061=EDGE_CURVE('',#5606,#5611,#6651,.T.);
#4062=EDGE_CURVE('',#5607,#5612,#6652,.T.);
#4063=EDGE_CURVE('',#5613,#5614,#459,.T.);
#4064=EDGE_CURVE('',#5614,#5615,#315,.T.);
#4065=EDGE_CURVE('',#5615,#5616,#460,.T.);
#4066=EDGE_CURVE('',#5616,#5617,#461,.T.);
#4067=EDGE_CURVE('',#5617,#5618,#462,.T.);
#4068=EDGE_CURVE('',#5618,#5619,#463,.T.);
#4069=EDGE_CURVE('',#5619,#5620,#464,.T.);
#4070=EDGE_CURVE('',#5620,#5621,#465,.T.);
#4071=EDGE_CURVE('',#5621,#5622,#466,.T.);
#4072=EDGE_CURVE('',#5622,#5623,#467,.T.);
#4073=EDGE_CURVE('',#5623,#5624,#316,.T.);
#4074=EDGE_CURVE('',#5624,#5625,#468,.T.);
#4075=EDGE_CURVE('',#5625,#5626,#6653,.T.);
#4076=EDGE_CURVE('',#5626,#5627,#469,.T.);
#4077=EDGE_CURVE('',#5627,#5628,#317,.T.);
#4078=EDGE_CURVE('',#5628,#5629,#470,.T.);
#4079=EDGE_CURVE('',#5629,#5630,#471,.T.);
#4080=EDGE_CURVE('',#5630,#5631,#472,.T.);
#4081=EDGE_CURVE('',#5631,#5632,#473,.T.);
#4082=EDGE_CURVE('',#5632,#5633,#474,.T.);
#4083=EDGE_CURVE('',#5633,#5634,#475,.T.);
#4084=EDGE_CURVE('',#5634,#5635,#476,.T.);
#4085=EDGE_CURVE('',#5635,#5636,#477,.T.);
#4086=EDGE_CURVE('',#5636,#5637,#318,.T.);
#4087=EDGE_CURVE('',#5637,#5638,#478,.T.);
#4088=EDGE_CURVE('',#5638,#5613,#6654,.T.);
#4089=EDGE_CURVE('',#5639,#5640,#319,.T.);
#4090=EDGE_CURVE('',#5640,#5641,#479,.F.);
#4091=EDGE_CURVE('',#5641,#5642,#320,.T.);
#4092=EDGE_CURVE('',#5642,#5643,#480,.F.);
#4093=EDGE_CURVE('',#5643,#5644,#6655,.T.);
#4094=EDGE_CURVE('',#5644,#5645,#481,.F.);
#4095=EDGE_CURVE('',#5645,#5646,#482,.F.);
#4096=EDGE_CURVE('',#5646,#5647,#483,.F.);
#4097=EDGE_CURVE('',#5647,#5648,#484,.F.);
#4098=EDGE_CURVE('',#5648,#5649,#485,.F.);
#4099=EDGE_CURVE('',#5649,#5650,#486,.F.);
#4100=EDGE_CURVE('',#5650,#5651,#487,.F.);
#4101=EDGE_CURVE('',#5651,#5652,#488,.F.);
#4102=EDGE_CURVE('',#5652,#5653,#489,.F.);
#4103=EDGE_CURVE('',#5653,#5654,#490,.F.);
#4104=EDGE_CURVE('',#5654,#5655,#491,.F.);
#4105=EDGE_CURVE('',#5655,#5656,#492,.F.);
#4106=EDGE_CURVE('',#5656,#5657,#6656,.T.);
#4107=EDGE_CURVE('',#5657,#5658,#493,.F.);
#4108=EDGE_CURVE('',#5658,#5659,#494,.F.);
#4109=EDGE_CURVE('',#5659,#5660,#495,.F.);
#4110=EDGE_CURVE('',#5660,#5661,#496,.F.);
#4111=EDGE_CURVE('',#5661,#5662,#497,.F.);
#4112=EDGE_CURVE('',#5662,#5663,#498,.F.);
#4113=EDGE_CURVE('',#5663,#5664,#6657,.T.);
#4114=EDGE_CURVE('',#5664,#5665,#499,.T.);
#4115=EDGE_CURVE('',#5665,#5666,#500,.T.);
#4116=EDGE_CURVE('',#5666,#5667,#501,.T.);
#4117=EDGE_CURVE('',#5667,#5668,#502,.T.);
#4118=EDGE_CURVE('',#5668,#5669,#503,.T.);
#4119=EDGE_CURVE('',#5669,#5670,#504,.T.);
#4120=EDGE_CURVE('',#5670,#5671,#6658,.T.);
#4121=EDGE_CURVE('',#5671,#5672,#505,.T.);
#4122=EDGE_CURVE('',#5672,#5673,#321,.T.);
#4123=EDGE_CURVE('',#5673,#5674,#506,.T.);
#4124=EDGE_CURVE('',#5674,#5675,#507,.T.);
#4125=EDGE_CURVE('',#5675,#5676,#508,.T.);
#4126=EDGE_CURVE('',#5676,#5677,#509,.T.);
#4127=EDGE_CURVE('',#5677,#5678,#510,.T.);
#4128=EDGE_CURVE('',#5678,#5679,#511,.T.);
#4129=EDGE_CURVE('',#5679,#5680,#512,.T.);
#4130=EDGE_CURVE('',#5680,#5681,#513,.T.);
#4131=EDGE_CURVE('',#5681,#5682,#322,.T.);
#4132=EDGE_CURVE('',#5682,#5683,#514,.T.);
#4133=EDGE_CURVE('',#5683,#5684,#6659,.T.);
#4134=EDGE_CURVE('',#5684,#5685,#515,.T.);
#4135=EDGE_CURVE('',#5685,#5686,#516,.T.);
#4136=EDGE_CURVE('',#5686,#5687,#517,.T.);
#4137=EDGE_CURVE('',#5687,#5688,#518,.T.);
#4138=EDGE_CURVE('',#5688,#5689,#519,.T.);
#4139=EDGE_CURVE('',#5689,#5690,#520,.T.);
#4140=EDGE_CURVE('',#5690,#5639,#6660,.T.);
#4141=EDGE_CURVE('',#5691,#5692,#6661,.T.);
#4142=EDGE_CURVE('',#5692,#5693,#6662,.T.);
#4143=EDGE_CURVE('',#5693,#5694,#6663,.T.);
#4144=EDGE_CURVE('',#5694,#5695,#6664,.T.);
#4145=EDGE_CURVE('',#5695,#5696,#6665,.T.);
#4146=EDGE_CURVE('',#5696,#5697,#6666,.T.);
#4147=EDGE_CURVE('',#5697,#5698,#6667,.T.);
#4148=EDGE_CURVE('',#5698,#5699,#6668,.T.);
#4149=EDGE_CURVE('',#5699,#5700,#6669,.T.);
#4150=EDGE_CURVE('',#5700,#5701,#6670,.T.);
#4151=EDGE_CURVE('',#5701,#5702,#6671,.T.);
#4152=EDGE_CURVE('',#5702,#5703,#6672,.T.);
#4153=EDGE_CURVE('',#5703,#5691,#6673,.T.);
#4154=EDGE_CURVE('',#5704,#5705,#6674,.T.);
#4155=EDGE_CURVE('',#5705,#5706,#6675,.T.);
#4156=EDGE_CURVE('',#5706,#5707,#6676,.T.);
#4157=EDGE_CURVE('',#5707,#5708,#6677,.T.);
#4158=EDGE_CURVE('',#5708,#5709,#6678,.T.);
#4159=EDGE_CURVE('',#5709,#5710,#6679,.T.);
#4160=EDGE_CURVE('',#5710,#5711,#6680,.T.);
#4161=EDGE_CURVE('',#5711,#5712,#6681,.T.);
#4162=EDGE_CURVE('',#5712,#5713,#6682,.T.);
#4163=EDGE_CURVE('',#5713,#5714,#6683,.T.);
#4164=EDGE_CURVE('',#5714,#5715,#6684,.T.);
#4165=EDGE_CURVE('',#5715,#5704,#6685,.T.);
#4166=EDGE_CURVE('',#5716,#5717,#6686,.T.);
#4167=EDGE_CURVE('',#5717,#5718,#6687,.T.);
#4168=EDGE_CURVE('',#5718,#5719,#6688,.T.);
#4169=EDGE_CURVE('',#5719,#5720,#6689,.T.);
#4170=EDGE_CURVE('',#5720,#5721,#6690,.T.);
#4171=EDGE_CURVE('',#5721,#5722,#6691,.T.);
#4172=EDGE_CURVE('',#5722,#5723,#6692,.T.);
#4173=EDGE_CURVE('',#5723,#5716,#6693,.T.);
#4174=EDGE_CURVE('',#5724,#5725,#323,.T.);
#4175=EDGE_CURVE('',#5725,#5726,#521,.F.);
#4176=EDGE_CURVE('',#5726,#5727,#324,.T.);
#4177=EDGE_CURVE('',#5727,#5728,#522,.F.);
#4178=EDGE_CURVE('',#5728,#5729,#6694,.T.);
#4179=EDGE_CURVE('',#5729,#5730,#523,.F.);
#4180=EDGE_CURVE('',#5730,#5731,#524,.F.);
#4181=EDGE_CURVE('',#5731,#5732,#525,.F.);
#4182=EDGE_CURVE('',#5732,#5733,#526,.F.);
#4183=EDGE_CURVE('',#5733,#5734,#527,.F.);
#4184=EDGE_CURVE('',#5734,#5735,#528,.F.);
#4185=EDGE_CURVE('',#5735,#5736,#529,.F.);
#4186=EDGE_CURVE('',#5736,#5737,#530,.F.);
#4187=EDGE_CURVE('',#5737,#5738,#531,.F.);
#4188=EDGE_CURVE('',#5738,#5739,#532,.F.);
#4189=EDGE_CURVE('',#5739,#5740,#533,.F.);
#4190=EDGE_CURVE('',#5740,#5741,#534,.F.);
#4191=EDGE_CURVE('',#5741,#5742,#6695,.T.);
#4192=EDGE_CURVE('',#5742,#5743,#535,.F.);
#4193=EDGE_CURVE('',#5743,#5744,#536,.F.);
#4194=EDGE_CURVE('',#5744,#5745,#537,.F.);
#4195=EDGE_CURVE('',#5745,#5746,#538,.F.);
#4196=EDGE_CURVE('',#5746,#5747,#539,.F.);
#4197=EDGE_CURVE('',#5747,#5748,#540,.F.);
#4198=EDGE_CURVE('',#5748,#5749,#6696,.T.);
#4199=EDGE_CURVE('',#5749,#5750,#541,.T.);
#4200=EDGE_CURVE('',#5750,#5751,#542,.T.);
#4201=EDGE_CURVE('',#5751,#5752,#543,.T.);
#4202=EDGE_CURVE('',#5752,#5753,#544,.T.);
#4203=EDGE_CURVE('',#5753,#5754,#545,.T.);
#4204=EDGE_CURVE('',#5754,#5755,#546,.T.);
#4205=EDGE_CURVE('',#5755,#5756,#6697,.T.);
#4206=EDGE_CURVE('',#5756,#5757,#547,.T.);
#4207=EDGE_CURVE('',#5757,#5758,#325,.T.);
#4208=EDGE_CURVE('',#5758,#5759,#548,.T.);
#4209=EDGE_CURVE('',#5759,#5760,#549,.T.);
#4210=EDGE_CURVE('',#5760,#5761,#550,.T.);
#4211=EDGE_CURVE('',#5761,#5762,#551,.T.);
#4212=EDGE_CURVE('',#5762,#5763,#552,.T.);
#4213=EDGE_CURVE('',#5763,#5764,#553,.T.);
#4214=EDGE_CURVE('',#5764,#5765,#554,.T.);
#4215=EDGE_CURVE('',#5765,#5766,#555,.T.);
#4216=EDGE_CURVE('',#5766,#5767,#326,.T.);
#4217=EDGE_CURVE('',#5767,#5768,#556,.T.);
#4218=EDGE_CURVE('',#5768,#5769,#6698,.T.);
#4219=EDGE_CURVE('',#5769,#5770,#557,.T.);
#4220=EDGE_CURVE('',#5770,#5771,#558,.T.);
#4221=EDGE_CURVE('',#5771,#5772,#559,.T.);
#4222=EDGE_CURVE('',#5772,#5773,#560,.T.);
#4223=EDGE_CURVE('',#5773,#5774,#561,.T.);
#4224=EDGE_CURVE('',#5774,#5775,#562,.T.);
#4225=EDGE_CURVE('',#5775,#5724,#6699,.T.);
#4226=EDGE_CURVE('',#5776,#5777,#6700,.T.);
#4227=EDGE_CURVE('',#5777,#5778,#6701,.T.);
#4228=EDGE_CURVE('',#5778,#5779,#6702,.T.);
#4229=EDGE_CURVE('',#5779,#5780,#6703,.T.);
#4230=EDGE_CURVE('',#5780,#5781,#6704,.T.);
#4231=EDGE_CURVE('',#5781,#5782,#6705,.T.);
#4232=EDGE_CURVE('',#5782,#5783,#6706,.T.);
#4233=EDGE_CURVE('',#5783,#5776,#6707,.T.);
#4234=EDGE_CURVE('',#5784,#5785,#6708,.T.);
#4235=EDGE_CURVE('',#5785,#5786,#6709,.T.);
#4236=EDGE_CURVE('',#5786,#5787,#6710,.T.);
#4237=EDGE_CURVE('',#5787,#5788,#6711,.T.);
#4238=EDGE_CURVE('',#5788,#5789,#6712,.T.);
#4239=EDGE_CURVE('',#5789,#5790,#6713,.T.);
#4240=EDGE_CURVE('',#5790,#5791,#6714,.T.);
#4241=EDGE_CURVE('',#5791,#5792,#6715,.T.);
#4242=EDGE_CURVE('',#5792,#5793,#6716,.T.);
#4243=EDGE_CURVE('',#5793,#5794,#6717,.T.);
#4244=EDGE_CURVE('',#5794,#5795,#6718,.T.);
#4245=EDGE_CURVE('',#5795,#5796,#6719,.T.);
#4246=EDGE_CURVE('',#5796,#5784,#6720,.T.);
#4247=EDGE_CURVE('',#5797,#5798,#327,.T.);
#4248=EDGE_CURVE('',#5798,#5799,#328,.T.);
#4249=EDGE_CURVE('',#5799,#5800,#329,.T.);
#4250=EDGE_CURVE('',#5800,#5801,#563,.T.);
#4251=EDGE_CURVE('',#5801,#5802,#330,.T.);
#4252=EDGE_CURVE('',#5802,#5803,#564,.T.);
#4253=EDGE_CURVE('',#5803,#5804,#6721,.T.);
#4254=EDGE_CURVE('',#5804,#5805,#6722,.T.);
#4255=EDGE_CURVE('',#5805,#5806,#6723,.T.);
#4256=EDGE_CURVE('',#5806,#5807,#565,.F.);
#4257=EDGE_CURVE('',#5807,#5808,#566,.F.);
#4258=EDGE_CURVE('',#5808,#5809,#567,.F.);
#4259=EDGE_CURVE('',#5809,#5810,#331,.T.);
#4260=EDGE_CURVE('',#5810,#5811,#332,.T.);
#4261=EDGE_CURVE('',#5811,#5812,#333,.T.);
#4262=EDGE_CURVE('',#5812,#5813,#334,.T.);
#4263=EDGE_CURVE('',#5813,#5814,#568,.F.);
#4264=EDGE_CURVE('',#5814,#5815,#569,.F.);
#4265=EDGE_CURVE('',#5815,#5816,#6724,.T.);
#4266=EDGE_CURVE('',#5816,#5817,#6725,.T.);
#4267=EDGE_CURVE('',#5817,#5818,#6726,.T.);
#4268=EDGE_CURVE('',#5818,#5819,#570,.T.);
#4269=EDGE_CURVE('',#5819,#5797,#571,.T.);
#4270=EDGE_CURVE('',#5820,#5821,#6727,.T.);
#4271=EDGE_CURVE('',#5821,#5822,#6728,.T.);
#4272=EDGE_CURVE('',#5822,#5823,#6729,.T.);
#4273=EDGE_CURVE('',#5823,#5824,#6730,.T.);
#4274=EDGE_CURVE('',#5824,#5825,#6731,.T.);
#4275=EDGE_CURVE('',#5825,#5826,#6732,.T.);
#4276=EDGE_CURVE('',#5826,#5827,#6733,.T.);
#4277=EDGE_CURVE('',#5827,#5820,#6734,.T.);
#4278=EDGE_CURVE('',#5828,#5829,#6735,.T.);
#4279=EDGE_CURVE('',#5829,#5830,#6736,.T.);
#4280=EDGE_CURVE('',#5830,#5831,#6737,.T.);
#4281=EDGE_CURVE('',#5831,#5832,#6738,.T.);
#4282=EDGE_CURVE('',#5832,#5833,#335,.T.);
#4283=EDGE_CURVE('',#5833,#5834,#572,.T.);
#4284=EDGE_CURVE('',#5834,#5835,#336,.T.);
#4285=EDGE_CURVE('',#5835,#5836,#573,.T.);
#4286=EDGE_CURVE('',#5836,#5837,#574,.T.);
#4287=EDGE_CURVE('',#5837,#5838,#575,.T.);
#4288=EDGE_CURVE('',#5838,#5839,#576,.T.);
#4289=EDGE_CURVE('',#5839,#5840,#6739,.T.);
#4290=EDGE_CURVE('',#5840,#5841,#6740,.T.);
#4291=EDGE_CURVE('',#5841,#5828,#6741,.T.);
#4292=EDGE_CURVE('',#5842,#5843,#337,.T.);
#4293=EDGE_CURVE('',#5843,#5844,#338,.T.);
#4294=EDGE_CURVE('',#5844,#5845,#577,.T.);
#4295=EDGE_CURVE('',#5845,#5846,#6742,.T.);
#4296=EDGE_CURVE('',#5846,#5847,#6743,.T.);
#4297=EDGE_CURVE('',#5847,#5848,#6744,.T.);
#4298=EDGE_CURVE('',#5848,#5849,#578,.F.);
#4299=EDGE_CURVE('',#5849,#5850,#579,.F.);
#4300=EDGE_CURVE('',#5850,#5851,#339,.T.);
#4301=EDGE_CURVE('',#5851,#5852,#580,.F.);
#4302=EDGE_CURVE('',#5852,#5853,#340,.T.);
#4303=EDGE_CURVE('',#5853,#5854,#341,.T.);
#4304=EDGE_CURVE('',#5854,#5855,#581,.T.);
#4305=EDGE_CURVE('',#5855,#5856,#342,.T.);
#4306=EDGE_CURVE('',#5856,#5857,#343,.T.);
#4307=EDGE_CURVE('',#5857,#5858,#582,.T.);
#4308=EDGE_CURVE('',#5858,#5859,#6745,.T.);
#4309=EDGE_CURVE('',#5859,#5860,#6746,.T.);
#4310=EDGE_CURVE('',#5860,#5861,#6747,.T.);
#4311=EDGE_CURVE('',#5861,#5862,#344,.T.);
#4312=EDGE_CURVE('',#5862,#5863,#345,.T.);
#4313=EDGE_CURVE('',#5863,#5864,#346,.T.);
#4314=EDGE_CURVE('',#5864,#5865,#583,.F.);
#4315=EDGE_CURVE('',#5865,#5866,#347,.T.);
#4316=EDGE_CURVE('',#5866,#5867,#348,.T.);
#4317=EDGE_CURVE('',#5867,#5842,#584,.T.);
#4318=EDGE_CURVE('',#5868,#5869,#585,.T.);
#4319=EDGE_CURVE('',#5869,#5870,#586,.T.);
#4320=EDGE_CURVE('',#5870,#5871,#349,.T.);
#4321=EDGE_CURVE('',#5871,#5872,#350,.T.);
#4322=EDGE_CURVE('',#5872,#5873,#587,.T.);
#4323=EDGE_CURVE('',#5873,#5874,#588,.T.);
#4324=EDGE_CURVE('',#5874,#5875,#589,.T.);
#4325=EDGE_CURVE('',#5875,#5876,#590,.T.);
#4326=EDGE_CURVE('',#5876,#5877,#591,.T.);
#4327=EDGE_CURVE('',#5877,#5878,#6748,.T.);
#4328=EDGE_CURVE('',#5878,#5879,#6749,.T.);
#4329=EDGE_CURVE('',#5879,#5880,#6750,.T.);
#4330=EDGE_CURVE('',#5880,#5881,#6751,.T.);
#4331=EDGE_CURVE('',#5881,#5882,#6752,.T.);
#4332=EDGE_CURVE('',#5882,#5868,#592,.T.);
#4333=EDGE_CURVE('',#5883,#5884,#593,.T.);
#4334=EDGE_CURVE('',#5884,#5885,#594,.T.);
#4335=EDGE_CURVE('',#5885,#5886,#595,.T.);
#4336=EDGE_CURVE('',#5886,#5887,#596,.T.);
#4337=EDGE_CURVE('',#5887,#5888,#597,.T.);
#4338=EDGE_CURVE('',#5888,#5889,#598,.T.);
#4339=EDGE_CURVE('',#5889,#5890,#599,.T.);
#4340=EDGE_CURVE('',#5890,#5883,#600,.T.);
#4341=EDGE_CURVE('',#5891,#5892,#6753,.T.);
#4342=EDGE_CURVE('',#5892,#5893,#6754,.T.);
#4343=EDGE_CURVE('',#5893,#5894,#6755,.T.);
#4344=EDGE_CURVE('',#5894,#5895,#6756,.T.);
#4345=EDGE_CURVE('',#5895,#5896,#6757,.T.);
#4346=EDGE_CURVE('',#5896,#5897,#6758,.T.);
#4347=EDGE_CURVE('',#5897,#5898,#6759,.T.);
#4348=EDGE_CURVE('',#5898,#5891,#6760,.T.);
#4349=EDGE_CURVE('',#5899,#5900,#351,.T.);
#4350=EDGE_CURVE('',#5900,#5901,#352,.T.);
#4351=EDGE_CURVE('',#5901,#5902,#601,.T.);
#4352=EDGE_CURVE('',#5902,#5903,#6761,.T.);
#4353=EDGE_CURVE('',#5903,#5904,#6762,.T.);
#4354=EDGE_CURVE('',#5904,#5905,#6763,.T.);
#4355=EDGE_CURVE('',#5905,#5906,#602,.F.);
#4356=EDGE_CURVE('',#5906,#5907,#603,.F.);
#4357=EDGE_CURVE('',#5907,#5908,#353,.T.);
#4358=EDGE_CURVE('',#5908,#5909,#604,.F.);
#4359=EDGE_CURVE('',#5909,#5910,#354,.T.);
#4360=EDGE_CURVE('',#5910,#5911,#355,.T.);
#4361=EDGE_CURVE('',#5911,#5912,#605,.T.);
#4362=EDGE_CURVE('',#5912,#5913,#356,.T.);
#4363=EDGE_CURVE('',#5913,#5914,#357,.T.);
#4364=EDGE_CURVE('',#5914,#5915,#606,.T.);
#4365=EDGE_CURVE('',#5915,#5916,#6764,.T.);
#4366=EDGE_CURVE('',#5916,#5917,#6765,.T.);
#4367=EDGE_CURVE('',#5917,#5918,#6766,.T.);
#4368=EDGE_CURVE('',#5918,#5919,#358,.T.);
#4369=EDGE_CURVE('',#5919,#5920,#359,.T.);
#4370=EDGE_CURVE('',#5920,#5921,#360,.T.);
#4371=EDGE_CURVE('',#5921,#5922,#607,.F.);
#4372=EDGE_CURVE('',#5922,#5923,#361,.T.);
#4373=EDGE_CURVE('',#5923,#5924,#362,.T.);
#4374=EDGE_CURVE('',#5924,#5899,#608,.T.);
#4375=EDGE_CURVE('',#5925,#5926,#609,.F.);
#4376=EDGE_CURVE('',#5926,#5927,#363,.T.);
#4377=EDGE_CURVE('',#5927,#5928,#364,.T.);
#4378=EDGE_CURVE('',#5928,#5929,#610,.F.);
#4379=EDGE_CURVE('',#5929,#5930,#6767,.T.);
#4380=EDGE_CURVE('',#5930,#5931,#6768,.T.);
#4381=EDGE_CURVE('',#5931,#5932,#6769,.T.);
#4382=EDGE_CURVE('',#5932,#5933,#6770,.T.);
#4383=EDGE_CURVE('',#5933,#5934,#6771,.T.);
#4384=EDGE_CURVE('',#5934,#5935,#6772,.T.);
#4385=EDGE_CURVE('',#5935,#5936,#6773,.T.);
#4386=EDGE_CURVE('',#5936,#5937,#365,.T.);
#4387=EDGE_CURVE('',#5937,#5938,#611,.T.);
#4388=EDGE_CURVE('',#5938,#5939,#366,.T.);
#4389=EDGE_CURVE('',#5939,#5940,#367,.T.);
#4390=EDGE_CURVE('',#5940,#5941,#612,.T.);
#4391=EDGE_CURVE('',#5941,#5942,#613,.T.);
#4392=EDGE_CURVE('',#5942,#5943,#6774,.T.);
#4393=EDGE_CURVE('',#5943,#5944,#6775,.T.);
#4394=EDGE_CURVE('',#5944,#5945,#6776,.T.);
#4395=EDGE_CURVE('',#5945,#5946,#6777,.T.);
#4396=EDGE_CURVE('',#5946,#5925,#368,.T.);
#4397=EDGE_CURVE('',#5947,#5948,#369,.T.);
#4398=EDGE_CURVE('',#5948,#5949,#370,.T.);
#4399=EDGE_CURVE('',#5949,#5950,#6778,.T.);
#4400=EDGE_CURVE('',#5950,#5951,#371,.T.);
#4401=EDGE_CURVE('',#5951,#5952,#372,.T.);
#4402=EDGE_CURVE('',#5952,#5953,#614,.F.);
#4403=EDGE_CURVE('',#5953,#5954,#615,.F.);
#4404=EDGE_CURVE('',#5954,#5955,#6779,.T.);
#4405=EDGE_CURVE('',#5955,#5956,#616,.T.);
#4406=EDGE_CURVE('',#5956,#5957,#617,.T.);
#4407=EDGE_CURVE('',#5957,#5958,#373,.T.);
#4408=EDGE_CURVE('',#5958,#5959,#374,.T.);
#4409=EDGE_CURVE('',#5959,#5960,#618,.T.);
#4410=EDGE_CURVE('',#5960,#5961,#619,.T.);
#4411=EDGE_CURVE('',#5961,#5962,#375,.T.);
#4412=EDGE_CURVE('',#5962,#5963,#376,.T.);
#4413=EDGE_CURVE('',#5963,#5947,#620,.T.);
#4414=EDGE_CURVE('',#5964,#5965,#6780,.T.);
#4415=EDGE_CURVE('',#5965,#5966,#621,.T.);
#4416=EDGE_CURVE('',#5966,#5967,#622,.T.);
#4417=EDGE_CURVE('',#5967,#5968,#623,.T.);
#4418=EDGE_CURVE('',#5968,#5969,#624,.T.);
#4419=EDGE_CURVE('',#5969,#5970,#625,.T.);
#4420=EDGE_CURVE('',#5970,#5971,#626,.T.);
#4421=EDGE_CURVE('',#5971,#5972,#627,.T.);
#4422=EDGE_CURVE('',#5972,#5973,#628,.T.);
#4423=EDGE_CURVE('',#5973,#5974,#629,.T.);
#4424=EDGE_CURVE('',#5974,#5975,#377,.T.);
#4425=EDGE_CURVE('',#5975,#5976,#630,.T.);
#4426=EDGE_CURVE('',#5976,#5977,#631,.T.);
#4427=EDGE_CURVE('',#5977,#5978,#6781,.T.);
#4428=EDGE_CURVE('',#5978,#5979,#6782,.T.);
#4429=EDGE_CURVE('',#5979,#5980,#6783,.T.);
#4430=EDGE_CURVE('',#5980,#5964,#6784,.T.);
#4431=EDGE_CURVE('',#5981,#5981,#632,.T.);
#4432=EDGE_CURVE('',#5982,#5983,#6785,.T.);
#4433=EDGE_CURVE('',#5983,#5984,#6786,.T.);
#4434=EDGE_CURVE('',#5985,#5984,#6787,.T.);
#4435=EDGE_CURVE('',#5985,#5982,#6788,.T.);
#4436=EDGE_CURVE('',#5986,#5987,#6789,.T.);
#4437=EDGE_CURVE('',#5988,#5986,#6790,.T.);
#4438=EDGE_CURVE('',#5989,#5988,#6791,.T.);
#4439=EDGE_CURVE('',#5990,#5989,#6792,.T.);
#4440=EDGE_CURVE('',#5991,#5990,#6793,.T.);
#4441=EDGE_CURVE('',#5991,#5992,#6794,.T.);
#4442=EDGE_CURVE('',#5992,#5993,#6795,.F.);
#4443=EDGE_CURVE('',#5993,#5994,#6796,.F.);
#4444=EDGE_CURVE('',#5994,#5987,#6797,.T.);
#4445=EDGE_CURVE('',#5995,#5996,#6798,.T.);
#4446=EDGE_CURVE('',#5996,#5997,#6799,.T.);
#4447=EDGE_CURVE('',#5997,#5998,#6800,.T.);
#4448=EDGE_CURVE('',#5999,#5998,#6801,.T.);
#4449=EDGE_CURVE('',#5999,#6000,#6802,.F.);
#4450=EDGE_CURVE('',#6001,#6000,#6803,.F.);
#4451=EDGE_CURVE('',#6002,#6001,#6804,.T.);
#4452=EDGE_CURVE('',#6002,#6003,#6805,.T.);
#4453=EDGE_CURVE('',#6003,#5995,#6806,.T.);
#4454=EDGE_CURVE('',#6004,#6005,#6807,.T.);
#4455=EDGE_CURVE('',#6000,#6004,#82,.F.);
#4456=EDGE_CURVE('',#6005,#5999,#83,.T.);
#4457=EDGE_CURVE('',#6006,#5993,#84,.F.);
#4458=EDGE_CURVE('',#6007,#6006,#6808,.T.);
#4459=EDGE_CURVE('',#5994,#6007,#85,.T.);
#4460=EDGE_CURVE('',#6008,#6004,#6809,.T.);
#4461=EDGE_CURVE('',#6005,#6009,#6810,.T.);
#4462=EDGE_CURVE('',#6009,#6008,#6811,.T.);
#4463=EDGE_CURVE('',#6010,#5995,#6812,.F.);
#4464=EDGE_CURVE('',#6010,#6011,#6813,.F.);
#4465=EDGE_CURVE('',#6012,#6011,#6814,.T.);
#4466=EDGE_CURVE('',#5996,#6012,#6815,.T.);
#4467=EDGE_CURVE('',#5990,#6003,#6816,.T.);
#4468=EDGE_CURVE('',#5989,#6013,#6817,.F.);
#4469=EDGE_CURVE('',#6013,#6014,#6818,.F.);
#4470=EDGE_CURVE('',#6014,#6015,#6819,.F.);
#4471=EDGE_CURVE('',#6015,#6016,#6820,.T.);
#4472=EDGE_CURVE('',#6016,#6017,#6821,.T.);
#4473=EDGE_CURVE('',#6017,#6018,#6822,.F.);
#4474=EDGE_CURVE('',#6018,#6019,#6823,.F.);
#4475=EDGE_CURVE('',#6019,#6020,#6824,.F.);
#4476=EDGE_CURVE('',#6020,#6021,#6825,.F.);
#4477=EDGE_CURVE('',#6021,#6022,#6826,.F.);
#4478=EDGE_CURVE('',#6022,#6023,#6827,.T.);
#4479=EDGE_CURVE('',#6023,#6024,#6828,.F.);
#4480=EDGE_CURVE('',#6024,#6010,#633,.F.);
#4481=EDGE_CURVE('',#6025,#6025,#634,.T.);
#4482=EDGE_CURVE('',#6026,#6027,#6829,.T.);
#4483=EDGE_CURVE('',#6026,#6028,#6830,.T.);
#4484=EDGE_CURVE('',#6028,#6029,#6831,.T.);
#4485=EDGE_CURVE('',#6027,#6029,#6832,.T.);
#4486=EDGE_CURVE('',#6030,#6030,#635,.T.);
#4487=EDGE_CURVE('',#6031,#6032,#6833,.T.);
#4488=EDGE_CURVE('',#6032,#6033,#6834,.T.);
#4489=EDGE_CURVE('',#6033,#6034,#6835,.T.);
#4490=EDGE_CURVE('',#6034,#6035,#6836,.T.);
#4491=EDGE_CURVE('',#6035,#6036,#6837,.T.);
#4492=EDGE_CURVE('',#6036,#6031,#6838,.T.);
#4493=EDGE_CURVE('',#6037,#6038,#6839,.T.);
#4494=EDGE_CURVE('',#6037,#6039,#6840,.T.);
#4495=EDGE_CURVE('',#6039,#6040,#6841,.T.);
#4496=EDGE_CURVE('',#6038,#6040,#6842,.T.);
#4497=EDGE_CURVE('',#6041,#6042,#6843,.T.);
#4498=EDGE_CURVE('',#6042,#6043,#6844,.T.);
#4499=EDGE_CURVE('',#6043,#6044,#6845,.T.);
#4500=EDGE_CURVE('',#6045,#6044,#6846,.T.);
#4501=EDGE_CURVE('',#6046,#6045,#6847,.T.);
#4502=EDGE_CURVE('',#6012,#6046,#6848,.T.);
#4503=EDGE_CURVE('',#6011,#6047,#636,.F.);
#4504=EDGE_CURVE('',#6047,#6048,#6849,.T.);
#4505=EDGE_CURVE('',#6048,#6049,#6850,.T.);
#4506=EDGE_CURVE('',#6049,#6050,#6851,.T.);
#4507=EDGE_CURVE('',#6050,#6051,#6852,.T.);
#4508=EDGE_CURVE('',#6051,#6052,#6853,.T.);
#4509=EDGE_CURVE('',#6052,#6053,#6854,.T.);
#4510=EDGE_CURVE('',#6053,#6054,#6855,.T.);
#4511=EDGE_CURVE('',#6054,#6055,#6856,.T.);
#4512=EDGE_CURVE('',#6055,#6056,#6857,.T.);
#4513=EDGE_CURVE('',#6056,#6057,#6858,.T.);
#4514=EDGE_CURVE('',#6057,#6041,#6859,.F.);
#4515=EDGE_CURVE('',#6047,#6024,#6860,.T.);
#4516=EDGE_CURVE('',#6014,#6057,#6861,.T.);
#4517=EDGE_CURVE('',#6041,#6013,#6862,.T.);
#4518=EDGE_CURVE('',#6019,#6052,#6863,.T.);
#4519=EDGE_CURVE('',#6018,#6053,#6864,.T.);
#4520=EDGE_CURVE('',#6017,#6054,#6865,.T.);
#4521=EDGE_CURVE('',#6058,#6058,#637,.T.);
#4522=EDGE_CURVE('',#6016,#6055,#6866,.T.);
#4523=EDGE_CURVE('',#6021,#6050,#6867,.T.);
#4524=EDGE_CURVE('',#6020,#6051,#6868,.T.);
#4525=EDGE_CURVE('',#6015,#6056,#6869,.T.);
#4526=EDGE_CURVE('',#5988,#6042,#6870,.T.);
#4527=EDGE_CURVE('',#6023,#6048,#6871,.T.);
#4528=EDGE_CURVE('',#6022,#6049,#6872,.T.);
#4529=EDGE_CURVE('',#6059,#6060,#6873,.T.);
#4530=EDGE_CURVE('',#6060,#6061,#6874,.T.);
#4531=EDGE_CURVE('',#6062,#6061,#6875,.T.);
#4532=EDGE_CURVE('',#6062,#6059,#6876,.T.);
#4533=EDGE_CURVE('',#6061,#6063,#6877,.T.);
#4534=EDGE_CURVE('',#6063,#6064,#6878,.T.);
#4535=EDGE_CURVE('',#6065,#6064,#6879,.T.);
#4536=EDGE_CURVE('',#6065,#6066,#6880,.F.);
#4537=EDGE_CURVE('',#6066,#6062,#6881,.F.);
#4538=EDGE_CURVE('',#6064,#5983,#6882,.T.);
#4539=EDGE_CURVE('',#5982,#6065,#6883,.T.);
#4540=EDGE_CURVE('',#5984,#6067,#6884,.T.);
#4541=EDGE_CURVE('',#6067,#6068,#6885,.T.);
#4542=EDGE_CURVE('',#6068,#6069,#6886,.T.);
#4543=EDGE_CURVE('',#6069,#5985,#6887,.F.);
#4544=EDGE_CURVE('',#6070,#6071,#6888,.T.);
#4545=EDGE_CURVE('',#6071,#6072,#6889,.T.);
#4546=EDGE_CURVE('',#6072,#6073,#6890,.T.);
#4547=EDGE_CURVE('',#6073,#6070,#6891,.T.);
#4548=EDGE_CURVE('',#6074,#6007,#6892,.T.);
#4549=EDGE_CURVE('',#6006,#6075,#6893,.T.);
#4550=EDGE_CURVE('',#6075,#6074,#6894,.T.);
#4551=EDGE_CURVE('',#6076,#6077,#6895,.T.);
#4552=EDGE_CURVE('',#6077,#6078,#6896,.T.);
#4553=EDGE_CURVE('',#6079,#6078,#6897,.T.);
#4554=EDGE_CURVE('',#6079,#6076,#6898,.T.);
#4555=EDGE_CURVE('',#6078,#6080,#6899,.T.);
#4556=EDGE_CURVE('',#6080,#6060,#6900,.T.);
#4557=EDGE_CURVE('',#6059,#6081,#6901,.F.);
#4558=EDGE_CURVE('',#6081,#6079,#6902,.F.);
#4559=EDGE_CURVE('',#6082,#6083,#6903,.T.);
#4560=EDGE_CURVE('',#6083,#6084,#6904,.T.);
#4561=EDGE_CURVE('',#6084,#6085,#6905,.T.);
#4562=EDGE_CURVE('',#6085,#6086,#6906,.T.);
#4563=EDGE_CURVE('',#6086,#6087,#6907,.T.);
#4564=EDGE_CURVE('',#6087,#6082,#6908,.T.);
#4565=EDGE_CURVE('',#6088,#6089,#6909,.F.);
#4566=EDGE_CURVE('',#6089,#6074,#6910,.F.);
#4567=EDGE_CURVE('',#6075,#6090,#6911,.T.);
#4568=EDGE_CURVE('',#6090,#6091,#6912,.T.);
#4569=EDGE_CURVE('',#6091,#6088,#6913,.F.);
#4570=EDGE_CURVE('',#6009,#6092,#6914,.F.);
#4571=EDGE_CURVE('',#6092,#6077,#6915,.F.);
#4572=EDGE_CURVE('',#6076,#6093,#6916,.T.);
#4573=EDGE_CURVE('',#6093,#6008,#6917,.T.);
#4574=EDGE_CURVE('',#6084,#6089,#6918,.T.);
#4575=EDGE_CURVE('',#6071,#6088,#6919,.F.);
#4576=EDGE_CURVE('',#6068,#6070,#6920,.T.);
#4577=EDGE_CURVE('',#6067,#6085,#6921,.T.);
#4578=EDGE_CURVE('',#6036,#5982,#6922,.T.);
#4579=EDGE_CURVE('',#6066,#6035,#6923,.F.);
#4580=EDGE_CURVE('',#6072,#6091,#6924,.F.);
#4581=EDGE_CURVE('',#6069,#6094,#6925,.F.);
#4582=EDGE_CURVE('',#6094,#6073,#6926,.F.);
#4583=EDGE_CURVE('',#6031,#6094,#6927,.T.);
#4584=EDGE_CURVE('',#6081,#6034,#6928,.F.);
#4585=EDGE_CURVE('',#6032,#6090,#6929,.T.);
#4586=EDGE_CURVE('',#6093,#6033,#6930,.F.);
#4587=EDGE_CURVE('',#5992,#6001,#6931,.F.);
#4588=EDGE_CURVE('',#6086,#5983,#6932,.F.);
#4589=EDGE_CURVE('',#6087,#6063,#6933,.T.);
#4590=EDGE_CURVE('',#6082,#6080,#6934,.T.);
#4591=EDGE_CURVE('',#6083,#6092,#6935,.T.);
#4592=EDGE_CURVE('',#5987,#5998,#6936,.T.);
#4593=EDGE_CURVE('',#6027,#6039,#6937,.T.);
#4594=EDGE_CURVE('',#6026,#6037,#6938,.T.);
#4595=EDGE_CURVE('',#6028,#6038,#6939,.T.);
#4596=EDGE_CURVE('',#6029,#6040,#6940,.T.);
#4597=EDGE_CURVE('',#5991,#6002,#6941,.T.);
#4598=EDGE_CURVE('',#6044,#6095,#6942,.T.);
#4599=EDGE_CURVE('',#6095,#6096,#6943,.T.);
#4600=EDGE_CURVE('',#6045,#6096,#6944,.T.);
#4601=EDGE_CURVE('',#6043,#6097,#6945,.T.);
#4602=EDGE_CURVE('',#6095,#6097,#6946,.T.);
#4603=EDGE_CURVE('',#6046,#6098,#6947,.T.);
#4604=EDGE_CURVE('',#6096,#6098,#6948,.T.);
#4605=EDGE_CURVE('',#6097,#6098,#6949,.T.);
#4606=EDGE_CURVE('',#6099,#6043,#6950,.T.);
#4607=EDGE_CURVE('',#6099,#6100,#6951,.T.);
#4608=EDGE_CURVE('',#6100,#6046,#6952,.T.);
#4609=EDGE_CURVE('',#6099,#5988,#6953,.T.);
#4610=EDGE_CURVE('',#5986,#5997,#6954,.T.);
#4611=EDGE_CURVE('',#6100,#5996,#6955,.T.);
#4612=EDGE_CURVE('',#6101,#6102,#6956,.T.);
#4613=EDGE_CURVE('',#6103,#6101,#6957,.T.);
#4614=EDGE_CURVE('',#6103,#6104,#6958,.T.);
#4615=EDGE_CURVE('',#6104,#6102,#6959,.T.);
#4616=EDGE_CURVE('',#6105,#6101,#6960,.T.);
#4617=EDGE_CURVE('',#6106,#6105,#6961,.T.);
#4618=EDGE_CURVE('',#6106,#6103,#6962,.T.);
#4619=EDGE_CURVE('',#6107,#6105,#6963,.T.);
#4620=EDGE_CURVE('',#6108,#6107,#6964,.T.);
#4621=EDGE_CURVE('',#6108,#6106,#6965,.T.);
#4622=EDGE_CURVE('',#6109,#6107,#638,.F.);
#4623=EDGE_CURVE('',#6110,#6109,#6966,.T.);
#4624=EDGE_CURVE('',#6110,#6108,#639,.F.);
#4625=EDGE_CURVE('',#6111,#6109,#640,.F.);
#4626=EDGE_CURVE('',#6112,#6111,#6967,.T.);
#4627=EDGE_CURVE('',#6112,#6110,#641,.F.);
#4628=EDGE_CURVE('',#6113,#6111,#642,.F.);
#4629=EDGE_CURVE('',#6114,#6113,#6968,.T.);
#4630=EDGE_CURVE('',#6114,#6112,#643,.F.);
#4631=EDGE_CURVE('',#6115,#6113,#644,.F.);
#4632=EDGE_CURVE('',#6116,#6115,#6969,.T.);
#4633=EDGE_CURVE('',#6116,#6114,#645,.F.);
#4634=EDGE_CURVE('',#6117,#6115,#646,.F.);
#4635=EDGE_CURVE('',#6118,#6117,#6970,.T.);
#4636=EDGE_CURVE('',#6118,#6116,#647,.F.);
#4637=EDGE_CURVE('',#6119,#6117,#648,.F.);
#4638=EDGE_CURVE('',#6120,#6119,#6971,.T.);
#4639=EDGE_CURVE('',#6120,#6118,#649,.F.);
#4640=EDGE_CURVE('',#6121,#6119,#650,.F.);
#4641=EDGE_CURVE('',#6122,#6121,#6972,.T.);
#4642=EDGE_CURVE('',#6122,#6120,#651,.F.);
#4643=EDGE_CURVE('',#6123,#6121,#652,.F.);
#4644=EDGE_CURVE('',#6124,#6123,#6973,.T.);
#4645=EDGE_CURVE('',#6124,#6122,#653,.F.);
#4646=EDGE_CURVE('',#6125,#6123,#654,.F.);
#4647=EDGE_CURVE('',#6126,#6125,#6974,.T.);
#4648=EDGE_CURVE('',#6126,#6124,#655,.F.);
#4649=EDGE_CURVE('',#6127,#6125,#656,.F.);
#4650=EDGE_CURVE('',#6128,#6127,#6975,.T.);
#4651=EDGE_CURVE('',#6128,#6126,#657,.F.);
#4652=EDGE_CURVE('',#6129,#6127,#658,.F.);
#4653=EDGE_CURVE('',#6130,#6129,#6976,.T.);
#4654=EDGE_CURVE('',#6130,#6128,#659,.F.);
#4655=EDGE_CURVE('',#6131,#5964,#6977,.T.);
#4656=EDGE_CURVE('',#6131,#6132,#6978,.T.);
#4657=EDGE_CURVE('',#6132,#5965,#6979,.T.);
#4658=EDGE_CURVE('',#6133,#5980,#6980,.T.);
#4659=EDGE_CURVE('',#6133,#6131,#6981,.T.);
#4660=EDGE_CURVE('',#6134,#5979,#6982,.T.);
#4661=EDGE_CURVE('',#6134,#6133,#6983,.T.);
#4662=EDGE_CURVE('',#6135,#5978,#6984,.T.);
#4663=EDGE_CURVE('',#6135,#6134,#6985,.T.);
#4664=EDGE_CURVE('',#6136,#5977,#6986,.T.);
#4665=EDGE_CURVE('',#6136,#6135,#6987,.T.);
#4666=EDGE_CURVE('',#6137,#5976,#6988,.T.);
#4667=EDGE_CURVE('',#6137,#6136,#660,.T.);
#4668=EDGE_CURVE('',#6138,#5975,#6989,.T.);
#4669=EDGE_CURVE('',#6138,#6137,#661,.T.);
#4670=EDGE_CURVE('',#6139,#5974,#6990,.T.);
#4671=EDGE_CURVE('',#6139,#6138,#378,.T.);
#4672=EDGE_CURVE('',#6140,#5973,#6991,.T.);
#4673=EDGE_CURVE('',#6140,#6139,#662,.T.);
#4674=EDGE_CURVE('',#6141,#5972,#6992,.T.);
#4675=EDGE_CURVE('',#6141,#6140,#663,.T.);
#4676=EDGE_CURVE('',#6142,#5971,#6993,.T.);
#4677=EDGE_CURVE('',#6142,#6141,#664,.T.);
#4678=EDGE_CURVE('',#6143,#5970,#6994,.T.);
#4679=EDGE_CURVE('',#6143,#6142,#665,.T.);
#4680=EDGE_CURVE('',#6144,#5969,#6995,.T.);
#4681=EDGE_CURVE('',#6144,#6143,#666,.T.);
#4682=EDGE_CURVE('',#6145,#5968,#6996,.T.);
#4683=EDGE_CURVE('',#6145,#6144,#667,.T.);
#4684=EDGE_CURVE('',#6146,#5967,#6997,.T.);
#4685=EDGE_CURVE('',#6146,#6145,#668,.T.);
#4686=EDGE_CURVE('',#6147,#5966,#6998,.T.);
#4687=EDGE_CURVE('',#6147,#6146,#669,.T.);
#4688=EDGE_CURVE('',#6132,#6147,#670,.T.);
#4689=EDGE_CURVE('',#6102,#6129,#671,.F.);
#4690=EDGE_CURVE('',#6104,#6130,#672,.F.);
#4691=EDGE_CURVE('',#6148,#6149,#379,.T.);
#4692=EDGE_CURVE('',#6150,#6148,#6999,.T.);
#4693=EDGE_CURVE('',#6150,#6151,#380,.T.);
#4694=EDGE_CURVE('',#6151,#6149,#7000,.T.);
#4695=EDGE_CURVE('',#6152,#6148,#673,.F.);
#4696=EDGE_CURVE('',#6153,#6152,#7001,.T.);
#4697=EDGE_CURVE('',#6153,#6150,#674,.F.);
#4698=EDGE_CURVE('',#6154,#6152,#675,.F.);
#4699=EDGE_CURVE('',#6155,#6154,#7002,.T.);
#4700=EDGE_CURVE('',#6155,#6153,#676,.F.);
#4701=EDGE_CURVE('',#6156,#6154,#381,.T.);
#4702=EDGE_CURVE('',#6157,#6156,#7003,.T.);
#4703=EDGE_CURVE('',#6157,#6155,#382,.T.);
#4704=EDGE_CURVE('',#6158,#6156,#677,.F.);
#4705=EDGE_CURVE('',#6159,#6158,#7004,.T.);
#4706=EDGE_CURVE('',#6159,#6157,#678,.F.);
#4707=EDGE_CURVE('',#6160,#6158,#679,.F.);
#4708=EDGE_CURVE('',#6161,#6160,#7005,.T.);
#4709=EDGE_CURVE('',#6161,#6159,#680,.F.);
#4710=EDGE_CURVE('',#6162,#5947,#7006,.T.);
#4711=EDGE_CURVE('',#6162,#6163,#383,.T.);
#4712=EDGE_CURVE('',#6163,#5948,#7007,.T.);
#4713=EDGE_CURVE('',#6164,#5963,#7008,.T.);
#4714=EDGE_CURVE('',#6164,#6162,#681,.T.);
#4715=EDGE_CURVE('',#6165,#5962,#7009,.T.);
#4716=EDGE_CURVE('',#6165,#6164,#384,.T.);
#4717=EDGE_CURVE('',#6166,#5961,#7010,.T.);
#4718=EDGE_CURVE('',#6166,#6165,#385,.T.);
#4719=EDGE_CURVE('',#6167,#5960,#7011,.T.);
#4720=EDGE_CURVE('',#6167,#6166,#682,.T.);
#4721=EDGE_CURVE('',#6168,#5959,#7012,.T.);
#4722=EDGE_CURVE('',#6168,#6167,#683,.T.);
#4723=EDGE_CURVE('',#6169,#5958,#7013,.T.);
#4724=EDGE_CURVE('',#6169,#6168,#386,.T.);
#4725=EDGE_CURVE('',#6170,#5957,#7014,.T.);
#4726=EDGE_CURVE('',#6170,#6169,#387,.T.);
#4727=EDGE_CURVE('',#6171,#5956,#7015,.T.);
#4728=EDGE_CURVE('',#6171,#6170,#684,.T.);
#4729=EDGE_CURVE('',#6172,#5955,#7016,.T.);
#4730=EDGE_CURVE('',#6172,#6171,#685,.T.);
#4731=EDGE_CURVE('',#6173,#5954,#7017,.T.);
#4732=EDGE_CURVE('',#6173,#6172,#7018,.T.);
#4733=EDGE_CURVE('',#6174,#5953,#7019,.T.);
#4734=EDGE_CURVE('',#6174,#6173,#686,.F.);
#4735=EDGE_CURVE('',#6175,#5952,#7020,.T.);
#4736=EDGE_CURVE('',#6175,#6174,#687,.F.);
#4737=EDGE_CURVE('',#6176,#5951,#7021,.T.);
#4738=EDGE_CURVE('',#6176,#6175,#388,.T.);
#4739=EDGE_CURVE('',#6177,#5950,#7022,.T.);
#4740=EDGE_CURVE('',#6177,#6176,#389,.T.);
#4741=EDGE_CURVE('',#6178,#5949,#7023,.T.);
#4742=EDGE_CURVE('',#6178,#6177,#7024,.T.);
#4743=EDGE_CURVE('',#6163,#6178,#390,.T.);
#4744=EDGE_CURVE('',#6149,#6160,#391,.T.);
#4745=EDGE_CURVE('',#6151,#6161,#392,.T.);
#4746=EDGE_CURVE('',#6179,#5925,#7025,.T.);
#4747=EDGE_CURVE('',#6179,#6180,#688,.F.);
#4748=EDGE_CURVE('',#6180,#5926,#7026,.T.);
#4749=EDGE_CURVE('',#6181,#5946,#7027,.T.);
#4750=EDGE_CURVE('',#6181,#6179,#393,.T.);
#4751=EDGE_CURVE('',#6182,#5945,#7028,.T.);
#4752=EDGE_CURVE('',#6182,#6181,#7029,.T.);
#4753=EDGE_CURVE('',#6183,#5944,#7030,.T.);
#4754=EDGE_CURVE('',#6183,#6182,#7031,.T.);
#4755=EDGE_CURVE('',#6184,#5943,#7032,.T.);
#4756=EDGE_CURVE('',#6184,#6183,#7033,.T.);
#4757=EDGE_CURVE('',#6185,#5942,#7034,.T.);
#4758=EDGE_CURVE('',#6185,#6184,#7035,.T.);
#4759=EDGE_CURVE('',#6186,#5941,#7036,.T.);
#4760=EDGE_CURVE('',#6186,#6185,#689,.T.);
#4761=EDGE_CURVE('',#6187,#5940,#7037,.T.);
#4762=EDGE_CURVE('',#6187,#6186,#690,.T.);
#4763=EDGE_CURVE('',#6188,#5939,#7038,.T.);
#4764=EDGE_CURVE('',#6188,#6187,#394,.T.);
#4765=EDGE_CURVE('',#6189,#5938,#7039,.T.);
#4766=EDGE_CURVE('',#6189,#6188,#395,.T.);
#4767=EDGE_CURVE('',#6190,#5937,#7040,.T.);
#4768=EDGE_CURVE('',#6190,#6189,#691,.T.);
#4769=EDGE_CURVE('',#6191,#5936,#7041,.T.);
#4770=EDGE_CURVE('',#6191,#6190,#396,.T.);
#4771=EDGE_CURVE('',#6192,#5935,#7042,.T.);
#4772=EDGE_CURVE('',#6192,#6191,#7043,.T.);
#4773=EDGE_CURVE('',#6193,#5934,#7044,.T.);
#4774=EDGE_CURVE('',#6193,#6192,#7045,.T.);
#4775=EDGE_CURVE('',#6194,#5933,#7046,.T.);
#4776=EDGE_CURVE('',#6194,#6193,#7047,.T.);
#4777=EDGE_CURVE('',#6195,#5932,#7048,.T.);
#4778=EDGE_CURVE('',#6195,#6194,#7049,.T.);
#4779=EDGE_CURVE('',#6196,#5931,#7050,.T.);
#4780=EDGE_CURVE('',#6196,#6195,#7051,.T.);
#4781=EDGE_CURVE('',#6197,#5930,#7052,.T.);
#4782=EDGE_CURVE('',#6197,#6196,#7053,.T.);
#4783=EDGE_CURVE('',#6198,#5929,#7054,.T.);
#4784=EDGE_CURVE('',#6198,#6197,#7055,.T.);
#4785=EDGE_CURVE('',#6199,#5928,#7056,.T.);
#4786=EDGE_CURVE('',#6199,#6198,#692,.F.);
#4787=EDGE_CURVE('',#6200,#5927,#7057,.T.);
#4788=EDGE_CURVE('',#6200,#6199,#397,.T.);
#4789=EDGE_CURVE('',#6180,#6200,#398,.T.);
#4790=EDGE_CURVE('',#6201,#5899,#7058,.T.);
#4791=EDGE_CURVE('',#6201,#6202,#399,.T.);
#4792=EDGE_CURVE('',#6202,#5900,#7059,.T.);
#4793=EDGE_CURVE('',#6203,#5924,#7060,.T.);
#4794=EDGE_CURVE('',#6203,#6201,#693,.T.);
#4795=EDGE_CURVE('',#6204,#5923,#7061,.T.);
#4796=EDGE_CURVE('',#6204,#6203,#400,.T.);
#4797=EDGE_CURVE('',#6205,#5922,#7062,.T.);
#4798=EDGE_CURVE('',#6205,#6204,#401,.T.);
#4799=EDGE_CURVE('',#6206,#5921,#7063,.T.);
#4800=EDGE_CURVE('',#6206,#6205,#694,.F.);
#4801=EDGE_CURVE('',#6207,#5920,#7064,.T.);
#4802=EDGE_CURVE('',#6207,#6206,#402,.T.);
#4803=EDGE_CURVE('',#6208,#5919,#7065,.T.);
#4804=EDGE_CURVE('',#6208,#6207,#403,.T.);
#4805=EDGE_CURVE('',#6209,#5918,#7066,.T.);
#4806=EDGE_CURVE('',#6209,#6208,#404,.T.);
#4807=EDGE_CURVE('',#6210,#5917,#7067,.T.);
#4808=EDGE_CURVE('',#6210,#6209,#7068,.T.);
#4809=EDGE_CURVE('',#6211,#5916,#7069,.T.);
#4810=EDGE_CURVE('',#6211,#6210,#7070,.T.);
#4811=EDGE_CURVE('',#6212,#5915,#7071,.T.);
#4812=EDGE_CURVE('',#6212,#6211,#7072,.T.);
#4813=EDGE_CURVE('',#6213,#5914,#7073,.T.);
#4814=EDGE_CURVE('',#6213,#6212,#695,.T.);
#4815=EDGE_CURVE('',#6214,#5913,#7074,.T.);
#4816=EDGE_CURVE('',#6214,#6213,#405,.T.);
#4817=EDGE_CURVE('',#6215,#5912,#7075,.T.);
#4818=EDGE_CURVE('',#6215,#6214,#406,.T.);
#4819=EDGE_CURVE('',#6216,#5911,#7076,.T.);
#4820=EDGE_CURVE('',#6216,#6215,#696,.T.);
#4821=EDGE_CURVE('',#6217,#5910,#7077,.T.);
#4822=EDGE_CURVE('',#6217,#6216,#407,.T.);
#4823=EDGE_CURVE('',#6218,#5909,#7078,.T.);
#4824=EDGE_CURVE('',#6218,#6217,#408,.T.);
#4825=EDGE_CURVE('',#6219,#5908,#7079,.T.);
#4826=EDGE_CURVE('',#6219,#6218,#697,.F.);
#4827=EDGE_CURVE('',#6220,#5907,#7080,.T.);
#4828=EDGE_CURVE('',#6220,#6219,#409,.T.);
#4829=EDGE_CURVE('',#6221,#5906,#7081,.T.);
#4830=EDGE_CURVE('',#6221,#6220,#698,.F.);
#4831=EDGE_CURVE('',#6222,#5905,#7082,.T.);
#4832=EDGE_CURVE('',#6222,#6221,#699,.F.);
#4833=EDGE_CURVE('',#6223,#5904,#7083,.T.);
#4834=EDGE_CURVE('',#6223,#6222,#7084,.T.);
#4835=EDGE_CURVE('',#6224,#5903,#7085,.T.);
#4836=EDGE_CURVE('',#6224,#6223,#7086,.T.);
#4837=EDGE_CURVE('',#6225,#5902,#7087,.T.);
#4838=EDGE_CURVE('',#6225,#6224,#7088,.T.);
#4839=EDGE_CURVE('',#6226,#5901,#7089,.T.);
#4840=EDGE_CURVE('',#6226,#6225,#700,.T.);
#4841=EDGE_CURVE('',#6202,#6226,#410,.T.);
#4842=EDGE_CURVE('',#6227,#5891,#7090,.T.);
#4843=EDGE_CURVE('',#6227,#6228,#7091,.T.);
#4844=EDGE_CURVE('',#6228,#5892,#7092,.T.);
#4845=EDGE_CURVE('',#6229,#5898,#7093,.T.);
#4846=EDGE_CURVE('',#6229,#6227,#7094,.T.);
#4847=EDGE_CURVE('',#6230,#5897,#7095,.T.);
#4848=EDGE_CURVE('',#6230,#6229,#7096,.T.);
#4849=EDGE_CURVE('',#6231,#5896,#7097,.T.);
#4850=EDGE_CURVE('',#6231,#6230,#7098,.T.);
#4851=EDGE_CURVE('',#6232,#5895,#7099,.T.);
#4852=EDGE_CURVE('',#6232,#6231,#7100,.T.);
#4853=EDGE_CURVE('',#6233,#5894,#7101,.T.);
#4854=EDGE_CURVE('',#6233,#6232,#7102,.T.);
#4855=EDGE_CURVE('',#6234,#5893,#7103,.T.);
#4856=EDGE_CURVE('',#6234,#6233,#7104,.T.);
#4857=EDGE_CURVE('',#6228,#6234,#7105,.T.);
#4858=EDGE_CURVE('',#6235,#5883,#7106,.T.);
#4859=EDGE_CURVE('',#6235,#6236,#701,.T.);
#4860=EDGE_CURVE('',#6236,#5884,#7107,.T.);
#4861=EDGE_CURVE('',#6237,#5890,#7108,.T.);
#4862=EDGE_CURVE('',#6237,#6235,#702,.T.);
#4863=EDGE_CURVE('',#6238,#5889,#7109,.T.);
#4864=EDGE_CURVE('',#6238,#6237,#703,.T.);
#4865=EDGE_CURVE('',#6239,#5888,#7110,.T.);
#4866=EDGE_CURVE('',#6239,#6238,#704,.T.);
#4867=EDGE_CURVE('',#6240,#5887,#7111,.T.);
#4868=EDGE_CURVE('',#6240,#6239,#705,.T.);
#4869=EDGE_CURVE('',#6241,#5886,#7112,.T.);
#4870=EDGE_CURVE('',#6241,#6240,#706,.T.);
#4871=EDGE_CURVE('',#6242,#5885,#7113,.T.);
#4872=EDGE_CURVE('',#6242,#6241,#707,.T.);
#4873=EDGE_CURVE('',#6236,#6242,#708,.T.);
#4874=EDGE_CURVE('',#6243,#5868,#7114,.T.);
#4875=EDGE_CURVE('',#6243,#6244,#709,.T.);
#4876=EDGE_CURVE('',#6244,#5869,#7115,.T.);
#4877=EDGE_CURVE('',#6245,#5882,#7116,.T.);
#4878=EDGE_CURVE('',#6245,#6243,#710,.T.);
#4879=EDGE_CURVE('',#6246,#5881,#7117,.T.);
#4880=EDGE_CURVE('',#6246,#6245,#7118,.T.);
#4881=EDGE_CURVE('',#6247,#5880,#7119,.T.);
#4882=EDGE_CURVE('',#6247,#6246,#7120,.T.);
#4883=EDGE_CURVE('',#6248,#5879,#7121,.T.);
#4884=EDGE_CURVE('',#6248,#6247,#7122,.T.);
#4885=EDGE_CURVE('',#6249,#5878,#7123,.T.);
#4886=EDGE_CURVE('',#6249,#6248,#7124,.T.);
#4887=EDGE_CURVE('',#6250,#5877,#7125,.T.);
#4888=EDGE_CURVE('',#6250,#6249,#7126,.T.);
#4889=EDGE_CURVE('',#6251,#5876,#7127,.T.);
#4890=EDGE_CURVE('',#6251,#6250,#711,.T.);
#4891=EDGE_CURVE('',#6252,#5875,#7128,.T.);
#4892=EDGE_CURVE('',#6252,#6251,#712,.T.);
#4893=EDGE_CURVE('',#6253,#5874,#7129,.T.);
#4894=EDGE_CURVE('',#6253,#6252,#713,.T.);
#4895=EDGE_CURVE('',#6254,#5873,#7130,.T.);
#4896=EDGE_CURVE('',#6254,#6253,#714,.T.);
#4897=EDGE_CURVE('',#6255,#5872,#7131,.T.);
#4898=EDGE_CURVE('',#6255,#6254,#715,.T.);
#4899=EDGE_CURVE('',#6256,#5871,#7132,.T.);
#4900=EDGE_CURVE('',#6256,#6255,#411,.T.);
#4901=EDGE_CURVE('',#6257,#5870,#7133,.T.);
#4902=EDGE_CURVE('',#6257,#6256,#412,.T.);
#4903=EDGE_CURVE('',#6258,#6259,#716,.F.);
#4904=EDGE_CURVE('',#6260,#6258,#7134,.T.);
#4905=EDGE_CURVE('',#6260,#6261,#717,.F.);
#4906=EDGE_CURVE('',#6261,#6259,#7135,.T.);
#4907=EDGE_CURVE('',#6262,#6258,#413,.T.);
#4908=EDGE_CURVE('',#6263,#6262,#7136,.T.);
#4909=EDGE_CURVE('',#6263,#6260,#414,.T.);
#4910=EDGE_CURVE('',#6264,#6262,#415,.T.);
#4911=EDGE_CURVE('',#6265,#6264,#7137,.T.);
#4912=EDGE_CURVE('',#6265,#6263,#416,.T.);
#4913=EDGE_CURVE('',#6266,#6264,#718,.F.);
#4914=EDGE_CURVE('',#6267,#6266,#7138,.T.);
#4915=EDGE_CURVE('',#6267,#6265,#719,.F.);
#4916=EDGE_CURVE('',#6268,#6266,#417,.T.);
#4917=EDGE_CURVE('',#6269,#6268,#7139,.T.);
#4918=EDGE_CURVE('',#6269,#6267,#418,.T.);
#4919=EDGE_CURVE('',#6270,#6268,#720,.F.);
#4920=EDGE_CURVE('',#6271,#6270,#7140,.T.);
#4921=EDGE_CURVE('',#6271,#6269,#721,.F.);
#4922=EDGE_CURVE('',#6272,#6270,#722,.F.);
#4923=EDGE_CURVE('',#6273,#6272,#7141,.T.);
#4924=EDGE_CURVE('',#6273,#6271,#723,.F.);
#4925=EDGE_CURVE('',#6274,#6272,#7142,.T.);
#4926=EDGE_CURVE('',#6275,#6274,#7143,.T.);
#4927=EDGE_CURVE('',#6275,#6273,#7144,.T.);
#4928=EDGE_CURVE('',#6259,#6274,#724,.F.);
#4929=EDGE_CURVE('',#6261,#6275,#725,.F.);
#4930=EDGE_CURVE('',#6244,#6257,#726,.T.);
#4931=EDGE_CURVE('',#6276,#5842,#7145,.T.);
#4932=EDGE_CURVE('',#6276,#6277,#419,.T.);
#4933=EDGE_CURVE('',#6277,#5843,#7146,.T.);
#4934=EDGE_CURVE('',#6278,#5867,#7147,.T.);
#4935=EDGE_CURVE('',#6278,#6276,#727,.T.);
#4936=EDGE_CURVE('',#6279,#5866,#7148,.T.);
#4937=EDGE_CURVE('',#6279,#6278,#420,.T.);
#4938=EDGE_CURVE('',#6280,#5865,#7149,.T.);
#4939=EDGE_CURVE('',#6280,#6279,#421,.T.);
#4940=EDGE_CURVE('',#6281,#5864,#7150,.T.);
#4941=EDGE_CURVE('',#6281,#6280,#728,.F.);
#4942=EDGE_CURVE('',#6282,#5863,#7151,.T.);
#4943=EDGE_CURVE('',#6282,#6281,#422,.T.);
#4944=EDGE_CURVE('',#6283,#5862,#7152,.T.);
#4945=EDGE_CURVE('',#6283,#6282,#423,.T.);
#4946=EDGE_CURVE('',#6284,#5861,#7153,.T.);
#4947=EDGE_CURVE('',#6284,#6283,#424,.T.);
#4948=EDGE_CURVE('',#6285,#5860,#7154,.T.);
#4949=EDGE_CURVE('',#6285,#6284,#7155,.T.);
#4950=EDGE_CURVE('',#6286,#5859,#7156,.T.);
#4951=EDGE_CURVE('',#6286,#6285,#7157,.T.);
#4952=EDGE_CURVE('',#6287,#5858,#7158,.T.);
#4953=EDGE_CURVE('',#6287,#6286,#7159,.T.);
#4954=EDGE_CURVE('',#6288,#5857,#7160,.T.);
#4955=EDGE_CURVE('',#6288,#6287,#729,.T.);
#4956=EDGE_CURVE('',#6289,#5856,#7161,.T.);
#4957=EDGE_CURVE('',#6289,#6288,#425,.T.);
#4958=EDGE_CURVE('',#6290,#5855,#7162,.T.);
#4959=EDGE_CURVE('',#6290,#6289,#426,.T.);
#4960=EDGE_CURVE('',#6291,#5854,#7163,.T.);
#4961=EDGE_CURVE('',#6291,#6290,#730,.T.);
#4962=EDGE_CURVE('',#6292,#5853,#7164,.T.);
#4963=EDGE_CURVE('',#6292,#6291,#427,.T.);
#4964=EDGE_CURVE('',#6293,#5852,#7165,.T.);
#4965=EDGE_CURVE('',#6293,#6292,#428,.T.);
#4966=EDGE_CURVE('',#6294,#5851,#7166,.T.);
#4967=EDGE_CURVE('',#6294,#6293,#731,.F.);
#4968=EDGE_CURVE('',#6295,#5850,#7167,.T.);
#4969=EDGE_CURVE('',#6295,#6294,#429,.T.);
#4970=EDGE_CURVE('',#6296,#5849,#7168,.T.);
#4971=EDGE_CURVE('',#6296,#6295,#732,.F.);
#4972=EDGE_CURVE('',#6297,#5848,#7169,.T.);
#4973=EDGE_CURVE('',#6297,#6296,#733,.F.);
#4974=EDGE_CURVE('',#6298,#5847,#7170,.T.);
#4975=EDGE_CURVE('',#6298,#6297,#7171,.T.);
#4976=EDGE_CURVE('',#6299,#5846,#7172,.T.);
#4977=EDGE_CURVE('',#6299,#6298,#7173,.T.);
#4978=EDGE_CURVE('',#6300,#5845,#7174,.T.);
#4979=EDGE_CURVE('',#6300,#6299,#7175,.T.);
#4980=EDGE_CURVE('',#6301,#5844,#7176,.T.);
#4981=EDGE_CURVE('',#6301,#6300,#734,.T.);
#4982=EDGE_CURVE('',#6277,#6301,#430,.T.);
#4983=EDGE_CURVE('',#6302,#6303,#735,.F.);
#4984=EDGE_CURVE('',#6304,#6302,#7177,.T.);
#4985=EDGE_CURVE('',#6304,#6305,#736,.F.);
#4986=EDGE_CURVE('',#6305,#6303,#7178,.T.);
#4987=EDGE_CURVE('',#6306,#6302,#7179,.T.);
#4988=EDGE_CURVE('',#6307,#6306,#7180,.T.);
#4989=EDGE_CURVE('',#6307,#6304,#7181,.T.);
#4990=EDGE_CURVE('',#6308,#6306,#431,.T.);
#4991=EDGE_CURVE('',#6309,#6308,#7182,.T.);
#4992=EDGE_CURVE('',#6309,#6307,#432,.T.);
#4993=EDGE_CURVE('',#6310,#6308,#737,.F.);
#4994=EDGE_CURVE('',#6311,#6310,#7183,.T.);
#4995=EDGE_CURVE('',#6311,#6309,#738,.F.);
#4996=EDGE_CURVE('',#6312,#6310,#433,.T.);
#4997=EDGE_CURVE('',#6313,#6312,#7184,.T.);
#4998=EDGE_CURVE('',#6313,#6311,#434,.T.);
#4999=EDGE_CURVE('',#6314,#6312,#739,.F.);
#5000=EDGE_CURVE('',#6315,#6314,#7185,.T.);
#5001=EDGE_CURVE('',#6315,#6313,#740,.F.);
#5002=EDGE_CURVE('',#6316,#6314,#435,.T.);
#5003=EDGE_CURVE('',#6317,#6316,#7186,.T.);
#5004=EDGE_CURVE('',#6317,#6315,#436,.T.);
#5005=EDGE_CURVE('',#6318,#6316,#741,.F.);
#5006=EDGE_CURVE('',#6319,#6318,#7187,.T.);
#5007=EDGE_CURVE('',#6319,#6317,#742,.F.);
#5008=EDGE_CURVE('',#6320,#5828,#7188,.T.);
#5009=EDGE_CURVE('',#6320,#6321,#7189,.T.);
#5010=EDGE_CURVE('',#6321,#5829,#7190,.T.);
#5011=EDGE_CURVE('',#6322,#5841,#7191,.T.);
#5012=EDGE_CURVE('',#6322,#6320,#7192,.T.);
#5013=EDGE_CURVE('',#6323,#5840,#7193,.T.);
#5014=EDGE_CURVE('',#6323,#6322,#7194,.T.);
#5015=EDGE_CURVE('',#6324,#5839,#7195,.T.);
#5016=EDGE_CURVE('',#6324,#6323,#7196,.T.);
#5017=EDGE_CURVE('',#6325,#5838,#7197,.T.);
#5018=EDGE_CURVE('',#6325,#6324,#743,.T.);
#5019=EDGE_CURVE('',#6326,#5837,#7198,.T.);
#5020=EDGE_CURVE('',#6326,#6325,#744,.T.);
#5021=EDGE_CURVE('',#6327,#5836,#7199,.T.);
#5022=EDGE_CURVE('',#6327,#6326,#745,.T.);
#5023=EDGE_CURVE('',#6328,#5835,#7200,.T.);
#5024=EDGE_CURVE('',#6328,#6327,#746,.T.);
#5025=EDGE_CURVE('',#6329,#5834,#7201,.T.);
#5026=EDGE_CURVE('',#6329,#6328,#437,.T.);
#5027=EDGE_CURVE('',#6330,#5833,#7202,.T.);
#5028=EDGE_CURVE('',#6330,#6329,#747,.T.);
#5029=EDGE_CURVE('',#6331,#5832,#7203,.T.);
#5030=EDGE_CURVE('',#6331,#6330,#438,.T.);
#5031=EDGE_CURVE('',#6332,#5831,#7204,.T.);
#5032=EDGE_CURVE('',#6332,#6331,#7205,.T.);
#5033=EDGE_CURVE('',#6333,#5830,#7206,.T.);
#5034=EDGE_CURVE('',#6333,#6332,#7207,.T.);
#5035=EDGE_CURVE('',#6321,#6333,#7208,.T.);
#5036=EDGE_CURVE('',#6303,#6318,#748,.F.);
#5037=EDGE_CURVE('',#6305,#6319,#749,.F.);
#5038=EDGE_CURVE('',#6334,#5820,#7209,.T.);
#5039=EDGE_CURVE('',#6334,#6335,#7210,.T.);
#5040=EDGE_CURVE('',#6335,#5821,#7211,.T.);
#5041=EDGE_CURVE('',#6336,#5827,#7212,.T.);
#5042=EDGE_CURVE('',#6336,#6334,#7213,.T.);
#5043=EDGE_CURVE('',#6337,#5826,#7214,.T.);
#5044=EDGE_CURVE('',#6337,#6336,#7215,.T.);
#5045=EDGE_CURVE('',#6338,#5825,#7216,.T.);
#5046=EDGE_CURVE('',#6338,#6337,#7217,.T.);
#5047=EDGE_CURVE('',#6339,#5824,#7218,.T.);
#5048=EDGE_CURVE('',#6339,#6338,#7219,.T.);
#5049=EDGE_CURVE('',#6340,#5823,#7220,.T.);
#5050=EDGE_CURVE('',#6340,#6339,#7221,.T.);
#5051=EDGE_CURVE('',#6341,#5822,#7222,.T.);
#5052=EDGE_CURVE('',#6341,#6340,#7223,.T.);
#5053=EDGE_CURVE('',#6335,#6341,#7224,.T.);
#5054=EDGE_CURVE('',#6342,#5797,#7225,.T.);
#5055=EDGE_CURVE('',#6342,#6343,#439,.T.);
#5056=EDGE_CURVE('',#6343,#5798,#7226,.T.);
#5057=EDGE_CURVE('',#6344,#5819,#7227,.T.);
#5058=EDGE_CURVE('',#6344,#6342,#750,.T.);
#5059=EDGE_CURVE('',#6345,#5818,#7228,.T.);
#5060=EDGE_CURVE('',#6345,#6344,#751,.T.);
#5061=EDGE_CURVE('',#6346,#5817,#7229,.T.);
#5062=EDGE_CURVE('',#6346,#6345,#7230,.T.);
#5063=EDGE_CURVE('',#6347,#5816,#7231,.T.);
#5064=EDGE_CURVE('',#6347,#6346,#7232,.T.);
#5065=EDGE_CURVE('',#6348,#5815,#7233,.T.);
#5066=EDGE_CURVE('',#6348,#6347,#7234,.T.);
#5067=EDGE_CURVE('',#6349,#5814,#7235,.T.);
#5068=EDGE_CURVE('',#6349,#6348,#752,.F.);
#5069=EDGE_CURVE('',#6350,#5813,#7236,.T.);
#5070=EDGE_CURVE('',#6350,#6349,#753,.F.);
#5071=EDGE_CURVE('',#6351,#5812,#7237,.T.);
#5072=EDGE_CURVE('',#6351,#6350,#440,.T.);
#5073=EDGE_CURVE('',#6352,#5811,#7238,.T.);
#5074=EDGE_CURVE('',#6352,#6351,#441,.T.);
#5075=EDGE_CURVE('',#6353,#5810,#7239,.T.);
#5076=EDGE_CURVE('',#6353,#6352,#442,.T.);
#5077=EDGE_CURVE('',#6354,#5809,#7240,.T.);
#5078=EDGE_CURVE('',#6354,#6353,#443,.T.);
#5079=EDGE_CURVE('',#6355,#5808,#7241,.T.);
#5080=EDGE_CURVE('',#6355,#6354,#754,.F.);
#5081=EDGE_CURVE('',#6356,#5807,#7242,.T.);
#5082=EDGE_CURVE('',#6356,#6355,#755,.F.);
#5083=EDGE_CURVE('',#6357,#5806,#7243,.T.);
#5084=EDGE_CURVE('',#6357,#6356,#756,.F.);
#5085=EDGE_CURVE('',#6358,#5805,#7244,.T.);
#5086=EDGE_CURVE('',#6358,#6357,#7245,.T.);
#5087=EDGE_CURVE('',#6359,#5804,#7246,.T.);
#5088=EDGE_CURVE('',#6359,#6358,#7247,.T.);
#5089=EDGE_CURVE('',#6360,#5803,#7248,.T.);
#5090=EDGE_CURVE('',#6360,#6359,#7249,.T.);
#5091=EDGE_CURVE('',#6361,#5802,#7250,.T.);
#5092=EDGE_CURVE('',#6361,#6360,#757,.T.);
#5093=EDGE_CURVE('',#6362,#5801,#7251,.T.);
#5094=EDGE_CURVE('',#6362,#6361,#444,.T.);
#5095=EDGE_CURVE('',#6363,#5800,#7252,.T.);
#5096=EDGE_CURVE('',#6363,#6362,#758,.T.);
#5097=EDGE_CURVE('',#6364,#5799,#7253,.T.);
#5098=EDGE_CURVE('',#6364,#6363,#445,.T.);
#5099=EDGE_CURVE('',#6343,#6364,#446,.T.);
#5100=EDGE_CURVE('',#6365,#5784,#7254,.T.);
#5101=EDGE_CURVE('',#6365,#6366,#7255,.T.);
#5102=EDGE_CURVE('',#6366,#5785,#7256,.T.);
#5103=EDGE_CURVE('',#6367,#5796,#7257,.T.);
#5104=EDGE_CURVE('',#6367,#6365,#7258,.T.);
#5105=EDGE_CURVE('',#6368,#5795,#7259,.T.);
#5106=EDGE_CURVE('',#6368,#6367,#7260,.T.);
#5107=EDGE_CURVE('',#6369,#5794,#7261,.T.);
#5108=EDGE_CURVE('',#6369,#6368,#7262,.T.);
#5109=EDGE_CURVE('',#6370,#5793,#7263,.T.);
#5110=EDGE_CURVE('',#6370,#6369,#7264,.T.);
#5111=EDGE_CURVE('',#6371,#5792,#7265,.T.);
#5112=EDGE_CURVE('',#6371,#6370,#7266,.T.);
#5113=EDGE_CURVE('',#6372,#5791,#7267,.T.);
#5114=EDGE_CURVE('',#6372,#6371,#7268,.T.);
#5115=EDGE_CURVE('',#6373,#5790,#7269,.T.);
#5116=EDGE_CURVE('',#6373,#6372,#7270,.T.);
#5117=EDGE_CURVE('',#6374,#5789,#7271,.T.);
#5118=EDGE_CURVE('',#6374,#6373,#7272,.T.);
#5119=EDGE_CURVE('',#6375,#5788,#7273,.T.);
#5120=EDGE_CURVE('',#6375,#6374,#7274,.T.);
#5121=EDGE_CURVE('',#6376,#5787,#7275,.T.);
#5122=EDGE_CURVE('',#6376,#6375,#7276,.T.);
#5123=EDGE_CURVE('',#6377,#5786,#7277,.T.);
#5124=EDGE_CURVE('',#6377,#6376,#7278,.T.);
#5125=EDGE_CURVE('',#6366,#6377,#7279,.T.);
#5126=EDGE_CURVE('',#6378,#6379,#7280,.T.);
#5127=EDGE_CURVE('',#6380,#6378,#7281,.T.);
#5128=EDGE_CURVE('',#6380,#6381,#7282,.T.);
#5129=EDGE_CURVE('',#6381,#6379,#7283,.T.);
#5130=EDGE_CURVE('',#6382,#6378,#7284,.T.);
#5131=EDGE_CURVE('',#6383,#6382,#7285,.T.);
#5132=EDGE_CURVE('',#6383,#6380,#7286,.T.);
#5133=EDGE_CURVE('',#6384,#5776,#7287,.T.);
#5134=EDGE_CURVE('',#6384,#6385,#7288,.T.);
#5135=EDGE_CURVE('',#6385,#5777,#7289,.T.);
#5136=EDGE_CURVE('',#6386,#5783,#7290,.T.);
#5137=EDGE_CURVE('',#6386,#6384,#7291,.T.);
#5138=EDGE_CURVE('',#6387,#5782,#7292,.T.);
#5139=EDGE_CURVE('',#6387,#6386,#7293,.T.);
#5140=EDGE_CURVE('',#6388,#5781,#7294,.T.);
#5141=EDGE_CURVE('',#6388,#6387,#7295,.T.);
#5142=EDGE_CURVE('',#6389,#5780,#7296,.T.);
#5143=EDGE_CURVE('',#6389,#6388,#7297,.T.);
#5144=EDGE_CURVE('',#6390,#5779,#7298,.T.);
#5145=EDGE_CURVE('',#6390,#6389,#7299,.T.);
#5146=EDGE_CURVE('',#6391,#5778,#7300,.T.);
#5147=EDGE_CURVE('',#6391,#6390,#7301,.T.);
#5148=EDGE_CURVE('',#6385,#6391,#7302,.T.);
#5149=EDGE_CURVE('',#6379,#6382,#7303,.T.);
#5150=EDGE_CURVE('',#6381,#6383,#7304,.T.);
#5151=EDGE_CURVE('',#6392,#5724,#7305,.T.);
#5152=EDGE_CURVE('',#6392,#6393,#447,.T.);
#5153=EDGE_CURVE('',#6393,#5725,#7306,.T.);
#5154=EDGE_CURVE('',#6394,#5775,#7307,.T.);
#5155=EDGE_CURVE('',#6394,#6392,#7308,.T.);
#5156=EDGE_CURVE('',#6395,#5774,#7309,.T.);
#5157=EDGE_CURVE('',#6395,#6394,#759,.T.);
#5158=EDGE_CURVE('',#6396,#5773,#7310,.T.);
#5159=EDGE_CURVE('',#6396,#6395,#760,.T.);
#5160=EDGE_CURVE('',#6397,#5772,#7311,.T.);
#5161=EDGE_CURVE('',#6397,#6396,#761,.T.);
#5162=EDGE_CURVE('',#6398,#5771,#7312,.T.);
#5163=EDGE_CURVE('',#6398,#6397,#762,.T.);
#5164=EDGE_CURVE('',#6399,#5770,#7313,.T.);
#5165=EDGE_CURVE('',#6399,#6398,#763,.T.);
#5166=EDGE_CURVE('',#6400,#5769,#7314,.T.);
#5167=EDGE_CURVE('',#6400,#6399,#764,.T.);
#5168=EDGE_CURVE('',#6401,#5768,#7315,.T.);
#5169=EDGE_CURVE('',#6401,#6400,#7316,.T.);
#5170=EDGE_CURVE('',#6402,#5767,#7317,.T.);
#5171=EDGE_CURVE('',#6402,#6401,#765,.T.);
#5172=EDGE_CURVE('',#6403,#5766,#7318,.T.);
#5173=EDGE_CURVE('',#6403,#6402,#448,.T.);
#5174=EDGE_CURVE('',#6404,#5765,#7319,.T.);
#5175=EDGE_CURVE('',#6404,#6403,#766,.T.);
#5176=EDGE_CURVE('',#6405,#5764,#7320,.T.);
#5177=EDGE_CURVE('',#6405,#6404,#767,.T.);
#5178=EDGE_CURVE('',#6406,#5763,#7321,.T.);
#5179=EDGE_CURVE('',#6406,#6405,#768,.T.);
#5180=EDGE_CURVE('',#6407,#5762,#7322,.T.);
#5181=EDGE_CURVE('',#6407,#6406,#769,.T.);
#5182=EDGE_CURVE('',#6408,#5761,#7323,.T.);
#5183=EDGE_CURVE('',#6408,#6407,#770,.T.);
#5184=EDGE_CURVE('',#6409,#5760,#7324,.T.);
#5185=EDGE_CURVE('',#6409,#6408,#771,.T.);
#5186=EDGE_CURVE('',#6410,#5759,#7325,.T.);
#5187=EDGE_CURVE('',#6410,#6409,#772,.T.);
#5188=EDGE_CURVE('',#6411,#5758,#7326,.T.);
#5189=EDGE_CURVE('',#6411,#6410,#773,.T.);
#5190=EDGE_CURVE('',#6412,#5757,#7327,.T.);
#5191=EDGE_CURVE('',#6412,#6411,#449,.T.);
#5192=EDGE_CURVE('',#6413,#5756,#7328,.T.);
#5193=EDGE_CURVE('',#6413,#6412,#774,.T.);
#5194=EDGE_CURVE('',#6414,#5755,#7329,.T.);
#5195=EDGE_CURVE('',#6414,#6413,#7330,.T.);
#5196=EDGE_CURVE('',#6415,#5754,#7331,.T.);
#5197=EDGE_CURVE('',#6415,#6414,#775,.T.);
#5198=EDGE_CURVE('',#6416,#5753,#7332,.T.);
#5199=EDGE_CURVE('',#6416,#6415,#776,.T.);
#5200=EDGE_CURVE('',#6417,#5752,#7333,.T.);
#5201=EDGE_CURVE('',#6417,#6416,#777,.T.);
#5202=EDGE_CURVE('',#6418,#5751,#7334,.T.);
#5203=EDGE_CURVE('',#6418,#6417,#778,.T.);
#5204=EDGE_CURVE('',#6419,#5750,#7335,.T.);
#5205=EDGE_CURVE('',#6419,#6418,#779,.T.);
#5206=EDGE_CURVE('',#6420,#5749,#7336,.T.);
#5207=EDGE_CURVE('',#6420,#6419,#780,.T.);
#5208=EDGE_CURVE('',#6421,#5748,#7337,.T.);
#5209=EDGE_CURVE('',#6421,#6420,#7338,.T.);
#5210=EDGE_CURVE('',#6422,#5747,#7339,.T.);
#5211=EDGE_CURVE('',#6422,#6421,#781,.F.);
#5212=EDGE_CURVE('',#6423,#5746,#7340,.T.);
#5213=EDGE_CURVE('',#6423,#6422,#782,.F.);
#5214=EDGE_CURVE('',#6424,#5745,#7341,.T.);
#5215=EDGE_CURVE('',#6424,#6423,#783,.F.);
#5216=EDGE_CURVE('',#6425,#5744,#7342,.T.);
#5217=EDGE_CURVE('',#6425,#6424,#784,.F.);
#5218=EDGE_CURVE('',#6426,#5743,#7343,.T.);
#5219=EDGE_CURVE('',#6426,#6425,#785,.F.);
#5220=EDGE_CURVE('',#6427,#5742,#7344,.T.);
#5221=EDGE_CURVE('',#6427,#6426,#786,.F.);
#5222=EDGE_CURVE('',#6428,#5741,#7345,.T.);
#5223=EDGE_CURVE('',#6428,#6427,#7346,.T.);
#5224=EDGE_CURVE('',#6429,#5740,#7347,.T.);
#5225=EDGE_CURVE('',#6429,#6428,#787,.F.);
#5226=EDGE_CURVE('',#6430,#5739,#7348,.T.);
#5227=EDGE_CURVE('',#6430,#6429,#788,.F.);
#5228=EDGE_CURVE('',#6431,#5738,#7349,.T.);
#5229=EDGE_CURVE('',#6431,#6430,#789,.F.);
#5230=EDGE_CURVE('',#6432,#5737,#7350,.T.);
#5231=EDGE_CURVE('',#6432,#6431,#790,.F.);
#5232=EDGE_CURVE('',#6433,#5736,#7351,.T.);
#5233=EDGE_CURVE('',#6433,#6432,#791,.F.);
#5234=EDGE_CURVE('',#6434,#5735,#7352,.T.);
#5235=EDGE_CURVE('',#6434,#6433,#792,.F.);
#5236=EDGE_CURVE('',#6435,#5734,#7353,.T.);
#5237=EDGE_CURVE('',#6435,#6434,#793,.F.);
#5238=EDGE_CURVE('',#6436,#5733,#7354,.T.);
#5239=EDGE_CURVE('',#6436,#6435,#794,.F.);
#5240=EDGE_CURVE('',#6437,#5732,#7355,.T.);
#5241=EDGE_CURVE('',#6437,#6436,#795,.F.);
#5242=EDGE_CURVE('',#6438,#5731,#7356,.T.);
#5243=EDGE_CURVE('',#6438,#6437,#796,.F.);
#5244=EDGE_CURVE('',#6439,#5730,#7357,.T.);
#5245=EDGE_CURVE('',#6439,#6438,#797,.F.);
#5246=EDGE_CURVE('',#6440,#5729,#7358,.T.);
#5247=EDGE_CURVE('',#6440,#6439,#798,.F.);
#5248=EDGE_CURVE('',#6441,#5728,#7359,.T.);
#5249=EDGE_CURVE('',#6441,#6440,#7360,.T.);
#5250=EDGE_CURVE('',#6442,#5727,#7361,.T.);
#5251=EDGE_CURVE('',#6442,#6441,#799,.F.);
#5252=EDGE_CURVE('',#6443,#5726,#7362,.T.);
#5253=EDGE_CURVE('',#6443,#6442,#450,.T.);
#5254=EDGE_CURVE('',#6393,#6443,#800,.F.);
#5255=EDGE_CURVE('',#6444,#5716,#7363,.T.);
#5256=EDGE_CURVE('',#6444,#6445,#7364,.T.);
#5257=EDGE_CURVE('',#6445,#5717,#7365,.T.);
#5258=EDGE_CURVE('',#6446,#5723,#7366,.T.);
#5259=EDGE_CURVE('',#6446,#6444,#7367,.T.);
#5260=EDGE_CURVE('',#6447,#5722,#7368,.T.);
#5261=EDGE_CURVE('',#6447,#6446,#7369,.T.);
#5262=EDGE_CURVE('',#6448,#5721,#7370,.T.);
#5263=EDGE_CURVE('',#6448,#6447,#7371,.T.);
#5264=EDGE_CURVE('',#6449,#5720,#7372,.T.);
#5265=EDGE_CURVE('',#6449,#6448,#7373,.T.);
#5266=EDGE_CURVE('',#6450,#5719,#7374,.T.);
#5267=EDGE_CURVE('',#6450,#6449,#7375,.T.);
#5268=EDGE_CURVE('',#6451,#5718,#7376,.T.);
#5269=EDGE_CURVE('',#6451,#6450,#7377,.T.);
#5270=EDGE_CURVE('',#6445,#6451,#7378,.T.);
#5271=EDGE_CURVE('',#6452,#5704,#7379,.T.);
#5272=EDGE_CURVE('',#6452,#6453,#7380,.T.);
#5273=EDGE_CURVE('',#6453,#5705,#7381,.T.);
#5274=EDGE_CURVE('',#6454,#5715,#7382,.T.);
#5275=EDGE_CURVE('',#6454,#6452,#7383,.T.);
#5276=EDGE_CURVE('',#6455,#5714,#7384,.T.);
#5277=EDGE_CURVE('',#6455,#6454,#7385,.T.);
#5278=EDGE_CURVE('',#6456,#5713,#7386,.T.);
#5279=EDGE_CURVE('',#6456,#6455,#7387,.T.);
#5280=EDGE_CURVE('',#6457,#5712,#7388,.T.);
#5281=EDGE_CURVE('',#6457,#6456,#7389,.T.);
#5282=EDGE_CURVE('',#6458,#5711,#7390,.T.);
#5283=EDGE_CURVE('',#6458,#6457,#7391,.T.);
#5284=EDGE_CURVE('',#6459,#5710,#7392,.T.);
#5285=EDGE_CURVE('',#6459,#6458,#7393,.T.);
#5286=EDGE_CURVE('',#6460,#5709,#7394,.T.);
#5287=EDGE_CURVE('',#6460,#6459,#7395,.T.);
#5288=EDGE_CURVE('',#6461,#5708,#7396,.T.);
#5289=EDGE_CURVE('',#6461,#6460,#7397,.T.);
#5290=EDGE_CURVE('',#6462,#5707,#7398,.T.);
#5291=EDGE_CURVE('',#6462,#6461,#7399,.T.);
#5292=EDGE_CURVE('',#6463,#5706,#7400,.T.);
#5293=EDGE_CURVE('',#6463,#6462,#7401,.T.);
#5294=EDGE_CURVE('',#6453,#6463,#7402,.T.);
#5295=EDGE_CURVE('',#6464,#5691,#7403,.T.);
#5296=EDGE_CURVE('',#6464,#6465,#7404,.T.);
#5297=EDGE_CURVE('',#6465,#5692,#7405,.T.);
#5298=EDGE_CURVE('',#6466,#5703,#7406,.T.);
#5299=EDGE_CURVE('',#6466,#6464,#7407,.T.);
#5300=EDGE_CURVE('',#6467,#5702,#7408,.T.);
#5301=EDGE_CURVE('',#6467,#6466,#7409,.T.);
#5302=EDGE_CURVE('',#6468,#5701,#7410,.T.);
#5303=EDGE_CURVE('',#6468,#6467,#7411,.T.);
#5304=EDGE_CURVE('',#6469,#5700,#7412,.T.);
#5305=EDGE_CURVE('',#6469,#6468,#7413,.T.);
#5306=EDGE_CURVE('',#6470,#5699,#7414,.T.);
#5307=EDGE_CURVE('',#6470,#6469,#7415,.T.);
#5308=EDGE_CURVE('',#6471,#5698,#7416,.T.);
#5309=EDGE_CURVE('',#6471,#6470,#7417,.T.);
#5310=EDGE_CURVE('',#6472,#5697,#7418,.T.);
#5311=EDGE_CURVE('',#6472,#6471,#7419,.T.);
#5312=EDGE_CURVE('',#6473,#5696,#7420,.T.);
#5313=EDGE_CURVE('',#6473,#6472,#7421,.T.);
#5314=EDGE_CURVE('',#6474,#5695,#7422,.T.);
#5315=EDGE_CURVE('',#6474,#6473,#7423,.T.);
#5316=EDGE_CURVE('',#6475,#5694,#7424,.T.);
#5317=EDGE_CURVE('',#6475,#6474,#7425,.T.);
#5318=EDGE_CURVE('',#6476,#5693,#7426,.T.);
#5319=EDGE_CURVE('',#6476,#6475,#7427,.T.);
#5320=EDGE_CURVE('',#6465,#6476,#7428,.T.);
#5321=EDGE_CURVE('',#6477,#5639,#7429,.T.);
#5322=EDGE_CURVE('',#6477,#6478,#451,.T.);
#5323=EDGE_CURVE('',#6478,#5640,#7430,.T.);
#5324=EDGE_CURVE('',#6479,#5690,#7431,.T.);
#5325=EDGE_CURVE('',#6479,#6477,#7432,.T.);
#5326=EDGE_CURVE('',#6480,#5689,#7433,.T.);
#5327=EDGE_CURVE('',#6480,#6479,#801,.T.);
#5328=EDGE_CURVE('',#6481,#5688,#7434,.T.);
#5329=EDGE_CURVE('',#6481,#6480,#802,.T.);
#5330=EDGE_CURVE('',#6482,#5687,#7435,.T.);
#5331=EDGE_CURVE('',#6482,#6481,#803,.T.);
#5332=EDGE_CURVE('',#6483,#5686,#7436,.T.);
#5333=EDGE_CURVE('',#6483,#6482,#804,.T.);
#5334=EDGE_CURVE('',#6484,#5685,#7437,.T.);
#5335=EDGE_CURVE('',#6484,#6483,#805,.T.);
#5336=EDGE_CURVE('',#6485,#5684,#7438,.T.);
#5337=EDGE_CURVE('',#6485,#6484,#806,.T.);
#5338=EDGE_CURVE('',#6486,#5683,#7439,.T.);
#5339=EDGE_CURVE('',#6486,#6485,#7440,.T.);
#5340=EDGE_CURVE('',#6487,#5682,#7441,.T.);
#5341=EDGE_CURVE('',#6487,#6486,#807,.T.);
#5342=EDGE_CURVE('',#6488,#5681,#7442,.T.);
#5343=EDGE_CURVE('',#6488,#6487,#452,.T.);
#5344=EDGE_CURVE('',#6489,#5680,#7443,.T.);
#5345=EDGE_CURVE('',#6489,#6488,#808,.T.);
#5346=EDGE_CURVE('',#6490,#5679,#7444,.T.);
#5347=EDGE_CURVE('',#6490,#6489,#809,.T.);
#5348=EDGE_CURVE('',#6491,#5678,#7445,.T.);
#5349=EDGE_CURVE('',#6491,#6490,#810,.T.);
#5350=EDGE_CURVE('',#6492,#5677,#7446,.T.);
#5351=EDGE_CURVE('',#6492,#6491,#811,.T.);
#5352=EDGE_CURVE('',#6493,#5676,#7447,.T.);
#5353=EDGE_CURVE('',#6493,#6492,#812,.T.);
#5354=EDGE_CURVE('',#6494,#5675,#7448,.T.);
#5355=EDGE_CURVE('',#6494,#6493,#813,.T.);
#5356=EDGE_CURVE('',#6495,#5674,#7449,.T.);
#5357=EDGE_CURVE('',#6495,#6494,#814,.T.);
#5358=EDGE_CURVE('',#6496,#5673,#7450,.T.);
#5359=EDGE_CURVE('',#6496,#6495,#815,.T.);
#5360=EDGE_CURVE('',#6497,#5672,#7451,.T.);
#5361=EDGE_CURVE('',#6497,#6496,#453,.T.);
#5362=EDGE_CURVE('',#6498,#5671,#7452,.T.);
#5363=EDGE_CURVE('',#6498,#6497,#816,.T.);
#5364=EDGE_CURVE('',#6499,#5670,#7453,.T.);
#5365=EDGE_CURVE('',#6499,#6498,#7454,.T.);
#5366=EDGE_CURVE('',#6500,#5669,#7455,.T.);
#5367=EDGE_CURVE('',#6500,#6499,#817,.T.);
#5368=EDGE_CURVE('',#6501,#5668,#7456,.T.);
#5369=EDGE_CURVE('',#6501,#6500,#818,.T.);
#5370=EDGE_CURVE('',#6502,#5667,#7457,.T.);
#5371=EDGE_CURVE('',#6502,#6501,#819,.T.);
#5372=EDGE_CURVE('',#6503,#5666,#7458,.T.);
#5373=EDGE_CURVE('',#6503,#6502,#820,.T.);
#5374=EDGE_CURVE('',#6504,#5665,#7459,.T.);
#5375=EDGE_CURVE('',#6504,#6503,#821,.T.);
#5376=EDGE_CURVE('',#6505,#5664,#7460,.T.);
#5377=EDGE_CURVE('',#6505,#6504,#822,.T.);
#5378=EDGE_CURVE('',#6506,#5663,#7461,.T.);
#5379=EDGE_CURVE('',#6506,#6505,#7462,.T.);
#5380=EDGE_CURVE('',#6507,#5662,#7463,.T.);
#5381=EDGE_CURVE('',#6507,#6506,#823,.F.);
#5382=EDGE_CURVE('',#6508,#5661,#7464,.T.);
#5383=EDGE_CURVE('',#6508,#6507,#824,.F.);
#5384=EDGE_CURVE('',#6509,#5660,#7465,.T.);
#5385=EDGE_CURVE('',#6509,#6508,#825,.F.);
#5386=EDGE_CURVE('',#6510,#5659,#7466,.T.);
#5387=EDGE_CURVE('',#6510,#6509,#826,.F.);
#5388=EDGE_CURVE('',#6511,#5658,#7467,.T.);
#5389=EDGE_CURVE('',#6511,#6510,#827,.F.);
#5390=EDGE_CURVE('',#6512,#5657,#7468,.T.);
#5391=EDGE_CURVE('',#6512,#6511,#828,.F.);
#5392=EDGE_CURVE('',#6513,#5656,#7469,.T.);
#5393=EDGE_CURVE('',#6513,#6512,#7470,.T.);
#5394=EDGE_CURVE('',#6514,#5655,#7471,.T.);
#5395=EDGE_CURVE('',#6514,#6513,#829,.F.);
#5396=EDGE_CURVE('',#6515,#5654,#7472,.T.);
#5397=EDGE_CURVE('',#6515,#6514,#830,.F.);
#5398=EDGE_CURVE('',#6516,#5653,#7473,.T.);
#5399=EDGE_CURVE('',#6516,#6515,#831,.F.);
#5400=EDGE_CURVE('',#6517,#5652,#7474,.T.);
#5401=EDGE_CURVE('',#6517,#6516,#832,.F.);
#5402=EDGE_CURVE('',#6518,#5651,#7475,.T.);
#5403=EDGE_CURVE('',#6518,#6517,#833,.F.);
#5404=EDGE_CURVE('',#6519,#5650,#7476,.T.);
#5405=EDGE_CURVE('',#6519,#6518,#834,.F.);
#5406=EDGE_CURVE('',#6520,#5649,#7477,.T.);
#5407=EDGE_CURVE('',#6520,#6519,#835,.F.);
#5408=EDGE_CURVE('',#6521,#5648,#7478,.T.);
#5409=EDGE_CURVE('',#6521,#6520,#836,.F.);
#5410=EDGE_CURVE('',#6522,#5647,#7479,.T.);
#5411=EDGE_CURVE('',#6522,#6521,#837,.F.);
#5412=EDGE_CURVE('',#6523,#5646,#7480,.T.);
#5413=EDGE_CURVE('',#6523,#6522,#838,.F.);
#5414=EDGE_CURVE('',#6524,#5645,#7481,.T.);
#5415=EDGE_CURVE('',#6524,#6523,#839,.F.);
#5416=EDGE_CURVE('',#6525,#5644,#7482,.T.);
#5417=EDGE_CURVE('',#6525,#6524,#840,.F.);
#5418=EDGE_CURVE('',#6526,#5643,#7483,.T.);
#5419=EDGE_CURVE('',#6526,#6525,#7484,.T.);
#5420=EDGE_CURVE('',#6527,#5642,#7485,.T.);
#5421=EDGE_CURVE('',#6527,#6526,#841,.F.);
#5422=EDGE_CURVE('',#6528,#5641,#7486,.T.);
#5423=EDGE_CURVE('',#6528,#6527,#454,.T.);
#5424=EDGE_CURVE('',#6478,#6528,#842,.F.);
#5425=EDGE_CURVE('',#6529,#6530,#843,.F.);
#5426=EDGE_CURVE('',#6531,#6529,#7487,.T.);
#5427=EDGE_CURVE('',#6531,#6532,#844,.F.);
#5428=EDGE_CURVE('',#6532,#6530,#7488,.T.);
#5429=EDGE_CURVE('',#6533,#6529,#7489,.T.);
#5430=EDGE_CURVE('',#6534,#6533,#7490,.T.);
#5431=EDGE_CURVE('',#6534,#6531,#7491,.T.);
#5432=EDGE_CURVE('',#6535,#6533,#845,.F.);
#5433=EDGE_CURVE('',#6536,#6535,#7492,.T.);
#5434=EDGE_CURVE('',#6536,#6534,#846,.F.);
#5435=EDGE_CURVE('',#6537,#6535,#847,.F.);
#5436=EDGE_CURVE('',#6538,#6537,#7493,.T.);
#5437=EDGE_CURVE('',#6538,#6536,#848,.F.);
#5438=EDGE_CURVE('',#6539,#6537,#849,.F.);
#5439=EDGE_CURVE('',#6540,#6539,#7494,.T.);
#5440=EDGE_CURVE('',#6540,#6538,#850,.F.);
#5441=EDGE_CURVE('',#6541,#6539,#851,.F.);
#5442=EDGE_CURVE('',#6542,#6541,#7495,.T.);
#5443=EDGE_CURVE('',#6542,#6540,#852,.F.);
#5444=EDGE_CURVE('',#6543,#6541,#853,.F.);
#5445=EDGE_CURVE('',#6544,#6543,#7496,.T.);
#5446=EDGE_CURVE('',#6544,#6542,#854,.F.);
#5447=EDGE_CURVE('',#6545,#6543,#855,.F.);
#5448=EDGE_CURVE('',#6546,#6545,#7497,.T.);
#5449=EDGE_CURVE('',#6546,#6544,#856,.F.);
#5450=EDGE_CURVE('',#6547,#6545,#857,.F.);
#5451=EDGE_CURVE('',#6548,#6547,#7498,.T.);
#5452=EDGE_CURVE('',#6548,#6546,#858,.F.);
#5453=EDGE_CURVE('',#6549,#6547,#859,.F.);
#5454=EDGE_CURVE('',#6550,#6549,#7499,.T.);
#5455=EDGE_CURVE('',#6550,#6548,#860,.F.);
#5456=EDGE_CURVE('',#6551,#6549,#861,.F.);
#5457=EDGE_CURVE('',#6552,#6551,#7500,.T.);
#5458=EDGE_CURVE('',#6552,#6550,#862,.F.);
#5459=EDGE_CURVE('',#6553,#6551,#863,.F.);
#5460=EDGE_CURVE('',#6554,#6553,#7501,.T.);
#5461=EDGE_CURVE('',#6554,#6552,#864,.F.);
#5462=EDGE_CURVE('',#6555,#6553,#865,.F.);
#5463=EDGE_CURVE('',#6556,#6555,#7502,.T.);
#5464=EDGE_CURVE('',#6556,#6554,#866,.F.);
#5465=EDGE_CURVE('',#6557,#6555,#867,.F.);
#5466=EDGE_CURVE('',#6558,#6557,#7503,.T.);
#5467=EDGE_CURVE('',#6558,#6556,#868,.F.);
#5468=EDGE_CURVE('',#6559,#6557,#7504,.T.);
#5469=EDGE_CURVE('',#6560,#6559,#7505,.T.);
#5470=EDGE_CURVE('',#6560,#6558,#7506,.T.);
#5471=EDGE_CURVE('',#6561,#6559,#869,.F.);
#5472=EDGE_CURVE('',#6562,#6561,#7507,.T.);
#5473=EDGE_CURVE('',#6562,#6560,#870,.F.);
#5474=EDGE_CURVE('',#6563,#6561,#871,.F.);
#5475=EDGE_CURVE('',#6564,#6563,#7508,.T.);
#5476=EDGE_CURVE('',#6564,#6562,#872,.F.);
#5477=EDGE_CURVE('',#6565,#6563,#873,.F.);
#5478=EDGE_CURVE('',#6566,#6565,#7509,.T.);
#5479=EDGE_CURVE('',#6566,#6564,#874,.F.);
#5480=EDGE_CURVE('',#6567,#6565,#875,.F.);
#5481=EDGE_CURVE('',#6568,#6567,#7510,.T.);
#5482=EDGE_CURVE('',#6568,#6566,#876,.F.);
#5483=EDGE_CURVE('',#6569,#6567,#877,.F.);
#5484=EDGE_CURVE('',#6570,#6569,#7511,.T.);
#5485=EDGE_CURVE('',#6570,#6568,#878,.F.);
#5486=EDGE_CURVE('',#6571,#6569,#879,.F.);
#5487=EDGE_CURVE('',#6572,#6571,#7512,.T.);
#5488=EDGE_CURVE('',#6572,#6570,#880,.F.);
#5489=EDGE_CURVE('',#6573,#6571,#881,.F.);
#5490=EDGE_CURVE('',#6574,#6573,#7513,.T.);
#5491=EDGE_CURVE('',#6574,#6572,#882,.F.);
#5492=EDGE_CURVE('',#6575,#6573,#883,.F.);
#5493=EDGE_CURVE('',#6576,#6575,#7514,.T.);
#5494=EDGE_CURVE('',#6576,#6574,#884,.F.);
#5495=EDGE_CURVE('',#6577,#6575,#885,.F.);
#5496=EDGE_CURVE('',#6578,#6577,#7515,.T.);
#5497=EDGE_CURVE('',#6578,#6576,#886,.F.);
#5498=EDGE_CURVE('',#6579,#6577,#887,.F.);
#5499=EDGE_CURVE('',#6580,#6579,#7516,.T.);
#5500=EDGE_CURVE('',#6580,#6578,#888,.F.);
#5501=EDGE_CURVE('',#6581,#5613,#7517,.T.);
#5502=EDGE_CURVE('',#6581,#6582,#889,.T.);
#5503=EDGE_CURVE('',#6582,#5614,#7518,.T.);
#5504=EDGE_CURVE('',#6583,#5638,#7519,.T.);
#5505=EDGE_CURVE('',#6583,#6581,#7520,.T.);
#5506=EDGE_CURVE('',#6584,#5637,#7521,.T.);
#5507=EDGE_CURVE('',#6584,#6583,#890,.T.);
#5508=EDGE_CURVE('',#6585,#5636,#7522,.T.);
#5509=EDGE_CURVE('',#6585,#6584,#455,.T.);
#5510=EDGE_CURVE('',#6586,#5635,#7523,.T.);
#5511=EDGE_CURVE('',#6586,#6585,#891,.T.);
#5512=EDGE_CURVE('',#6587,#5634,#7524,.T.);
#5513=EDGE_CURVE('',#6587,#6586,#892,.T.);
#5514=EDGE_CURVE('',#6588,#5633,#7525,.T.);
#5515=EDGE_CURVE('',#6588,#6587,#893,.T.);
#5516=EDGE_CURVE('',#6589,#5632,#7526,.T.);
#5517=EDGE_CURVE('',#6589,#6588,#894,.T.);
#5518=EDGE_CURVE('',#6590,#5631,#7527,.T.);
#5519=EDGE_CURVE('',#6590,#6589,#895,.T.);
#5520=EDGE_CURVE('',#6591,#5630,#7528,.T.);
#5521=EDGE_CURVE('',#6591,#6590,#896,.T.);
#5522=EDGE_CURVE('',#6592,#5629,#7529,.T.);
#5523=EDGE_CURVE('',#6592,#6591,#897,.T.);
#5524=EDGE_CURVE('',#6593,#5628,#7530,.T.);
#5525=EDGE_CURVE('',#6593,#6592,#898,.T.);
#5526=EDGE_CURVE('',#6594,#5627,#7531,.T.);
#5527=EDGE_CURVE('',#6594,#6593,#456,.T.);
#5528=EDGE_CURVE('',#6595,#5626,#7532,.T.);
#5529=EDGE_CURVE('',#6595,#6594,#899,.T.);
#5530=EDGE_CURVE('',#6596,#5625,#7533,.T.);
#5531=EDGE_CURVE('',#6596,#6595,#7534,.T.);
#5532=EDGE_CURVE('',#6597,#5624,#7535,.T.);
#5533=EDGE_CURVE('',#6597,#6596,#900,.T.);
#5534=EDGE_CURVE('',#6598,#5623,#7536,.T.);
#5535=EDGE_CURVE('',#6598,#6597,#457,.T.);
#5536=EDGE_CURVE('',#6599,#5622,#7537,.T.);
#5537=EDGE_CURVE('',#6599,#6598,#901,.T.);
#5538=EDGE_CURVE('',#6600,#5621,#7538,.T.);
#5539=EDGE_CURVE('',#6600,#6599,#902,.T.);
#5540=EDGE_CURVE('',#6601,#5620,#7539,.T.);
#5541=EDGE_CURVE('',#6601,#6600,#903,.T.);
#5542=EDGE_CURVE('',#6602,#5619,#7540,.T.);
#5543=EDGE_CURVE('',#6602,#6601,#904,.T.);
#5544=EDGE_CURVE('',#6603,#5618,#7541,.T.);
#5545=EDGE_CURVE('',#6603,#6602,#905,.T.);
#5546=EDGE_CURVE('',#6604,#5617,#7542,.T.);
#5547=EDGE_CURVE('',#6604,#6603,#906,.T.);
#5548=EDGE_CURVE('',#6605,#5616,#7543,.T.);
#5549=EDGE_CURVE('',#6605,#6604,#907,.T.);
#5550=EDGE_CURVE('',#6606,#5615,#7544,.T.);
#5551=EDGE_CURVE('',#6606,#6605,#908,.T.);
#5552=EDGE_CURVE('',#6582,#6606,#458,.T.);
#5553=EDGE_CURVE('',#6530,#6579,#909,.F.);
#5554=EDGE_CURVE('',#6532,#6580,#910,.F.);
#5555=EDGE_CURVE('',#6607,#6608,#7545,.T.);
#5556=EDGE_CURVE('',#6609,#6607,#7546,.T.);
#5557=EDGE_CURVE('',#6609,#6610,#7547,.T.);
#5558=EDGE_CURVE('',#6610,#6608,#7548,.T.);
#5559=EDGE_CURVE('',#6607,#6611,#7549,.T.);
#5560=EDGE_CURVE('',#6612,#6611,#7550,.T.);
#5561=EDGE_CURVE('',#6609,#6612,#7551,.T.);
#5562=EDGE_CURVE('',#6611,#6613,#7552,.T.);
#5563=EDGE_CURVE('',#6614,#6613,#7553,.T.);
#5564=EDGE_CURVE('',#6612,#6614,#7554,.T.);
#5565=EDGE_CURVE('',#6608,#6613,#7555,.T.);
#5566=EDGE_CURVE('',#6610,#6614,#7556,.T.);
#5567=EDGE_CURVE('',#6615,#6616,#7557,.T.);
#5568=EDGE_CURVE('',#6617,#6615,#7558,.T.);
#5569=EDGE_CURVE('',#6617,#6618,#7559,.T.);
#5570=EDGE_CURVE('',#6618,#6616,#7560,.T.);
#5571=EDGE_CURVE('',#6615,#6619,#7561,.T.);
#5572=EDGE_CURVE('',#6620,#6619,#7562,.T.);
#5573=EDGE_CURVE('',#6617,#6620,#7563,.T.);
#5574=EDGE_CURVE('',#6619,#6621,#7564,.T.);
#5575=EDGE_CURVE('',#6622,#6621,#7565,.T.);
#5576=EDGE_CURVE('',#6620,#6622,#7566,.T.);
#5577=EDGE_CURVE('',#6616,#6621,#7567,.T.);
#5578=EDGE_CURVE('',#6618,#6622,#7568,.T.);
#5579=EDGE_CURVE('',#6623,#6623,#911,.T.);
#5580=EDGE_CURVE('',#6624,#6625,#7569,.T.);
#5581=EDGE_CURVE('',#6625,#6626,#7570,.T.);
#5582=EDGE_CURVE('',#6626,#6627,#7571,.T.);
#5583=EDGE_CURVE('',#6628,#6627,#7572,.T.);
#5584=EDGE_CURVE('',#6628,#6629,#7573,.T.);
#5585=EDGE_CURVE('',#6630,#6629,#7574,.T.);
#5586=EDGE_CURVE('',#6631,#6630,#7575,.T.);
#5587=EDGE_CURVE('',#6631,#6624,#7576,.T.);
#5588=EDGE_CURVE('',#6632,#6633,#7577,.T.);
#5589=EDGE_CURVE('',#6631,#6632,#7578,.T.);
#5590=EDGE_CURVE('',#6630,#6633,#7579,.T.);
#5591=EDGE_CURVE('',#6632,#6634,#7580,.T.);
#5592=EDGE_CURVE('',#6624,#6634,#7581,.T.);
#5593=EDGE_CURVE('',#6634,#6635,#7582,.T.);
#5594=EDGE_CURVE('',#6629,#6635,#7583,.T.);
#5595=EDGE_CURVE('',#6636,#6628,#7584,.T.);
#5596=EDGE_CURVE('',#6637,#6636,#7585,.T.);
#5597=EDGE_CURVE('',#6637,#6625,#7586,.T.);
#5598=EDGE_CURVE('',#6633,#6635,#7587,.T.);
#5599=EDGE_CURVE('',#6638,#6638,#912,.T.);
#5600=EDGE_CURVE('',#6637,#6639,#7588,.T.);
#5601=EDGE_CURVE('',#6639,#6626,#7589,.T.);
#5602=EDGE_CURVE('',#6640,#6627,#7590,.T.);
#5603=EDGE_CURVE('',#6636,#6640,#7591,.T.);
#5604=EDGE_CURVE('',#6639,#6640,#7592,.T.);
#5605=VERTEX_POINT('',#14406);
#5606=VERTEX_POINT('',#14407);
#5607=VERTEX_POINT('',#14409);
#5608=VERTEX_POINT('',#14411);
#5609=VERTEX_POINT('',#14415);
#5610=VERTEX_POINT('',#14417);
#5611=VERTEX_POINT('',#14421);
#5612=VERTEX_POINT('',#14423);
#5613=VERTEX_POINT('',#14433);
#5614=VERTEX_POINT('',#14434);
#5615=VERTEX_POINT('',#14438);
#5616=VERTEX_POINT('',#14440);
#5617=VERTEX_POINT('',#14442);
#5618=VERTEX_POINT('',#14444);
#5619=VERTEX_POINT('',#14446);
#5620=VERTEX_POINT('',#14448);
#5621=VERTEX_POINT('',#14450);
#5622=VERTEX_POINT('',#14452);
#5623=VERTEX_POINT('',#14454);
#5624=VERTEX_POINT('',#14458);
#5625=VERTEX_POINT('',#14460);
#5626=VERTEX_POINT('',#14462);
#5627=VERTEX_POINT('',#14464);
#5628=VERTEX_POINT('',#14468);
#5629=VERTEX_POINT('',#14470);
#5630=VERTEX_POINT('',#14472);
#5631=VERTEX_POINT('',#14474);
#5632=VERTEX_POINT('',#14476);
#5633=VERTEX_POINT('',#14478);
#5634=VERTEX_POINT('',#14480);
#5635=VERTEX_POINT('',#14482);
#5636=VERTEX_POINT('',#14484);
#5637=VERTEX_POINT('',#14488);
#5638=VERTEX_POINT('',#14490);
#5639=VERTEX_POINT('',#14495);
#5640=VERTEX_POINT('',#14496);
#5641=VERTEX_POINT('',#14498);
#5642=VERTEX_POINT('',#14502);
#5643=VERTEX_POINT('',#14504);
#5644=VERTEX_POINT('',#14506);
#5645=VERTEX_POINT('',#14508);
#5646=VERTEX_POINT('',#14510);
#5647=VERTEX_POINT('',#14512);
#5648=VERTEX_POINT('',#14514);
#5649=VERTEX_POINT('',#14516);
#5650=VERTEX_POINT('',#14518);
#5651=VERTEX_POINT('',#14520);
#5652=VERTEX_POINT('',#14522);
#5653=VERTEX_POINT('',#14524);
#5654=VERTEX_POINT('',#14526);
#5655=VERTEX_POINT('',#14528);
#5656=VERTEX_POINT('',#14530);
#5657=VERTEX_POINT('',#14532);
#5658=VERTEX_POINT('',#14534);
#5659=VERTEX_POINT('',#14536);
#5660=VERTEX_POINT('',#14538);
#5661=VERTEX_POINT('',#14540);
#5662=VERTEX_POINT('',#14542);
#5663=VERTEX_POINT('',#14544);
#5664=VERTEX_POINT('',#14546);
#5665=VERTEX_POINT('',#14548);
#5666=VERTEX_POINT('',#14550);
#5667=VERTEX_POINT('',#14552);
#5668=VERTEX_POINT('',#14554);
#5669=VERTEX_POINT('',#14556);
#5670=VERTEX_POINT('',#14558);
#5671=VERTEX_POINT('',#14560);
#5672=VERTEX_POINT('',#14562);
#5673=VERTEX_POINT('',#14566);
#5674=VERTEX_POINT('',#14568);
#5675=VERTEX_POINT('',#14570);
#5676=VERTEX_POINT('',#14572);
#5677=VERTEX_POINT('',#14574);
#5678=VERTEX_POINT('',#14576);
#5679=VERTEX_POINT('',#14578);
#5680=VERTEX_POINT('',#14580);
#5681=VERTEX_POINT('',#14582);
#5682=VERTEX_POINT('',#14586);
#5683=VERTEX_POINT('',#14588);
#5684=VERTEX_POINT('',#14590);
#5685=VERTEX_POINT('',#14592);
#5686=VERTEX_POINT('',#14594);
#5687=VERTEX_POINT('',#14596);
#5688=VERTEX_POINT('',#14598);
#5689=VERTEX_POINT('',#14600);
#5690=VERTEX_POINT('',#14602);
#5691=VERTEX_POINT('',#14605);
#5692=VERTEX_POINT('',#14606);
#5693=VERTEX_POINT('',#14608);
#5694=VERTEX_POINT('',#14610);
#5695=VERTEX_POINT('',#14612);
#5696=VERTEX_POINT('',#14614);
#5697=VERTEX_POINT('',#14616);
#5698=VERTEX_POINT('',#14618);
#5699=VERTEX_POINT('',#14620);
#5700=VERTEX_POINT('',#14622);
#5701=VERTEX_POINT('',#14624);
#5702=VERTEX_POINT('',#14626);
#5703=VERTEX_POINT('',#14628);
#5704=VERTEX_POINT('',#14631);
#5705=VERTEX_POINT('',#14632);
#5706=VERTEX_POINT('',#14634);
#5707=VERTEX_POINT('',#14636);
#5708=VERTEX_POINT('',#14638);
#5709=VERTEX_POINT('',#14640);
#5710=VERTEX_POINT('',#14642);
#5711=VERTEX_POINT('',#14644);
#5712=VERTEX_POINT('',#14646);
#5713=VERTEX_POINT('',#14648);
#5714=VERTEX_POINT('',#14650);
#5715=VERTEX_POINT('',#14652);
#5716=VERTEX_POINT('',#14655);
#5717=VERTEX_POINT('',#14656);
#5718=VERTEX_POINT('',#14658);
#5719=VERTEX_POINT('',#14660);
#5720=VERTEX_POINT('',#14662);
#5721=VERTEX_POINT('',#14664);
#5722=VERTEX_POINT('',#14666);
#5723=VERTEX_POINT('',#14668);
#5724=VERTEX_POINT('',#14673);
#5725=VERTEX_POINT('',#14674);
#5726=VERTEX_POINT('',#14676);
#5727=VERTEX_POINT('',#14680);
#5728=VERTEX_POINT('',#14682);
#5729=VERTEX_POINT('',#14684);
#5730=VERTEX_POINT('',#14686);
#5731=VERTEX_POINT('',#14688);
#5732=VERTEX_POINT('',#14690);
#5733=VERTEX_POINT('',#14692);
#5734=VERTEX_POINT('',#14694);
#5735=VERTEX_POINT('',#14696);
#5736=VERTEX_POINT('',#14698);
#5737=VERTEX_POINT('',#14700);
#5738=VERTEX_POINT('',#14702);
#5739=VERTEX_POINT('',#14704);
#5740=VERTEX_POINT('',#14706);
#5741=VERTEX_POINT('',#14708);
#5742=VERTEX_POINT('',#14710);
#5743=VERTEX_POINT('',#14712);
#5744=VERTEX_POINT('',#14714);
#5745=VERTEX_POINT('',#14716);
#5746=VERTEX_POINT('',#14718);
#5747=VERTEX_POINT('',#14720);
#5748=VERTEX_POINT('',#14722);
#5749=VERTEX_POINT('',#14724);
#5750=VERTEX_POINT('',#14726);
#5751=VERTEX_POINT('',#14728);
#5752=VERTEX_POINT('',#14730);
#5753=VERTEX_POINT('',#14732);
#5754=VERTEX_POINT('',#14734);
#5755=VERTEX_POINT('',#14736);
#5756=VERTEX_POINT('',#14738);
#5757=VERTEX_POINT('',#14740);
#5758=VERTEX_POINT('',#14744);
#5759=VERTEX_POINT('',#14746);
#5760=VERTEX_POINT('',#14748);
#5761=VERTEX_POINT('',#14750);
#5762=VERTEX_POINT('',#14752);
#5763=VERTEX_POINT('',#14754);
#5764=VERTEX_POINT('',#14756);
#5765=VERTEX_POINT('',#14758);
#5766=VERTEX_POINT('',#14760);
#5767=VERTEX_POINT('',#14764);
#5768=VERTEX_POINT('',#14766);
#5769=VERTEX_POINT('',#14768);
#5770=VERTEX_POINT('',#14770);
#5771=VERTEX_POINT('',#14772);
#5772=VERTEX_POINT('',#14774);
#5773=VERTEX_POINT('',#14776);
#5774=VERTEX_POINT('',#14778);
#5775=VERTEX_POINT('',#14780);
#5776=VERTEX_POINT('',#14783);
#5777=VERTEX_POINT('',#14784);
#5778=VERTEX_POINT('',#14786);
#5779=VERTEX_POINT('',#14788);
#5780=VERTEX_POINT('',#14790);
#5781=VERTEX_POINT('',#14792);
#5782=VERTEX_POINT('',#14794);
#5783=VERTEX_POINT('',#14796);
#5784=VERTEX_POINT('',#14799);
#5785=VERTEX_POINT('',#14800);
#5786=VERTEX_POINT('',#14802);
#5787=VERTEX_POINT('',#14804);
#5788=VERTEX_POINT('',#14806);
#5789=VERTEX_POINT('',#14808);
#5790=VERTEX_POINT('',#14810);
#5791=VERTEX_POINT('',#14812);
#5792=VERTEX_POINT('',#14814);
#5793=VERTEX_POINT('',#14816);
#5794=VERTEX_POINT('',#14818);
#5795=VERTEX_POINT('',#14820);
#5796=VERTEX_POINT('',#14822);
#5797=VERTEX_POINT('',#14827);
#5798=VERTEX_POINT('',#14828);
#5799=VERTEX_POINT('',#14832);
#5800=VERTEX_POINT('',#14836);
#5801=VERTEX_POINT('',#14838);
#5802=VERTEX_POINT('',#14842);
#5803=VERTEX_POINT('',#14844);
#5804=VERTEX_POINT('',#14846);
#5805=VERTEX_POINT('',#14848);
#5806=VERTEX_POINT('',#14850);
#5807=VERTEX_POINT('',#14852);
#5808=VERTEX_POINT('',#14854);
#5809=VERTEX_POINT('',#14856);
#5810=VERTEX_POINT('',#14860);
#5811=VERTEX_POINT('',#14864);
#5812=VERTEX_POINT('',#14868);
#5813=VERTEX_POINT('',#14872);
#5814=VERTEX_POINT('',#14874);
#5815=VERTEX_POINT('',#14876);
#5816=VERTEX_POINT('',#14878);
#5817=VERTEX_POINT('',#14880);
#5818=VERTEX_POINT('',#14882);
#5819=VERTEX_POINT('',#14884);
#5820=VERTEX_POINT('',#14887);
#5821=VERTEX_POINT('',#14888);
#5822=VERTEX_POINT('',#14890);
#5823=VERTEX_POINT('',#14892);
#5824=VERTEX_POINT('',#14894);
#5825=VERTEX_POINT('',#14896);
#5826=VERTEX_POINT('',#14898);
#5827=VERTEX_POINT('',#14900);
#5828=VERTEX_POINT('',#14903);
#5829=VERTEX_POINT('',#14904);
#5830=VERTEX_POINT('',#14906);
#5831=VERTEX_POINT('',#14908);
#5832=VERTEX_POINT('',#14910);
#5833=VERTEX_POINT('',#14914);
#5834=VERTEX_POINT('',#14916);
#5835=VERTEX_POINT('',#14920);
#5836=VERTEX_POINT('',#14922);
#5837=VERTEX_POINT('',#14924);
#5838=VERTEX_POINT('',#14926);
#5839=VERTEX_POINT('',#14928);
#5840=VERTEX_POINT('',#14930);
#5841=VERTEX_POINT('',#14932);
#5842=VERTEX_POINT('',#14937);
#5843=VERTEX_POINT('',#14938);
#5844=VERTEX_POINT('',#14942);
#5845=VERTEX_POINT('',#14944);
#5846=VERTEX_POINT('',#14946);
#5847=VERTEX_POINT('',#14948);
#5848=VERTEX_POINT('',#14950);
#5849=VERTEX_POINT('',#14952);
#5850=VERTEX_POINT('',#14954);
#5851=VERTEX_POINT('',#14958);
#5852=VERTEX_POINT('',#14960);
#5853=VERTEX_POINT('',#14964);
#5854=VERTEX_POINT('',#14968);
#5855=VERTEX_POINT('',#14970);
#5856=VERTEX_POINT('',#14974);
#5857=VERTEX_POINT('',#14978);
#5858=VERTEX_POINT('',#14980);
#5859=VERTEX_POINT('',#14982);
#5860=VERTEX_POINT('',#14984);
#5861=VERTEX_POINT('',#14986);
#5862=VERTEX_POINT('',#14990);
#5863=VERTEX_POINT('',#14994);
#5864=VERTEX_POINT('',#14998);
#5865=VERTEX_POINT('',#15000);
#5866=VERTEX_POINT('',#15004);
#5867=VERTEX_POINT('',#15008);
#5868=VERTEX_POINT('',#15011);
#5869=VERTEX_POINT('',#15012);
#5870=VERTEX_POINT('',#15014);
#5871=VERTEX_POINT('',#15018);
#5872=VERTEX_POINT('',#15022);
#5873=VERTEX_POINT('',#15024);
#5874=VERTEX_POINT('',#15026);
#5875=VERTEX_POINT('',#15028);
#5876=VERTEX_POINT('',#15030);
#5877=VERTEX_POINT('',#15032);
#5878=VERTEX_POINT('',#15034);
#5879=VERTEX_POINT('',#15036);
#5880=VERTEX_POINT('',#15038);
#5881=VERTEX_POINT('',#15040);
#5882=VERTEX_POINT('',#15042);
#5883=VERTEX_POINT('',#15045);
#5884=VERTEX_POINT('',#15046);
#5885=VERTEX_POINT('',#15048);
#5886=VERTEX_POINT('',#15050);
#5887=VERTEX_POINT('',#15052);
#5888=VERTEX_POINT('',#15054);
#5889=VERTEX_POINT('',#15056);
#5890=VERTEX_POINT('',#15058);
#5891=VERTEX_POINT('',#15061);
#5892=VERTEX_POINT('',#15062);
#5893=VERTEX_POINT('',#15064);
#5894=VERTEX_POINT('',#15066);
#5895=VERTEX_POINT('',#15068);
#5896=VERTEX_POINT('',#15070);
#5897=VERTEX_POINT('',#15072);
#5898=VERTEX_POINT('',#15074);
#5899=VERTEX_POINT('',#15079);
#5900=VERTEX_POINT('',#15080);
#5901=VERTEX_POINT('',#15084);
#5902=VERTEX_POINT('',#15086);
#5903=VERTEX_POINT('',#15088);
#5904=VERTEX_POINT('',#15090);
#5905=VERTEX_POINT('',#15092);
#5906=VERTEX_POINT('',#15094);
#5907=VERTEX_POINT('',#15096);
#5908=VERTEX_POINT('',#15100);
#5909=VERTEX_POINT('',#15102);
#5910=VERTEX_POINT('',#15106);
#5911=VERTEX_POINT('',#15110);
#5912=VERTEX_POINT('',#15112);
#5913=VERTEX_POINT('',#15116);
#5914=VERTEX_POINT('',#15120);
#5915=VERTEX_POINT('',#15122);
#5916=VERTEX_POINT('',#15124);
#5917=VERTEX_POINT('',#15126);
#5918=VERTEX_POINT('',#15128);
#5919=VERTEX_POINT('',#15132);
#5920=VERTEX_POINT('',#15136);
#5921=VERTEX_POINT('',#15140);
#5922=VERTEX_POINT('',#15142);
#5923=VERTEX_POINT('',#15146);
#5924=VERTEX_POINT('',#15150);
#5925=VERTEX_POINT('',#15153);
#5926=VERTEX_POINT('',#15154);
#5927=VERTEX_POINT('',#15158);
#5928=VERTEX_POINT('',#15162);
#5929=VERTEX_POINT('',#15164);
#5930=VERTEX_POINT('',#15166);
#5931=VERTEX_POINT('',#15168);
#5932=VERTEX_POINT('',#15170);
#5933=VERTEX_POINT('',#15172);
#5934=VERTEX_POINT('',#15174);
#5935=VERTEX_POINT('',#15176);
#5936=VERTEX_POINT('',#15178);
#5937=VERTEX_POINT('',#15182);
#5938=VERTEX_POINT('',#15184);
#5939=VERTEX_POINT('',#15188);
#5940=VERTEX_POINT('',#15192);
#5941=VERTEX_POINT('',#15194);
#5942=VERTEX_POINT('',#15196);
#5943=VERTEX_POINT('',#15198);
#5944=VERTEX_POINT('',#15200);
#5945=VERTEX_POINT('',#15202);
#5946=VERTEX_POINT('',#15204);
#5947=VERTEX_POINT('',#15211);
#5948=VERTEX_POINT('',#15212);
#5949=VERTEX_POINT('',#15216);
#5950=VERTEX_POINT('',#15218);
#5951=VERTEX_POINT('',#15222);
#5952=VERTEX_POINT('',#15226);
#5953=VERTEX_POINT('',#15228);
#5954=VERTEX_POINT('',#15230);
#5955=VERTEX_POINT('',#15232);
#5956=VERTEX_POINT('',#15234);
#5957=VERTEX_POINT('',#15236);
#5958=VERTEX_POINT('',#15240);
#5959=VERTEX_POINT('',#15244);
#5960=VERTEX_POINT('',#15246);
#5961=VERTEX_POINT('',#15248);
#5962=VERTEX_POINT('',#15252);
#5963=VERTEX_POINT('',#15256);
#5964=VERTEX_POINT('',#15259);
#5965=VERTEX_POINT('',#15260);
#5966=VERTEX_POINT('',#15262);
#5967=VERTEX_POINT('',#15264);
#5968=VERTEX_POINT('',#15266);
#5969=VERTEX_POINT('',#15268);
#5970=VERTEX_POINT('',#15270);
#5971=VERTEX_POINT('',#15272);
#5972=VERTEX_POINT('',#15274);
#5973=VERTEX_POINT('',#15276);
#5974=VERTEX_POINT('',#15278);
#5975=VERTEX_POINT('',#15282);
#5976=VERTEX_POINT('',#15284);
#5977=VERTEX_POINT('',#15286);
#5978=VERTEX_POINT('',#15288);
#5979=VERTEX_POINT('',#15290);
#5980=VERTEX_POINT('',#15292);
#5981=VERTEX_POINT('',#15295);
#5982=VERTEX_POINT('',#15297);
#5983=VERTEX_POINT('',#15298);
#5984=VERTEX_POINT('',#15300);
#5985=VERTEX_POINT('',#15302);
#5986=VERTEX_POINT('',#15306);
#5987=VERTEX_POINT('',#15307);
#5988=VERTEX_POINT('',#15309);
#5989=VERTEX_POINT('',#15311);
#5990=VERTEX_POINT('',#15313);
#5991=VERTEX_POINT('',#15315);
#5992=VERTEX_POINT('',#15317);
#5993=VERTEX_POINT('',#15319);
#5994=VERTEX_POINT('',#15321);
#5995=VERTEX_POINT('',#15325);
#5996=VERTEX_POINT('',#15326);
#5997=VERTEX_POINT('',#15328);
#5998=VERTEX_POINT('',#15330);
#5999=VERTEX_POINT('',#15332);
#6000=VERTEX_POINT('',#15334);
#6001=VERTEX_POINT('',#15336);
#6002=VERTEX_POINT('',#15338);
#6003=VERTEX_POINT('',#15340);
#6004=VERTEX_POINT('',#15344);
#6005=VERTEX_POINT('',#15345);
#6006=VERTEX_POINT('',#15350);
#6007=VERTEX_POINT('',#15352);
#6008=VERTEX_POINT('',#15356);
#6009=VERTEX_POINT('',#15358);
#6010=VERTEX_POINT('',#15362);
#6011=VERTEX_POINT('',#15364);
#6012=VERTEX_POINT('',#15366);
#6013=VERTEX_POINT('',#15371);
#6014=VERTEX_POINT('',#15373);
#6015=VERTEX_POINT('',#15375);
#6016=VERTEX_POINT('',#15377);
#6017=VERTEX_POINT('',#15379);
#6018=VERTEX_POINT('',#15381);
#6019=VERTEX_POINT('',#15383);
#6020=VERTEX_POINT('',#15385);
#6021=VERTEX_POINT('',#15387);
#6022=VERTEX_POINT('',#15389);
#6023=VERTEX_POINT('',#15391);
#6024=VERTEX_POINT('',#15393);
#6025=VERTEX_POINT('',#15396);
#6026=VERTEX_POINT('',#15398);
#6027=VERTEX_POINT('',#15399);
#6028=VERTEX_POINT('',#15401);
#6029=VERTEX_POINT('',#15403);
#6030=VERTEX_POINT('',#15407);
#6031=VERTEX_POINT('',#15409);
#6032=VERTEX_POINT('',#15410);
#6033=VERTEX_POINT('',#15412);
#6034=VERTEX_POINT('',#15414);
#6035=VERTEX_POINT('',#15416);
#6036=VERTEX_POINT('',#15418);
#6037=VERTEX_POINT('',#15421);
#6038=VERTEX_POINT('',#15422);
#6039=VERTEX_POINT('',#15424);
#6040=VERTEX_POINT('',#15426);
#6041=VERTEX_POINT('',#15430);
#6042=VERTEX_POINT('',#15431);
#6043=VERTEX_POINT('',#15433);
#6044=VERTEX_POINT('',#15435);
#6045=VERTEX_POINT('',#15437);
#6046=VERTEX_POINT('',#15439);
#6047=VERTEX_POINT('',#15442);
#6048=VERTEX_POINT('',#15444);
#6049=VERTEX_POINT('',#15446);
#6050=VERTEX_POINT('',#15448);
#6051=VERTEX_POINT('',#15450);
#6052=VERTEX_POINT('',#15452);
#6053=VERTEX_POINT('',#15454);
#6054=VERTEX_POINT('',#15456);
#6055=VERTEX_POINT('',#15458);
#6056=VERTEX_POINT('',#15460);
#6057=VERTEX_POINT('',#15462);
#6058=VERTEX_POINT('',#15476);
#6059=VERTEX_POINT('',#15495);
#6060=VERTEX_POINT('',#15496);
#6061=VERTEX_POINT('',#15498);
#6062=VERTEX_POINT('',#15500);
#6063=VERTEX_POINT('',#15504);
#6064=VERTEX_POINT('',#15506);
#6065=VERTEX_POINT('',#15508);
#6066=VERTEX_POINT('',#15510);
#6067=VERTEX_POINT('',#15517);
#6068=VERTEX_POINT('',#15519);
#6069=VERTEX_POINT('',#15521);
#6070=VERTEX_POINT('',#15525);
#6071=VERTEX_POINT('',#15526);
#6072=VERTEX_POINT('',#15528);
#6073=VERTEX_POINT('',#15530);
#6074=VERTEX_POINT('',#15534);
#6075=VERTEX_POINT('',#15536);
#6076=VERTEX_POINT('',#15540);
#6077=VERTEX_POINT('',#15541);
#6078=VERTEX_POINT('',#15543);
#6079=VERTEX_POINT('',#15545);
#6080=VERTEX_POINT('',#15549);
#6081=VERTEX_POINT('',#15552);
#6082=VERTEX_POINT('',#15556);
#6083=VERTEX_POINT('',#15557);
#6084=VERTEX_POINT('',#15559);
#6085=VERTEX_POINT('',#15561);
#6086=VERTEX_POINT('',#15563);
#6087=VERTEX_POINT('',#15565);
#6088=VERTEX_POINT('',#15569);
#6089=VERTEX_POINT('',#15570);
#6090=VERTEX_POINT('',#15573);
#6091=VERTEX_POINT('',#15575);
#6092=VERTEX_POINT('',#15579);
#6093=VERTEX_POINT('',#15582);
#6094=VERTEX_POINT('',#15596);
#6095=VERTEX_POINT('',#15631);
#6096=VERTEX_POINT('',#15633);
#6097=VERTEX_POINT('',#15637);
#6098=VERTEX_POINT('',#15641);
#6099=VERTEX_POINT('',#15648);
#6100=VERTEX_POINT('',#15650);
#6101=VERTEX_POINT('',#15661);
#6102=VERTEX_POINT('',#15662);
#6103=VERTEX_POINT('',#15664);
#6104=VERTEX_POINT('',#15666);
#6105=VERTEX_POINT('',#15670);
#6106=VERTEX_POINT('',#15672);
#6107=VERTEX_POINT('',#15676);
#6108=VERTEX_POINT('',#15678);
#6109=VERTEX_POINT('',#15682);
#6110=VERTEX_POINT('',#15684);
#6111=VERTEX_POINT('',#15688);
#6112=VERTEX_POINT('',#15690);
#6113=VERTEX_POINT('',#15694);
#6114=VERTEX_POINT('',#15696);
#6115=VERTEX_POINT('',#15700);
#6116=VERTEX_POINT('',#15702);
#6117=VERTEX_POINT('',#15706);
#6118=VERTEX_POINT('',#15708);
#6119=VERTEX_POINT('',#15712);
#6120=VERTEX_POINT('',#15714);
#6121=VERTEX_POINT('',#15718);
#6122=VERTEX_POINT('',#15720);
#6123=VERTEX_POINT('',#15724);
#6124=VERTEX_POINT('',#15726);
#6125=VERTEX_POINT('',#15730);
#6126=VERTEX_POINT('',#15732);
#6127=VERTEX_POINT('',#15736);
#6128=VERTEX_POINT('',#15738);
#6129=VERTEX_POINT('',#15742);
#6130=VERTEX_POINT('',#15744);
#6131=VERTEX_POINT('',#15748);
#6132=VERTEX_POINT('',#15750);
#6133=VERTEX_POINT('',#15754);
#6134=VERTEX_POINT('',#15758);
#6135=VERTEX_POINT('',#15762);
#6136=VERTEX_POINT('',#15766);
#6137=VERTEX_POINT('',#15770);
#6138=VERTEX_POINT('',#15774);
#6139=VERTEX_POINT('',#15785);
#6140=VERTEX_POINT('',#15791);
#6141=VERTEX_POINT('',#15795);
#6142=VERTEX_POINT('',#15799);
#6143=VERTEX_POINT('',#15803);
#6144=VERTEX_POINT('',#15807);
#6145=VERTEX_POINT('',#15811);
#6146=VERTEX_POINT('',#15815);
#6147=VERTEX_POINT('',#15819);
#6148=VERTEX_POINT('',#15839);
#6149=VERTEX_POINT('',#15840);
#6150=VERTEX_POINT('',#15842);
#6151=VERTEX_POINT('',#15846);
#6152=VERTEX_POINT('',#15850);
#6153=VERTEX_POINT('',#15852);
#6154=VERTEX_POINT('',#15856);
#6155=VERTEX_POINT('',#15858);
#6156=VERTEX_POINT('',#15871);
#6157=VERTEX_POINT('',#15873);
#6158=VERTEX_POINT('',#15879);
#6159=VERTEX_POINT('',#15881);
#6160=VERTEX_POINT('',#15885);
#6161=VERTEX_POINT('',#15887);
#6162=VERTEX_POINT('',#15898);
#6163=VERTEX_POINT('',#15902);
#6164=VERTEX_POINT('',#15906);
#6165=VERTEX_POINT('',#15917);
#6166=VERTEX_POINT('',#15930);
#6167=VERTEX_POINT('',#15936);
#6168=VERTEX_POINT('',#15940);
#6169=VERTEX_POINT('',#15951);
#6170=VERTEX_POINT('',#15964);
#6171=VERTEX_POINT('',#15970);
#6172=VERTEX_POINT('',#15974);
#6173=VERTEX_POINT('',#15978);
#6174=VERTEX_POINT('',#15982);
#6175=VERTEX_POINT('',#15986);
#6176=VERTEX_POINT('',#15997);
#6177=VERTEX_POINT('',#16010);
#6178=VERTEX_POINT('',#16016);
#6179=VERTEX_POINT('',#16047);
#6180=VERTEX_POINT('',#16049);
#6181=VERTEX_POINT('',#16060);
#6182=VERTEX_POINT('',#16066);
#6183=VERTEX_POINT('',#16070);
#6184=VERTEX_POINT('',#16074);
#6185=VERTEX_POINT('',#16078);
#6186=VERTEX_POINT('',#16082);
#6187=VERTEX_POINT('',#16086);
#6188=VERTEX_POINT('',#16097);
#6189=VERTEX_POINT('',#16110);
#6190=VERTEX_POINT('',#16116);
#6191=VERTEX_POINT('',#16127);
#6192=VERTEX_POINT('',#16133);
#6193=VERTEX_POINT('',#16137);
#6194=VERTEX_POINT('',#16141);
#6195=VERTEX_POINT('',#16145);
#6196=VERTEX_POINT('',#16149);
#6197=VERTEX_POINT('',#16153);
#6198=VERTEX_POINT('',#16157);
#6199=VERTEX_POINT('',#16161);
#6200=VERTEX_POINT('',#16172);
#6201=VERTEX_POINT('',#16197);
#6202=VERTEX_POINT('',#16201);
#6203=VERTEX_POINT('',#16205);
#6204=VERTEX_POINT('',#16216);
#6205=VERTEX_POINT('',#16229);
#6206=VERTEX_POINT('',#16235);
#6207=VERTEX_POINT('',#16246);
#6208=VERTEX_POINT('',#16259);
#6209=VERTEX_POINT('',#16272);
#6210=VERTEX_POINT('',#16278);
#6211=VERTEX_POINT('',#16282);
#6212=VERTEX_POINT('',#16286);
#6213=VERTEX_POINT('',#16290);
#6214=VERTEX_POINT('',#16301);
#6215=VERTEX_POINT('',#16314);
#6216=VERTEX_POINT('',#16320);
#6217=VERTEX_POINT('',#16331);
#6218=VERTEX_POINT('',#16344);
#6219=VERTEX_POINT('',#16350);
#6220=VERTEX_POINT('',#16361);
#6221=VERTEX_POINT('',#16367);
#6222=VERTEX_POINT('',#16371);
#6223=VERTEX_POINT('',#16375);
#6224=VERTEX_POINT('',#16379);
#6225=VERTEX_POINT('',#16383);
#6226=VERTEX_POINT('',#16387);
#6227=VERTEX_POINT('',#16403);
#6228=VERTEX_POINT('',#16405);
#6229=VERTEX_POINT('',#16409);
#6230=VERTEX_POINT('',#16413);
#6231=VERTEX_POINT('',#16417);
#6232=VERTEX_POINT('',#16421);
#6233=VERTEX_POINT('',#16425);
#6234=VERTEX_POINT('',#16429);
#6235=VERTEX_POINT('',#16436);
#6236=VERTEX_POINT('',#16438);
#6237=VERTEX_POINT('',#16442);
#6238=VERTEX_POINT('',#16446);
#6239=VERTEX_POINT('',#16450);
#6240=VERTEX_POINT('',#16454);
#6241=VERTEX_POINT('',#16458);
#6242=VERTEX_POINT('',#16462);
#6243=VERTEX_POINT('',#16469);
#6244=VERTEX_POINT('',#16471);
#6245=VERTEX_POINT('',#16475);
#6246=VERTEX_POINT('',#16479);
#6247=VERTEX_POINT('',#16483);
#6248=VERTEX_POINT('',#16487);
#6249=VERTEX_POINT('',#16491);
#6250=VERTEX_POINT('',#16495);
#6251=VERTEX_POINT('',#16499);
#6252=VERTEX_POINT('',#16503);
#6253=VERTEX_POINT('',#16507);
#6254=VERTEX_POINT('',#16511);
#6255=VERTEX_POINT('',#16515);
#6256=VERTEX_POINT('',#16526);
#6257=VERTEX_POINT('',#16539);
#6258=VERTEX_POINT('',#16545);
#6259=VERTEX_POINT('',#16546);
#6260=VERTEX_POINT('',#16548);
#6261=VERTEX_POINT('',#16550);
#6262=VERTEX_POINT('',#16563);
#6263=VERTEX_POINT('',#16565);
#6264=VERTEX_POINT('',#16580);
#6265=VERTEX_POINT('',#16582);
#6266=VERTEX_POINT('',#16588);
#6267=VERTEX_POINT('',#16590);
#6268=VERTEX_POINT('',#16603);
#6269=VERTEX_POINT('',#16605);
#6270=VERTEX_POINT('',#16611);
#6271=VERTEX_POINT('',#16613);
#6272=VERTEX_POINT('',#16617);
#6273=VERTEX_POINT('',#16619);
#6274=VERTEX_POINT('',#16623);
#6275=VERTEX_POINT('',#16625);
#6276=VERTEX_POINT('',#16643);
#6277=VERTEX_POINT('',#16647);
#6278=VERTEX_POINT('',#16651);
#6279=VERTEX_POINT('',#16662);
#6280=VERTEX_POINT('',#16675);
#6281=VERTEX_POINT('',#16681);
#6282=VERTEX_POINT('',#16692);
#6283=VERTEX_POINT('',#16705);
#6284=VERTEX_POINT('',#16718);
#6285=VERTEX_POINT('',#16724);
#6286=VERTEX_POINT('',#16728);
#6287=VERTEX_POINT('',#16732);
#6288=VERTEX_POINT('',#16736);
#6289=VERTEX_POINT('',#16747);
#6290=VERTEX_POINT('',#16760);
#6291=VERTEX_POINT('',#16766);
#6292=VERTEX_POINT('',#16777);
#6293=VERTEX_POINT('',#16790);
#6294=VERTEX_POINT('',#16796);
#6295=VERTEX_POINT('',#16807);
#6296=VERTEX_POINT('',#16813);
#6297=VERTEX_POINT('',#16817);
#6298=VERTEX_POINT('',#16821);
#6299=VERTEX_POINT('',#16825);
#6300=VERTEX_POINT('',#16829);
#6301=VERTEX_POINT('',#16833);
#6302=VERTEX_POINT('',#16849);
#6303=VERTEX_POINT('',#16850);
#6304=VERTEX_POINT('',#16852);
#6305=VERTEX_POINT('',#16854);
#6306=VERTEX_POINT('',#16858);
#6307=VERTEX_POINT('',#16860);
#6308=VERTEX_POINT('',#16873);
#6309=VERTEX_POINT('',#16875);
#6310=VERTEX_POINT('',#16881);
#6311=VERTEX_POINT('',#16883);
#6312=VERTEX_POINT('',#16896);
#6313=VERTEX_POINT('',#16898);
#6314=VERTEX_POINT('',#16904);
#6315=VERTEX_POINT('',#16906);
#6316=VERTEX_POINT('',#16919);
#6317=VERTEX_POINT('',#16921);
#6318=VERTEX_POINT('',#16927);
#6319=VERTEX_POINT('',#16929);
#6320=VERTEX_POINT('',#16933);
#6321=VERTEX_POINT('',#16935);
#6322=VERTEX_POINT('',#16939);
#6323=VERTEX_POINT('',#16943);
#6324=VERTEX_POINT('',#16947);
#6325=VERTEX_POINT('',#16951);
#6326=VERTEX_POINT('',#16955);
#6327=VERTEX_POINT('',#16959);
#6328=VERTEX_POINT('',#16963);
#6329=VERTEX_POINT('',#16974);
#6330=VERTEX_POINT('',#16980);
#6331=VERTEX_POINT('',#16991);
#6332=VERTEX_POINT('',#16997);
#6333=VERTEX_POINT('',#17001);
#6334=VERTEX_POINT('',#17012);
#6335=VERTEX_POINT('',#17014);
#6336=VERTEX_POINT('',#17018);
#6337=VERTEX_POINT('',#17022);
#6338=VERTEX_POINT('',#17026);
#6339=VERTEX_POINT('',#17030);
#6340=VERTEX_POINT('',#17034);
#6341=VERTEX_POINT('',#17038);
#6342=VERTEX_POINT('',#17052);
#6343=VERTEX_POINT('',#17056);
#6344=VERTEX_POINT('',#17060);
#6345=VERTEX_POINT('',#17064);
#6346=VERTEX_POINT('',#17068);
#6347=VERTEX_POINT('',#17072);
#6348=VERTEX_POINT('',#17076);
#6349=VERTEX_POINT('',#17080);
#6350=VERTEX_POINT('',#17084);
#6351=VERTEX_POINT('',#17095);
#6352=VERTEX_POINT('',#17108);
#6353=VERTEX_POINT('',#17121);
#6354=VERTEX_POINT('',#17134);
#6355=VERTEX_POINT('',#17140);
#6356=VERTEX_POINT('',#17144);
#6357=VERTEX_POINT('',#17148);
#6358=VERTEX_POINT('',#17152);
#6359=VERTEX_POINT('',#17156);
#6360=VERTEX_POINT('',#17160);
#6361=VERTEX_POINT('',#17164);
#6362=VERTEX_POINT('',#17175);
#6363=VERTEX_POINT('',#17181);
#6364=VERTEX_POINT('',#17192);
#6365=VERTEX_POINT('',#17210);
#6366=VERTEX_POINT('',#17212);
#6367=VERTEX_POINT('',#17216);
#6368=VERTEX_POINT('',#17220);
#6369=VERTEX_POINT('',#17224);
#6370=VERTEX_POINT('',#17228);
#6371=VERTEX_POINT('',#17232);
#6372=VERTEX_POINT('',#17236);
#6373=VERTEX_POINT('',#17240);
#6374=VERTEX_POINT('',#17244);
#6375=VERTEX_POINT('',#17248);
#6376=VERTEX_POINT('',#17252);
#6377=VERTEX_POINT('',#17256);
#6378=VERTEX_POINT('',#17263);
#6379=VERTEX_POINT('',#17264);
#6380=VERTEX_POINT('',#17266);
#6381=VERTEX_POINT('',#17268);
#6382=VERTEX_POINT('',#17272);
#6383=VERTEX_POINT('',#17274);
#6384=VERTEX_POINT('',#17278);
#6385=VERTEX_POINT('',#17280);
#6386=VERTEX_POINT('',#17284);
#6387=VERTEX_POINT('',#17288);
#6388=VERTEX_POINT('',#17292);
#6389=VERTEX_POINT('',#17296);
#6390=VERTEX_POINT('',#17300);
#6391=VERTEX_POINT('',#17304);
#6392=VERTEX_POINT('',#17322);
#6393=VERTEX_POINT('',#17326);
#6394=VERTEX_POINT('',#17330);
#6395=VERTEX_POINT('',#17334);
#6396=VERTEX_POINT('',#17338);
#6397=VERTEX_POINT('',#17342);
#6398=VERTEX_POINT('',#17346);
#6399=VERTEX_POINT('',#17350);
#6400=VERTEX_POINT('',#17354);
#6401=VERTEX_POINT('',#17358);
#6402=VERTEX_POINT('',#17362);
#6403=VERTEX_POINT('',#17373);
#6404=VERTEX_POINT('',#17379);
#6405=VERTEX_POINT('',#17383);
#6406=VERTEX_POINT('',#17387);
#6407=VERTEX_POINT('',#17391);
#6408=VERTEX_POINT('',#17395);
#6409=VERTEX_POINT('',#17399);
#6410=VERTEX_POINT('',#17403);
#6411=VERTEX_POINT('',#17407);
#6412=VERTEX_POINT('',#17418);
#6413=VERTEX_POINT('',#17424);
#6414=VERTEX_POINT('',#17428);
#6415=VERTEX_POINT('',#17432);
#6416=VERTEX_POINT('',#17436);
#6417=VERTEX_POINT('',#17440);
#6418=VERTEX_POINT('',#17444);
#6419=VERTEX_POINT('',#17448);
#6420=VERTEX_POINT('',#17452);
#6421=VERTEX_POINT('',#17456);
#6422=VERTEX_POINT('',#17460);
#6423=VERTEX_POINT('',#17464);
#6424=VERTEX_POINT('',#17468);
#6425=VERTEX_POINT('',#17472);
#6426=VERTEX_POINT('',#17476);
#6427=VERTEX_POINT('',#17480);
#6428=VERTEX_POINT('',#17484);
#6429=VERTEX_POINT('',#17488);
#6430=VERTEX_POINT('',#17492);
#6431=VERTEX_POINT('',#17496);
#6432=VERTEX_POINT('',#17500);
#6433=VERTEX_POINT('',#17504);
#6434=VERTEX_POINT('',#17508);
#6435=VERTEX_POINT('',#17512);
#6436=VERTEX_POINT('',#17516);
#6437=VERTEX_POINT('',#17520);
#6438=VERTEX_POINT('',#17524);
#6439=VERTEX_POINT('',#17528);
#6440=VERTEX_POINT('',#17532);
#6441=VERTEX_POINT('',#17536);
#6442=VERTEX_POINT('',#17540);
#6443=VERTEX_POINT('',#17551);
#6444=VERTEX_POINT('',#17560);
#6445=VERTEX_POINT('',#17562);
#6446=VERTEX_POINT('',#17566);
#6447=VERTEX_POINT('',#17570);
#6448=VERTEX_POINT('',#17574);
#6449=VERTEX_POINT('',#17578);
#6450=VERTEX_POINT('',#17582);
#6451=VERTEX_POINT('',#17586);
#6452=VERTEX_POINT('',#17593);
#6453=VERTEX_POINT('',#17595);
#6454=VERTEX_POINT('',#17599);
#6455=VERTEX_POINT('',#17603);
#6456=VERTEX_POINT('',#17607);
#6457=VERTEX_POINT('',#17611);
#6458=VERTEX_POINT('',#17615);
#6459=VERTEX_POINT('',#17619);
#6460=VERTEX_POINT('',#17623);
#6461=VERTEX_POINT('',#17627);
#6462=VERTEX_POINT('',#17631);
#6463=VERTEX_POINT('',#17635);
#6464=VERTEX_POINT('',#17642);
#6465=VERTEX_POINT('',#17644);
#6466=VERTEX_POINT('',#17648);
#6467=VERTEX_POINT('',#17652);
#6468=VERTEX_POINT('',#17656);
#6469=VERTEX_POINT('',#17660);
#6470=VERTEX_POINT('',#17664);
#6471=VERTEX_POINT('',#17668);
#6472=VERTEX_POINT('',#17672);
#6473=VERTEX_POINT('',#17676);
#6474=VERTEX_POINT('',#17680);
#6475=VERTEX_POINT('',#17684);
#6476=VERTEX_POINT('',#17688);
#6477=VERTEX_POINT('',#17702);
#6478=VERTEX_POINT('',#17706);
#6479=VERTEX_POINT('',#17710);
#6480=VERTEX_POINT('',#17714);
#6481=VERTEX_POINT('',#17718);
#6482=VERTEX_POINT('',#17722);
#6483=VERTEX_POINT('',#17726);
#6484=VERTEX_POINT('',#17730);
#6485=VERTEX_POINT('',#17734);
#6486=VERTEX_POINT('',#17738);
#6487=VERTEX_POINT('',#17742);
#6488=VERTEX_POINT('',#17753);
#6489=VERTEX_POINT('',#17759);
#6490=VERTEX_POINT('',#17763);
#6491=VERTEX_POINT('',#17767);
#6492=VERTEX_POINT('',#17771);
#6493=VERTEX_POINT('',#17775);
#6494=VERTEX_POINT('',#17779);
#6495=VERTEX_POINT('',#17783);
#6496=VERTEX_POINT('',#17787);
#6497=VERTEX_POINT('',#17798);
#6498=VERTEX_POINT('',#17804);
#6499=VERTEX_POINT('',#17808);
#6500=VERTEX_POINT('',#17812);
#6501=VERTEX_POINT('',#17816);
#6502=VERTEX_POINT('',#17820);
#6503=VERTEX_POINT('',#17824);
#6504=VERTEX_POINT('',#17828);
#6505=VERTEX_POINT('',#17832);
#6506=VERTEX_POINT('',#17836);
#6507=VERTEX_POINT('',#17840);
#6508=VERTEX_POINT('',#17844);
#6509=VERTEX_POINT('',#17848);
#6510=VERTEX_POINT('',#17852);
#6511=VERTEX_POINT('',#17856);
#6512=VERTEX_POINT('',#17860);
#6513=VERTEX_POINT('',#17864);
#6514=VERTEX_POINT('',#17868);
#6515=VERTEX_POINT('',#17872);
#6516=VERTEX_POINT('',#17876);
#6517=VERTEX_POINT('',#17880);
#6518=VERTEX_POINT('',#17884);
#6519=VERTEX_POINT('',#17888);
#6520=VERTEX_POINT('',#17892);
#6521=VERTEX_POINT('',#17896);
#6522=VERTEX_POINT('',#17900);
#6523=VERTEX_POINT('',#17904);
#6524=VERTEX_POINT('',#17908);
#6525=VERTEX_POINT('',#17912);
#6526=VERTEX_POINT('',#17916);
#6527=VERTEX_POINT('',#17920);
#6528=VERTEX_POINT('',#17931);
#6529=VERTEX_POINT('',#17940);
#6530=VERTEX_POINT('',#17941);
#6531=VERTEX_POINT('',#17943);
#6532=VERTEX_POINT('',#17945);
#6533=VERTEX_POINT('',#17949);
#6534=VERTEX_POINT('',#17951);
#6535=VERTEX_POINT('',#17955);
#6536=VERTEX_POINT('',#17957);
#6537=VERTEX_POINT('',#17961);
#6538=VERTEX_POINT('',#17963);
#6539=VERTEX_POINT('',#17967);
#6540=VERTEX_POINT('',#17969);
#6541=VERTEX_POINT('',#17973);
#6542=VERTEX_POINT('',#17975);
#6543=VERTEX_POINT('',#17979);
#6544=VERTEX_POINT('',#17981);
#6545=VERTEX_POINT('',#17985);
#6546=VERTEX_POINT('',#17987);
#6547=VERTEX_POINT('',#17991);
#6548=VERTEX_POINT('',#17993);
#6549=VERTEX_POINT('',#17997);
#6550=VERTEX_POINT('',#17999);
#6551=VERTEX_POINT('',#18003);
#6552=VERTEX_POINT('',#18005);
#6553=VERTEX_POINT('',#18009);
#6554=VERTEX_POINT('',#18011);
#6555=VERTEX_POINT('',#18015);
#6556=VERTEX_POINT('',#18017);
#6557=VERTEX_POINT('',#18021);
#6558=VERTEX_POINT('',#18023);
#6559=VERTEX_POINT('',#18027);
#6560=VERTEX_POINT('',#18029);
#6561=VERTEX_POINT('',#18033);
#6562=VERTEX_POINT('',#18035);
#6563=VERTEX_POINT('',#18039);
#6564=VERTEX_POINT('',#18041);
#6565=VERTEX_POINT('',#18045);
#6566=VERTEX_POINT('',#18047);
#6567=VERTEX_POINT('',#18051);
#6568=VERTEX_POINT('',#18053);
#6569=VERTEX_POINT('',#18057);
#6570=VERTEX_POINT('',#18059);
#6571=VERTEX_POINT('',#18063);
#6572=VERTEX_POINT('',#18065);
#6573=VERTEX_POINT('',#18069);
#6574=VERTEX_POINT('',#18071);
#6575=VERTEX_POINT('',#18075);
#6576=VERTEX_POINT('',#18077);
#6577=VERTEX_POINT('',#18081);
#6578=VERTEX_POINT('',#18083);
#6579=VERTEX_POINT('',#18087);
#6580=VERTEX_POINT('',#18089);
#6581=VERTEX_POINT('',#18093);
#6582=VERTEX_POINT('',#18095);
#6583=VERTEX_POINT('',#18099);
#6584=VERTEX_POINT('',#18103);
#6585=VERTEX_POINT('',#18114);
#6586=VERTEX_POINT('',#18120);
#6587=VERTEX_POINT('',#18124);
#6588=VERTEX_POINT('',#18128);
#6589=VERTEX_POINT('',#18132);
#6590=VERTEX_POINT('',#18136);
#6591=VERTEX_POINT('',#18140);
#6592=VERTEX_POINT('',#18144);
#6593=VERTEX_POINT('',#18148);
#6594=VERTEX_POINT('',#18159);
#6595=VERTEX_POINT('',#18165);
#6596=VERTEX_POINT('',#18169);
#6597=VERTEX_POINT('',#18173);
#6598=VERTEX_POINT('',#18184);
#6599=VERTEX_POINT('',#18190);
#6600=VERTEX_POINT('',#18194);
#6601=VERTEX_POINT('',#18198);
#6602=VERTEX_POINT('',#18202);
#6603=VERTEX_POINT('',#18206);
#6604=VERTEX_POINT('',#18210);
#6605=VERTEX_POINT('',#18214);
#6606=VERTEX_POINT('',#18218);
#6607=VERTEX_POINT('',#18239);
#6608=VERTEX_POINT('',#18240);
#6609=VERTEX_POINT('',#18242);
#6610=VERTEX_POINT('',#18244);
#6611=VERTEX_POINT('',#18248);
#6612=VERTEX_POINT('',#18250);
#6613=VERTEX_POINT('',#18254);
#6614=VERTEX_POINT('',#18256);
#6615=VERTEX_POINT('',#18266);
#6616=VERTEX_POINT('',#18267);
#6617=VERTEX_POINT('',#18269);
#6618=VERTEX_POINT('',#18271);
#6619=VERTEX_POINT('',#18275);
#6620=VERTEX_POINT('',#18277);
#6621=VERTEX_POINT('',#18281);
#6622=VERTEX_POINT('',#18283);
#6623=VERTEX_POINT('',#18293);
#6624=VERTEX_POINT('',#18295);
#6625=VERTEX_POINT('',#18296);
#6626=VERTEX_POINT('',#18298);
#6627=VERTEX_POINT('',#18300);
#6628=VERTEX_POINT('',#18302);
#6629=VERTEX_POINT('',#18304);
#6630=VERTEX_POINT('',#18306);
#6631=VERTEX_POINT('',#18308);
#6632=VERTEX_POINT('',#18312);
#6633=VERTEX_POINT('',#18313);
#6634=VERTEX_POINT('',#18318);
#6635=VERTEX_POINT('',#18322);
#6636=VERTEX_POINT('',#18325);
#6637=VERTEX_POINT('',#18327);
#6638=VERTEX_POINT('',#18334);
#6639=VERTEX_POINT('',#18338);
#6640=VERTEX_POINT('',#18342);
#6641=LINE('',#14405,#7593);
#6642=LINE('',#14408,#7594);
#6643=LINE('',#14410,#7595);
#6644=LINE('',#14412,#7596);
#6645=LINE('',#14414,#7597);
#6646=LINE('',#14416,#7598);
#6647=LINE('',#14418,#7599);
#6648=LINE('',#14420,#7600);
#6649=LINE('',#14422,#7601);
#6650=LINE('',#14424,#7602);
#6651=LINE('',#14426,#7603);
#6652=LINE('',#14427,#7604);
#6653=LINE('',#14461,#7605);
#6654=LINE('',#14491,#7606);
#6655=LINE('',#14505,#7607);
#6656=LINE('',#14531,#7608);
#6657=LINE('',#14545,#7609);
#6658=LINE('',#14559,#7610);
#6659=LINE('',#14589,#7611);
#6660=LINE('',#14603,#7612);
#6661=LINE('',#14604,#7613);
#6662=LINE('',#14607,#7614);
#6663=LINE('',#14609,#7615);
#6664=LINE('',#14611,#7616);
#6665=LINE('',#14613,#7617);
#6666=LINE('',#14615,#7618);
#6667=LINE('',#14617,#7619);
#6668=LINE('',#14619,#7620);
#6669=LINE('',#14621,#7621);
#6670=LINE('',#14623,#7622);
#6671=LINE('',#14625,#7623);
#6672=LINE('',#14627,#7624);
#6673=LINE('',#14629,#7625);
#6674=LINE('',#14630,#7626);
#6675=LINE('',#14633,#7627);
#6676=LINE('',#14635,#7628);
#6677=LINE('',#14637,#7629);
#6678=LINE('',#14639,#7630);
#6679=LINE('',#14641,#7631);
#6680=LINE('',#14643,#7632);
#6681=LINE('',#14645,#7633);
#6682=LINE('',#14647,#7634);
#6683=LINE('',#14649,#7635);
#6684=LINE('',#14651,#7636);
#6685=LINE('',#14653,#7637);
#6686=LINE('',#14654,#7638);
#6687=LINE('',#14657,#7639);
#6688=LINE('',#14659,#7640);
#6689=LINE('',#14661,#7641);
#6690=LINE('',#14663,#7642);
#6691=LINE('',#14665,#7643);
#6692=LINE('',#14667,#7644);
#6693=LINE('',#14669,#7645);
#6694=LINE('',#14683,#7646);
#6695=LINE('',#14709,#7647);
#6696=LINE('',#14723,#7648);
#6697=LINE('',#14737,#7649);
#6698=LINE('',#14767,#7650);
#6699=LINE('',#14781,#7651);
#6700=LINE('',#14782,#7652);
#6701=LINE('',#14785,#7653);
#6702=LINE('',#14787,#7654);
#6703=LINE('',#14789,#7655);
#6704=LINE('',#14791,#7656);
#6705=LINE('',#14793,#7657);
#6706=LINE('',#14795,#7658);
#6707=LINE('',#14797,#7659);
#6708=LINE('',#14798,#7660);
#6709=LINE('',#14801,#7661);
#6710=LINE('',#14803,#7662);
#6711=LINE('',#14805,#7663);
#6712=LINE('',#14807,#7664);
#6713=LINE('',#14809,#7665);
#6714=LINE('',#14811,#7666);
#6715=LINE('',#14813,#7667);
#6716=LINE('',#14815,#7668);
#6717=LINE('',#14817,#7669);
#6718=LINE('',#14819,#7670);
#6719=LINE('',#14821,#7671);
#6720=LINE('',#14823,#7672);
#6721=LINE('',#14845,#7673);
#6722=LINE('',#14847,#7674);
#6723=LINE('',#14849,#7675);
#6724=LINE('',#14877,#7676);
#6725=LINE('',#14879,#7677);
#6726=LINE('',#14881,#7678);
#6727=LINE('',#14886,#7679);
#6728=LINE('',#14889,#7680);
#6729=LINE('',#14891,#7681);
#6730=LINE('',#14893,#7682);
#6731=LINE('',#14895,#7683);
#6732=LINE('',#14897,#7684);
#6733=LINE('',#14899,#7685);
#6734=LINE('',#14901,#7686);
#6735=LINE('',#14902,#7687);
#6736=LINE('',#14905,#7688);
#6737=LINE('',#14907,#7689);
#6738=LINE('',#14909,#7690);
#6739=LINE('',#14929,#7691);
#6740=LINE('',#14931,#7692);
#6741=LINE('',#14933,#7693);
#6742=LINE('',#14945,#7694);
#6743=LINE('',#14947,#7695);
#6744=LINE('',#14949,#7696);
#6745=LINE('',#14981,#7697);
#6746=LINE('',#14983,#7698);
#6747=LINE('',#14985,#7699);
#6748=LINE('',#15033,#7700);
#6749=LINE('',#15035,#7701);
#6750=LINE('',#15037,#7702);
#6751=LINE('',#15039,#7703);
#6752=LINE('',#15041,#7704);
#6753=LINE('',#15060,#7705);
#6754=LINE('',#15063,#7706);
#6755=LINE('',#15065,#7707);
#6756=LINE('',#15067,#7708);
#6757=LINE('',#15069,#7709);
#6758=LINE('',#15071,#7710);
#6759=LINE('',#15073,#7711);
#6760=LINE('',#15075,#7712);
#6761=LINE('',#15087,#7713);
#6762=LINE('',#15089,#7714);
#6763=LINE('',#15091,#7715);
#6764=LINE('',#15123,#7716);
#6765=LINE('',#15125,#7717);
#6766=LINE('',#15127,#7718);
#6767=LINE('',#15165,#7719);
#6768=LINE('',#15167,#7720);
#6769=LINE('',#15169,#7721);
#6770=LINE('',#15171,#7722);
#6771=LINE('',#15173,#7723);
#6772=LINE('',#15175,#7724);
#6773=LINE('',#15177,#7725);
#6774=LINE('',#15197,#7726);
#6775=LINE('',#15199,#7727);
#6776=LINE('',#15201,#7728);
#6777=LINE('',#15203,#7729);
#6778=LINE('',#15217,#7730);
#6779=LINE('',#15231,#7731);
#6780=LINE('',#15258,#7732);
#6781=LINE('',#15287,#7733);
#6782=LINE('',#15289,#7734);
#6783=LINE('',#15291,#7735);
#6784=LINE('',#15293,#7736);
#6785=LINE('',#15296,#7737);
#6786=LINE('',#15299,#7738);
#6787=LINE('',#15301,#7739);
#6788=LINE('',#15303,#7740);
#6789=LINE('',#15305,#7741);
#6790=LINE('',#15308,#7742);
#6791=LINE('',#15310,#7743);
#6792=LINE('',#15312,#7744);
#6793=LINE('',#15314,#7745);
#6794=LINE('',#15316,#7746);
#6795=LINE('',#15318,#7747);
#6796=LINE('',#15320,#7748);
#6797=LINE('',#15322,#7749);
#6798=LINE('',#15324,#7750);
#6799=LINE('',#15327,#7751);
#6800=LINE('',#15329,#7752);
#6801=LINE('',#15331,#7753);
#6802=LINE('',#15333,#7754);
#6803=LINE('',#15335,#7755);
#6804=LINE('',#15337,#7756);
#6805=LINE('',#15339,#7757);
#6806=LINE('',#15341,#7758);
#6807=LINE('',#15343,#7759);
#6808=LINE('',#15351,#7760);
#6809=LINE('',#15355,#7761);
#6810=LINE('',#15357,#7762);
#6811=LINE('',#15359,#7763);
#6812=LINE('',#15361,#7764);
#6813=LINE('',#15363,#7765);
#6814=LINE('',#15365,#7766);
#6815=LINE('',#15367,#7767);
#6816=LINE('',#15369,#7768);
#6817=LINE('',#15370,#7769);
#6818=LINE('',#15372,#7770);
#6819=LINE('',#15374,#7771);
#6820=LINE('',#15376,#7772);
#6821=LINE('',#15378,#7773);
#6822=LINE('',#15380,#7774);
#6823=LINE('',#15382,#7775);
#6824=LINE('',#15384,#7776);
#6825=LINE('',#15386,#7777);
#6826=LINE('',#15388,#7778);
#6827=LINE('',#15390,#7779);
#6828=LINE('',#15392,#7780);
#6829=LINE('',#15397,#7781);
#6830=LINE('',#15400,#7782);
#6831=LINE('',#15402,#7783);
#6832=LINE('',#15404,#7784);
#6833=LINE('',#15408,#7785);
#6834=LINE('',#15411,#7786);
#6835=LINE('',#15413,#7787);
#6836=LINE('',#15415,#7788);
#6837=LINE('',#15417,#7789);
#6838=LINE('',#15419,#7790);
#6839=LINE('',#15420,#7791);
#6840=LINE('',#15423,#7792);
#6841=LINE('',#15425,#7793);
#6842=LINE('',#15427,#7794);
#6843=LINE('',#15429,#7795);
#6844=LINE('',#15432,#7796);
#6845=LINE('',#15434,#7797);
#6846=LINE('',#15436,#7798);
#6847=LINE('',#15438,#7799);
#6848=LINE('',#15440,#7800);
#6849=LINE('',#15443,#7801);
#6850=LINE('',#15445,#7802);
#6851=LINE('',#15447,#7803);
#6852=LINE('',#15449,#7804);
#6853=LINE('',#15451,#7805);
#6854=LINE('',#15453,#7806);
#6855=LINE('',#15455,#7807);
#6856=LINE('',#15457,#7808);
#6857=LINE('',#15459,#7809);
#6858=LINE('',#15461,#7810);
#6859=LINE('',#15463,#7811);
#6860=LINE('',#15465,#7812);
#6861=LINE('',#15467,#7813);
#6862=LINE('',#15468,#7814);
#6863=LINE('',#15470,#7815);
#6864=LINE('',#15471,#7816);
#6865=LINE('',#15473,#7817);
#6866=LINE('',#15477,#7818);
#6867=LINE('',#15479,#7819);
#6868=LINE('',#15480,#7820);
#6869=LINE('',#15483,#7821);
#6870=LINE('',#15486,#7822);
#6871=LINE('',#15488,#7823);
#6872=LINE('',#15490,#7824);
#6873=LINE('',#15494,#7825);
#6874=LINE('',#15497,#7826);
#6875=LINE('',#15499,#7827);
#6876=LINE('',#15501,#7828);
#6877=LINE('',#15503,#7829);
#6878=LINE('',#15505,#7830);
#6879=LINE('',#15507,#7831);
#6880=LINE('',#15509,#7832);
#6881=LINE('',#15511,#7833);
#6882=LINE('',#15513,#7834);
#6883=LINE('',#15514,#7835);
#6884=LINE('',#15516,#7836);
#6885=LINE('',#15518,#7837);
#6886=LINE('',#15520,#7838);
#6887=LINE('',#15522,#7839);
#6888=LINE('',#15524,#7840);
#6889=LINE('',#15527,#7841);
#6890=LINE('',#15529,#7842);
#6891=LINE('',#15531,#7843);
#6892=LINE('',#15533,#7844);
#6893=LINE('',#15535,#7845);
#6894=LINE('',#15537,#7846);
#6895=LINE('',#15539,#7847);
#6896=LINE('',#15542,#7848);
#6897=LINE('',#15544,#7849);
#6898=LINE('',#15546,#7850);
#6899=LINE('',#15548,#7851);
#6900=LINE('',#15550,#7852);
#6901=LINE('',#15551,#7853);
#6902=LINE('',#15553,#7854);
#6903=LINE('',#15555,#7855);
#6904=LINE('',#15558,#7856);
#6905=LINE('',#15560,#7857);
#6906=LINE('',#15562,#7858);
#6907=LINE('',#15564,#7859);
#6908=LINE('',#15566,#7860);
#6909=LINE('',#15568,#7861);
#6910=LINE('',#15571,#7862);
#6911=LINE('',#15572,#7863);
#6912=LINE('',#15574,#7864);
#6913=LINE('',#15576,#7865);
#6914=LINE('',#15578,#7866);
#6915=LINE('',#15580,#7867);
#6916=LINE('',#15581,#7868);
#6917=LINE('',#15583,#7869);
#6918=LINE('',#15585,#7870);
#6919=LINE('',#15586,#7871);
#6920=LINE('',#15587,#7872);
#6921=LINE('',#15588,#7873);
#6922=LINE('',#15590,#7874);
#6923=LINE('',#15591,#7875);
#6924=LINE('',#15593,#7876);
#6925=LINE('',#15595,#7877);
#6926=LINE('',#15597,#7878);
#6927=LINE('',#15599,#7879);
#6928=LINE('',#15601,#7880);
#6929=LINE('',#15603,#7881);
#6930=LINE('',#15605,#7882);
#6931=LINE('',#15607,#7883);
#6932=LINE('',#15609,#7884);
#6933=LINE('',#15611,#7885);
#6934=LINE('',#15613,#7886);
#6935=LINE('',#15615,#7887);
#6936=LINE('',#15617,#7888);
#6937=LINE('',#15620,#7889);
#6938=LINE('',#15621,#7890);
#6939=LINE('',#15623,#7891);
#6940=LINE('',#15625,#7892);
#6941=LINE('',#15628,#7893);
#6942=LINE('',#15630,#7894);
#6943=LINE('',#15632,#7895);
#6944=LINE('',#15634,#7896);
#6945=LINE('',#15636,#7897);
#6946=LINE('',#15638,#7898);
#6947=LINE('',#15640,#7899);
#6948=LINE('',#15642,#7900);
#6949=LINE('',#15645,#7901);
#6950=LINE('',#15647,#7902);
#6951=LINE('',#15649,#7903);
#6952=LINE('',#15651,#7904);
#6953=LINE('',#15653,#7905);
#6954=LINE('',#15655,#7906);
#6955=LINE('',#15657,#7907);
#6956=LINE('',#15660,#7908);
#6957=LINE('',#15663,#7909);
#6958=LINE('',#15665,#7910);
#6959=LINE('',#15667,#7911);
#6960=LINE('',#15669,#7912);
#6961=LINE('',#15671,#7913);
#6962=LINE('',#15673,#7914);
#6963=LINE('',#15675,#7915);
#6964=LINE('',#15677,#7916);
#6965=LINE('',#15679,#7917);
#6966=LINE('',#15683,#7918);
#6967=LINE('',#15689,#7919);
#6968=LINE('',#15695,#7920);
#6969=LINE('',#15701,#7921);
#6970=LINE('',#15707,#7922);
#6971=LINE('',#15713,#7923);
#6972=LINE('',#15719,#7924);
#6973=LINE('',#15725,#7925);
#6974=LINE('',#15731,#7926);
#6975=LINE('',#15737,#7927);
#6976=LINE('',#15743,#7928);
#6977=LINE('',#15747,#7929);
#6978=LINE('',#15749,#7930);
#6979=LINE('',#15751,#7931);
#6980=LINE('',#15753,#7932);
#6981=LINE('',#15755,#7933);
#6982=LINE('',#15757,#7934);
#6983=LINE('',#15759,#7935);
#6984=LINE('',#15761,#7936);
#6985=LINE('',#15763,#7937);
#6986=LINE('',#15765,#7938);
#6987=LINE('',#15767,#7939);
#6988=LINE('',#15769,#7940);
#6989=LINE('',#15773,#7941);
#6990=LINE('',#15784,#7942);
#6991=LINE('',#15790,#7943);
#6992=LINE('',#15794,#7944);
#6993=LINE('',#15798,#7945);
#6994=LINE('',#15802,#7946);
#6995=LINE('',#15806,#7947);
#6996=LINE('',#15810,#7948);
#6997=LINE('',#15814,#7949);
#6998=LINE('',#15818,#7950);
#6999=LINE('',#15841,#7951);
#7000=LINE('',#15847,#7952);
#7001=LINE('',#15851,#7953);
#7002=LINE('',#15857,#7954);
#7003=LINE('',#15872,#7955);
#7004=LINE('',#15880,#7956);
#7005=LINE('',#15886,#7957);
#7006=LINE('',#15897,#7958);
#7007=LINE('',#15903,#7959);
#7008=LINE('',#15905,#7960);
#7009=LINE('',#15916,#7961);
#7010=LINE('',#15929,#7962);
#7011=LINE('',#15935,#7963);
#7012=LINE('',#15939,#7964);
#7013=LINE('',#15950,#7965);
#7014=LINE('',#15963,#7966);
#7015=LINE('',#15969,#7967);
#7016=LINE('',#15973,#7968);
#7017=LINE('',#15977,#7969);
#7018=LINE('',#15979,#7970);
#7019=LINE('',#15981,#7971);
#7020=LINE('',#15985,#7972);
#7021=LINE('',#15996,#7973);
#7022=LINE('',#16009,#7974);
#7023=LINE('',#16015,#7975);
#7024=LINE('',#16017,#7976);
#7025=LINE('',#16046,#7977);
#7026=LINE('',#16050,#7978);
#7027=LINE('',#16059,#7979);
#7028=LINE('',#16065,#7980);
#7029=LINE('',#16067,#7981);
#7030=LINE('',#16069,#7982);
#7031=LINE('',#16071,#7983);
#7032=LINE('',#16073,#7984);
#7033=LINE('',#16075,#7985);
#7034=LINE('',#16077,#7986);
#7035=LINE('',#16079,#7987);
#7036=LINE('',#16081,#7988);
#7037=LINE('',#16085,#7989);
#7038=LINE('',#16096,#7990);
#7039=LINE('',#16109,#7991);
#7040=LINE('',#16115,#7992);
#7041=LINE('',#16126,#7993);
#7042=LINE('',#16132,#7994);
#7043=LINE('',#16134,#7995);
#7044=LINE('',#16136,#7996);
#7045=LINE('',#16138,#7997);
#7046=LINE('',#16140,#7998);
#7047=LINE('',#16142,#7999);
#7048=LINE('',#16144,#8000);
#7049=LINE('',#16146,#8001);
#7050=LINE('',#16148,#8002);
#7051=LINE('',#16150,#8003);
#7052=LINE('',#16152,#8004);
#7053=LINE('',#16154,#8005);
#7054=LINE('',#16156,#8006);
#7055=LINE('',#16158,#8007);
#7056=LINE('',#16160,#8008);
#7057=LINE('',#16171,#8009);
#7058=LINE('',#16196,#8010);
#7059=LINE('',#16202,#8011);
#7060=LINE('',#16204,#8012);
#7061=LINE('',#16215,#8013);
#7062=LINE('',#16228,#8014);
#7063=LINE('',#16234,#8015);
#7064=LINE('',#16245,#8016);
#7065=LINE('',#16258,#8017);
#7066=LINE('',#16271,#8018);
#7067=LINE('',#16277,#8019);
#7068=LINE('',#16279,#8020);
#7069=LINE('',#16281,#8021);
#7070=LINE('',#16283,#8022);
#7071=LINE('',#16285,#8023);
#7072=LINE('',#16287,#8024);
#7073=LINE('',#16289,#8025);
#7074=LINE('',#16300,#8026);
#7075=LINE('',#16313,#8027);
#7076=LINE('',#16319,#8028);
#7077=LINE('',#16330,#8029);
#7078=LINE('',#16343,#8030);
#7079=LINE('',#16349,#8031);
#7080=LINE('',#16360,#8032);
#7081=LINE('',#16366,#8033);
#7082=LINE('',#16370,#8034);
#7083=LINE('',#16374,#8035);
#7084=LINE('',#16376,#8036);
#7085=LINE('',#16378,#8037);
#7086=LINE('',#16380,#8038);
#7087=LINE('',#16382,#8039);
#7088=LINE('',#16384,#8040);
#7089=LINE('',#16386,#8041);
#7090=LINE('',#16402,#8042);
#7091=LINE('',#16404,#8043);
#7092=LINE('',#16406,#8044);
#7093=LINE('',#16408,#8045);
#7094=LINE('',#16410,#8046);
#7095=LINE('',#16412,#8047);
#7096=LINE('',#16414,#8048);
#7097=LINE('',#16416,#8049);
#7098=LINE('',#16418,#8050);
#7099=LINE('',#16420,#8051);
#7100=LINE('',#16422,#8052);
#7101=LINE('',#16424,#8053);
#7102=LINE('',#16426,#8054);
#7103=LINE('',#16428,#8055);
#7104=LINE('',#16430,#8056);
#7105=LINE('',#16432,#8057);
#7106=LINE('',#16435,#8058);
#7107=LINE('',#16439,#8059);
#7108=LINE('',#16441,#8060);
#7109=LINE('',#16445,#8061);
#7110=LINE('',#16449,#8062);
#7111=LINE('',#16453,#8063);
#7112=LINE('',#16457,#8064);
#7113=LINE('',#16461,#8065);
#7114=LINE('',#16468,#8066);
#7115=LINE('',#16472,#8067);
#7116=LINE('',#16474,#8068);
#7117=LINE('',#16478,#8069);
#7118=LINE('',#16480,#8070);
#7119=LINE('',#16482,#8071);
#7120=LINE('',#16484,#8072);
#7121=LINE('',#16486,#8073);
#7122=LINE('',#16488,#8074);
#7123=LINE('',#16490,#8075);
#7124=LINE('',#16492,#8076);
#7125=LINE('',#16494,#8077);
#7126=LINE('',#16496,#8078);
#7127=LINE('',#16498,#8079);
#7128=LINE('',#16502,#8080);
#7129=LINE('',#16506,#8081);
#7130=LINE('',#16510,#8082);
#7131=LINE('',#16514,#8083);
#7132=LINE('',#16525,#8084);
#7133=LINE('',#16538,#8085);
#7134=LINE('',#16547,#8086);
#7135=LINE('',#16551,#8087);
#7136=LINE('',#16564,#8088);
#7137=LINE('',#16581,#8089);
#7138=LINE('',#16589,#8090);
#7139=LINE('',#16604,#8091);
#7140=LINE('',#16612,#8092);
#7141=LINE('',#16618,#8093);
#7142=LINE('',#16622,#8094);
#7143=LINE('',#16624,#8095);
#7144=LINE('',#16626,#8096);
#7145=LINE('',#16642,#8097);
#7146=LINE('',#16648,#8098);
#7147=LINE('',#16650,#8099);
#7148=LINE('',#16661,#8100);
#7149=LINE('',#16674,#8101);
#7150=LINE('',#16680,#8102);
#7151=LINE('',#16691,#8103);
#7152=LINE('',#16704,#8104);
#7153=LINE('',#16717,#8105);
#7154=LINE('',#16723,#8106);
#7155=LINE('',#16725,#8107);
#7156=LINE('',#16727,#8108);
#7157=LINE('',#16729,#8109);
#7158=LINE('',#16731,#8110);
#7159=LINE('',#16733,#8111);
#7160=LINE('',#16735,#8112);
#7161=LINE('',#16746,#8113);
#7162=LINE('',#16759,#8114);
#7163=LINE('',#16765,#8115);
#7164=LINE('',#16776,#8116);
#7165=LINE('',#16789,#8117);
#7166=LINE('',#16795,#8118);
#7167=LINE('',#16806,#8119);
#7168=LINE('',#16812,#8120);
#7169=LINE('',#16816,#8121);
#7170=LINE('',#16820,#8122);
#7171=LINE('',#16822,#8123);
#7172=LINE('',#16824,#8124);
#7173=LINE('',#16826,#8125);
#7174=LINE('',#16828,#8126);
#7175=LINE('',#16830,#8127);
#7176=LINE('',#16832,#8128);
#7177=LINE('',#16851,#8129);
#7178=LINE('',#16855,#8130);
#7179=LINE('',#16857,#8131);
#7180=LINE('',#16859,#8132);
#7181=LINE('',#16861,#8133);
#7182=LINE('',#16874,#8134);
#7183=LINE('',#16882,#8135);
#7184=LINE('',#16897,#8136);
#7185=LINE('',#16905,#8137);
#7186=LINE('',#16920,#8138);
#7187=LINE('',#16928,#8139);
#7188=LINE('',#16932,#8140);
#7189=LINE('',#16934,#8141);
#7190=LINE('',#16936,#8142);
#7191=LINE('',#16938,#8143);
#7192=LINE('',#16940,#8144);
#7193=LINE('',#16942,#8145);
#7194=LINE('',#16944,#8146);
#7195=LINE('',#16946,#8147);
#7196=LINE('',#16948,#8148);
#7197=LINE('',#16950,#8149);
#7198=LINE('',#16954,#8150);
#7199=LINE('',#16958,#8151);
#7200=LINE('',#16962,#8152);
#7201=LINE('',#16973,#8153);
#7202=LINE('',#16979,#8154);
#7203=LINE('',#16990,#8155);
#7204=LINE('',#16996,#8156);
#7205=LINE('',#16998,#8157);
#7206=LINE('',#17000,#8158);
#7207=LINE('',#17002,#8159);
#7208=LINE('',#17004,#8160);
#7209=LINE('',#17011,#8161);
#7210=LINE('',#17013,#8162);
#7211=LINE('',#17015,#8163);
#7212=LINE('',#17017,#8164);
#7213=LINE('',#17019,#8165);
#7214=LINE('',#17021,#8166);
#7215=LINE('',#17023,#8167);
#7216=LINE('',#17025,#8168);
#7217=LINE('',#17027,#8169);
#7218=LINE('',#17029,#8170);
#7219=LINE('',#17031,#8171);
#7220=LINE('',#17033,#8172);
#7221=LINE('',#17035,#8173);
#7222=LINE('',#17037,#8174);
#7223=LINE('',#17039,#8175);
#7224=LINE('',#17041,#8176);
#7225=LINE('',#17051,#8177);
#7226=LINE('',#17057,#8178);
#7227=LINE('',#17059,#8179);
#7228=LINE('',#17063,#8180);
#7229=LINE('',#17067,#8181);
#7230=LINE('',#17069,#8182);
#7231=LINE('',#17071,#8183);
#7232=LINE('',#17073,#8184);
#7233=LINE('',#17075,#8185);
#7234=LINE('',#17077,#8186);
#7235=LINE('',#17079,#8187);
#7236=LINE('',#17083,#8188);
#7237=LINE('',#17094,#8189);
#7238=LINE('',#17107,#8190);
#7239=LINE('',#17120,#8191);
#7240=LINE('',#17133,#8192);
#7241=LINE('',#17139,#8193);
#7242=LINE('',#17143,#8194);
#7243=LINE('',#17147,#8195);
#7244=LINE('',#17151,#8196);
#7245=LINE('',#17153,#8197);
#7246=LINE('',#17155,#8198);
#7247=LINE('',#17157,#8199);
#7248=LINE('',#17159,#8200);
#7249=LINE('',#17161,#8201);
#7250=LINE('',#17163,#8202);
#7251=LINE('',#17174,#8203);
#7252=LINE('',#17180,#8204);
#7253=LINE('',#17191,#8205);
#7254=LINE('',#17209,#8206);
#7255=LINE('',#17211,#8207);
#7256=LINE('',#17213,#8208);
#7257=LINE('',#17215,#8209);
#7258=LINE('',#17217,#8210);
#7259=LINE('',#17219,#8211);
#7260=LINE('',#17221,#8212);
#7261=LINE('',#17223,#8213);
#7262=LINE('',#17225,#8214);
#7263=LINE('',#17227,#8215);
#7264=LINE('',#17229,#8216);
#7265=LINE('',#17231,#8217);
#7266=LINE('',#17233,#8218);
#7267=LINE('',#17235,#8219);
#7268=LINE('',#17237,#8220);
#7269=LINE('',#17239,#8221);
#7270=LINE('',#17241,#8222);
#7271=LINE('',#17243,#8223);
#7272=LINE('',#17245,#8224);
#7273=LINE('',#17247,#8225);
#7274=LINE('',#17249,#8226);
#7275=LINE('',#17251,#8227);
#7276=LINE('',#17253,#8228);
#7277=LINE('',#17255,#8229);
#7278=LINE('',#17257,#8230);
#7279=LINE('',#17259,#8231);
#7280=LINE('',#17262,#8232);
#7281=LINE('',#17265,#8233);
#7282=LINE('',#17267,#8234);
#7283=LINE('',#17269,#8235);
#7284=LINE('',#17271,#8236);
#7285=LINE('',#17273,#8237);
#7286=LINE('',#17275,#8238);
#7287=LINE('',#17277,#8239);
#7288=LINE('',#17279,#8240);
#7289=LINE('',#17281,#8241);
#7290=LINE('',#17283,#8242);
#7291=LINE('',#17285,#8243);
#7292=LINE('',#17287,#8244);
#7293=LINE('',#17289,#8245);
#7294=LINE('',#17291,#8246);
#7295=LINE('',#17293,#8247);
#7296=LINE('',#17295,#8248);
#7297=LINE('',#17297,#8249);
#7298=LINE('',#17299,#8250);
#7299=LINE('',#17301,#8251);
#7300=LINE('',#17303,#8252);
#7301=LINE('',#17305,#8253);
#7302=LINE('',#17307,#8254);
#7303=LINE('',#17309,#8255);
#7304=LINE('',#17310,#8256);
#7305=LINE('',#17321,#8257);
#7306=LINE('',#17327,#8258);
#7307=LINE('',#17329,#8259);
#7308=LINE('',#17331,#8260);
#7309=LINE('',#17333,#8261);
#7310=LINE('',#17337,#8262);
#7311=LINE('',#17341,#8263);
#7312=LINE('',#17345,#8264);
#7313=LINE('',#17349,#8265);
#7314=LINE('',#17353,#8266);
#7315=LINE('',#17357,#8267);
#7316=LINE('',#17359,#8268);
#7317=LINE('',#17361,#8269);
#7318=LINE('',#17372,#8270);
#7319=LINE('',#17378,#8271);
#7320=LINE('',#17382,#8272);
#7321=LINE('',#17386,#8273);
#7322=LINE('',#17390,#8274);
#7323=LINE('',#17394,#8275);
#7324=LINE('',#17398,#8276);
#7325=LINE('',#17402,#8277);
#7326=LINE('',#17406,#8278);
#7327=LINE('',#17417,#8279);
#7328=LINE('',#17423,#8280);
#7329=LINE('',#17427,#8281);
#7330=LINE('',#17429,#8282);
#7331=LINE('',#17431,#8283);
#7332=LINE('',#17435,#8284);
#7333=LINE('',#17439,#8285);
#7334=LINE('',#17443,#8286);
#7335=LINE('',#17447,#8287);
#7336=LINE('',#17451,#8288);
#7337=LINE('',#17455,#8289);
#7338=LINE('',#17457,#8290);
#7339=LINE('',#17459,#8291);
#7340=LINE('',#17463,#8292);
#7341=LINE('',#17467,#8293);
#7342=LINE('',#17471,#8294);
#7343=LINE('',#17475,#8295);
#7344=LINE('',#17479,#8296);
#7345=LINE('',#17483,#8297);
#7346=LINE('',#17485,#8298);
#7347=LINE('',#17487,#8299);
#7348=LINE('',#17491,#8300);
#7349=LINE('',#17495,#8301);
#7350=LINE('',#17499,#8302);
#7351=LINE('',#17503,#8303);
#7352=LINE('',#17507,#8304);
#7353=LINE('',#17511,#8305);
#7354=LINE('',#17515,#8306);
#7355=LINE('',#17519,#8307);
#7356=LINE('',#17523,#8308);
#7357=LINE('',#17527,#8309);
#7358=LINE('',#17531,#8310);
#7359=LINE('',#17535,#8311);
#7360=LINE('',#17537,#8312);
#7361=LINE('',#17539,#8313);
#7362=LINE('',#17550,#8314);
#7363=LINE('',#17559,#8315);
#7364=LINE('',#17561,#8316);
#7365=LINE('',#17563,#8317);
#7366=LINE('',#17565,#8318);
#7367=LINE('',#17567,#8319);
#7368=LINE('',#17569,#8320);
#7369=LINE('',#17571,#8321);
#7370=LINE('',#17573,#8322);
#7371=LINE('',#17575,#8323);
#7372=LINE('',#17577,#8324);
#7373=LINE('',#17579,#8325);
#7374=LINE('',#17581,#8326);
#7375=LINE('',#17583,#8327);
#7376=LINE('',#17585,#8328);
#7377=LINE('',#17587,#8329);
#7378=LINE('',#17589,#8330);
#7379=LINE('',#17592,#8331);
#7380=LINE('',#17594,#8332);
#7381=LINE('',#17596,#8333);
#7382=LINE('',#17598,#8334);
#7383=LINE('',#17600,#8335);
#7384=LINE('',#17602,#8336);
#7385=LINE('',#17604,#8337);
#7386=LINE('',#17606,#8338);
#7387=LINE('',#17608,#8339);
#7388=LINE('',#17610,#8340);
#7389=LINE('',#17612,#8341);
#7390=LINE('',#17614,#8342);
#7391=LINE('',#17616,#8343);
#7392=LINE('',#17618,#8344);
#7393=LINE('',#17620,#8345);
#7394=LINE('',#17622,#8346);
#7395=LINE('',#17624,#8347);
#7396=LINE('',#17626,#8348);
#7397=LINE('',#17628,#8349);
#7398=LINE('',#17630,#8350);
#7399=LINE('',#17632,#8351);
#7400=LINE('',#17634,#8352);
#7401=LINE('',#17636,#8353);
#7402=LINE('',#17638,#8354);
#7403=LINE('',#17641,#8355);
#7404=LINE('',#17643,#8356);
#7405=LINE('',#17645,#8357);
#7406=LINE('',#17647,#8358);
#7407=LINE('',#17649,#8359);
#7408=LINE('',#17651,#8360);
#7409=LINE('',#17653,#8361);
#7410=LINE('',#17655,#8362);
#7411=LINE('',#17657,#8363);
#7412=LINE('',#17659,#8364);
#7413=LINE('',#17661,#8365);
#7414=LINE('',#17663,#8366);
#7415=LINE('',#17665,#8367);
#7416=LINE('',#17667,#8368);
#7417=LINE('',#17669,#8369);
#7418=LINE('',#17671,#8370);
#7419=LINE('',#17673,#8371);
#7420=LINE('',#17675,#8372);
#7421=LINE('',#17677,#8373);
#7422=LINE('',#17679,#8374);
#7423=LINE('',#17681,#8375);
#7424=LINE('',#17683,#8376);
#7425=LINE('',#17685,#8377);
#7426=LINE('',#17687,#8378);
#7427=LINE('',#17689,#8379);
#7428=LINE('',#17691,#8380);
#7429=LINE('',#17701,#8381);
#7430=LINE('',#17707,#8382);
#7431=LINE('',#17709,#8383);
#7432=LINE('',#17711,#8384);
#7433=LINE('',#17713,#8385);
#7434=LINE('',#17717,#8386);
#7435=LINE('',#17721,#8387);
#7436=LINE('',#17725,#8388);
#7437=LINE('',#17729,#8389);
#7438=LINE('',#17733,#8390);
#7439=LINE('',#17737,#8391);
#7440=LINE('',#17739,#8392);
#7441=LINE('',#17741,#8393);
#7442=LINE('',#17752,#8394);
#7443=LINE('',#17758,#8395);
#7444=LINE('',#17762,#8396);
#7445=LINE('',#17766,#8397);
#7446=LINE('',#17770,#8398);
#7447=LINE('',#17774,#8399);
#7448=LINE('',#17778,#8400);
#7449=LINE('',#17782,#8401);
#7450=LINE('',#17786,#8402);
#7451=LINE('',#17797,#8403);
#7452=LINE('',#17803,#8404);
#7453=LINE('',#17807,#8405);
#7454=LINE('',#17809,#8406);
#7455=LINE('',#17811,#8407);
#7456=LINE('',#17815,#8408);
#7457=LINE('',#17819,#8409);
#7458=LINE('',#17823,#8410);
#7459=LINE('',#17827,#8411);
#7460=LINE('',#17831,#8412);
#7461=LINE('',#17835,#8413);
#7462=LINE('',#17837,#8414);
#7463=LINE('',#17839,#8415);
#7464=LINE('',#17843,#8416);
#7465=LINE('',#17847,#8417);
#7466=LINE('',#17851,#8418);
#7467=LINE('',#17855,#8419);
#7468=LINE('',#17859,#8420);
#7469=LINE('',#17863,#8421);
#7470=LINE('',#17865,#8422);
#7471=LINE('',#17867,#8423);
#7472=LINE('',#17871,#8424);
#7473=LINE('',#17875,#8425);
#7474=LINE('',#17879,#8426);
#7475=LINE('',#17883,#8427);
#7476=LINE('',#17887,#8428);
#7477=LINE('',#17891,#8429);
#7478=LINE('',#17895,#8430);
#7479=LINE('',#17899,#8431);
#7480=LINE('',#17903,#8432);
#7481=LINE('',#17907,#8433);
#7482=LINE('',#17911,#8434);
#7483=LINE('',#17915,#8435);
#7484=LINE('',#17917,#8436);
#7485=LINE('',#17919,#8437);
#7486=LINE('',#17930,#8438);
#7487=LINE('',#17942,#8439);
#7488=LINE('',#17946,#8440);
#7489=LINE('',#17948,#8441);
#7490=LINE('',#17950,#8442);
#7491=LINE('',#17952,#8443);
#7492=LINE('',#17956,#8444);
#7493=LINE('',#17962,#8445);
#7494=LINE('',#17968,#8446);
#7495=LINE('',#17974,#8447);
#7496=LINE('',#17980,#8448);
#7497=LINE('',#17986,#8449);
#7498=LINE('',#17992,#8450);
#7499=LINE('',#17998,#8451);
#7500=LINE('',#18004,#8452);
#7501=LINE('',#18010,#8453);
#7502=LINE('',#18016,#8454);
#7503=LINE('',#18022,#8455);
#7504=LINE('',#18026,#8456);
#7505=LINE('',#18028,#8457);
#7506=LINE('',#18030,#8458);
#7507=LINE('',#18034,#8459);
#7508=LINE('',#18040,#8460);
#7509=LINE('',#18046,#8461);
#7510=LINE('',#18052,#8462);
#7511=LINE('',#18058,#8463);
#7512=LINE('',#18064,#8464);
#7513=LINE('',#18070,#8465);
#7514=LINE('',#18076,#8466);
#7515=LINE('',#18082,#8467);
#7516=LINE('',#18088,#8468);
#7517=LINE('',#18092,#8469);
#7518=LINE('',#18096,#8470);
#7519=LINE('',#18098,#8471);
#7520=LINE('',#18100,#8472);
#7521=LINE('',#18102,#8473);
#7522=LINE('',#18113,#8474);
#7523=LINE('',#18119,#8475);
#7524=LINE('',#18123,#8476);
#7525=LINE('',#18127,#8477);
#7526=LINE('',#18131,#8478);
#7527=LINE('',#18135,#8479);
#7528=LINE('',#18139,#8480);
#7529=LINE('',#18143,#8481);
#7530=LINE('',#18147,#8482);
#7531=LINE('',#18158,#8483);
#7532=LINE('',#18164,#8484);
#7533=LINE('',#18168,#8485);
#7534=LINE('',#18170,#8486);
#7535=LINE('',#18172,#8487);
#7536=LINE('',#18183,#8488);
#7537=LINE('',#18189,#8489);
#7538=LINE('',#18193,#8490);
#7539=LINE('',#18197,#8491);
#7540=LINE('',#18201,#8492);
#7541=LINE('',#18205,#8493);
#7542=LINE('',#18209,#8494);
#7543=LINE('',#18213,#8495);
#7544=LINE('',#18217,#8496);
#7545=LINE('',#18238,#8497);
#7546=LINE('',#18241,#8498);
#7547=LINE('',#18243,#8499);
#7548=LINE('',#18245,#8500);
#7549=LINE('',#18247,#8501);
#7550=LINE('',#18249,#8502);
#7551=LINE('',#18251,#8503);
#7552=LINE('',#18253,#8504);
#7553=LINE('',#18255,#8505);
#7554=LINE('',#18257,#8506);
#7555=LINE('',#18259,#8507);
#7556=LINE('',#18260,#8508);
#7557=LINE('',#18265,#8509);
#7558=LINE('',#18268,#8510);
#7559=LINE('',#18270,#8511);
#7560=LINE('',#18272,#8512);
#7561=LINE('',#18274,#8513);
#7562=LINE('',#18276,#8514);
#7563=LINE('',#18278,#8515);
#7564=LINE('',#18280,#8516);
#7565=LINE('',#18282,#8517);
#7566=LINE('',#18284,#8518);
#7567=LINE('',#18286,#8519);
#7568=LINE('',#18287,#8520);
#7569=LINE('',#18294,#8521);
#7570=LINE('',#18297,#8522);
#7571=LINE('',#18299,#8523);
#7572=LINE('',#18301,#8524);
#7573=LINE('',#18303,#8525);
#7574=LINE('',#18305,#8526);
#7575=LINE('',#18307,#8527);
#7576=LINE('',#18309,#8528);
#7577=LINE('',#18311,#8529);
#7578=LINE('',#18314,#8530);
#7579=LINE('',#18315,#8531);
#7580=LINE('',#18317,#8532);
#7581=LINE('',#18319,#8533);
#7582=LINE('',#18321,#8534);
#7583=LINE('',#18323,#8535);
#7584=LINE('',#18324,#8536);
#7585=LINE('',#18326,#8537);
#7586=LINE('',#18328,#8538);
#7587=LINE('',#18330,#8539);
#7588=LINE('',#18337,#8540);
#7589=LINE('',#18339,#8541);
#7590=LINE('',#18341,#8542);
#7591=LINE('',#18343,#8543);
#7592=LINE('',#18345,#8544);
#7593=VECTOR('',#11557,1.);
#7594=VECTOR('',#11558,1.);
#7595=VECTOR('',#11559,1.);
#7596=VECTOR('',#11560,1.);
#7597=VECTOR('',#11563,1.);
#7598=VECTOR('',#11564,1.);
#7599=VECTOR('',#11565,1.);
#7600=VECTOR('',#11568,1.);
#7601=VECTOR('',#11569,1.);
#7602=VECTOR('',#11570,1.);
#7603=VECTOR('',#11573,1.);
#7604=VECTOR('',#11574,1.);
#7605=VECTOR('',#11603,1.);
#7606=VECTOR('',#11624,1.);
#7607=VECTOR('',#11629,1.);
#7608=VECTOR('',#11654,1.);
#7609=VECTOR('',#11667,1.);
#7610=VECTOR('',#11680,1.);
#7611=VECTOR('',#11701,1.);
#7612=VECTOR('',#11714,1.);
#7613=VECTOR('',#11715,1.);
#7614=VECTOR('',#11716,1.);
#7615=VECTOR('',#11717,1.);
#7616=VECTOR('',#11718,1.);
#7617=VECTOR('',#11719,1.);
#7618=VECTOR('',#11720,1.);
#7619=VECTOR('',#11721,1.);
#7620=VECTOR('',#11722,1.);
#7621=VECTOR('',#11723,1.);
#7622=VECTOR('',#11724,1.);
#7623=VECTOR('',#11725,1.);
#7624=VECTOR('',#11726,1.);
#7625=VECTOR('',#11727,1.);
#7626=VECTOR('',#11728,1.);
#7627=VECTOR('',#11729,1.);
#7628=VECTOR('',#11730,1.);
#7629=VECTOR('',#11731,1.);
#7630=VECTOR('',#11732,1.);
#7631=VECTOR('',#11733,1.);
#7632=VECTOR('',#11734,1.);
#7633=VECTOR('',#11735,1.);
#7634=VECTOR('',#11736,1.);
#7635=VECTOR('',#11737,1.);
#7636=VECTOR('',#11738,1.);
#7637=VECTOR('',#11739,1.);
#7638=VECTOR('',#11740,1.);
#7639=VECTOR('',#11741,1.);
#7640=VECTOR('',#11742,1.);
#7641=VECTOR('',#11743,1.);
#7642=VECTOR('',#11744,1.);
#7643=VECTOR('',#11745,1.);
#7644=VECTOR('',#11746,1.);
#7645=VECTOR('',#11747,1.);
#7646=VECTOR('',#11752,1.);
#7647=VECTOR('',#11777,1.);
#7648=VECTOR('',#11790,1.);
#7649=VECTOR('',#11803,1.);
#7650=VECTOR('',#11824,1.);
#7651=VECTOR('',#11837,1.);
#7652=VECTOR('',#11838,1.);
#7653=VECTOR('',#11839,1.);
#7654=VECTOR('',#11840,1.);
#7655=VECTOR('',#11841,1.);
#7656=VECTOR('',#11842,1.);
#7657=VECTOR('',#11843,1.);
#7658=VECTOR('',#11844,1.);
#7659=VECTOR('',#11845,1.);
#7660=VECTOR('',#11846,1.);
#7661=VECTOR('',#11847,1.);
#7662=VECTOR('',#11848,1.);
#7663=VECTOR('',#11849,1.);
#7664=VECTOR('',#11850,1.);
#7665=VECTOR('',#11851,1.);
#7666=VECTOR('',#11852,1.);
#7667=VECTOR('',#11853,1.);
#7668=VECTOR('',#11854,1.);
#7669=VECTOR('',#11855,1.);
#7670=VECTOR('',#11856,1.);
#7671=VECTOR('',#11857,1.);
#7672=VECTOR('',#11858,1.);
#7673=VECTOR('',#11863,1.);
#7674=VECTOR('',#11864,1.);
#7675=VECTOR('',#11865,1.);
#7676=VECTOR('',#11876,1.);
#7677=VECTOR('',#11877,1.);
#7678=VECTOR('',#11878,1.);
#7679=VECTOR('',#11883,1.);
#7680=VECTOR('',#11884,1.);
#7681=VECTOR('',#11885,1.);
#7682=VECTOR('',#11886,1.);
#7683=VECTOR('',#11887,1.);
#7684=VECTOR('',#11888,1.);
#7685=VECTOR('',#11889,1.);
#7686=VECTOR('',#11890,1.);
#7687=VECTOR('',#11891,1.);
#7688=VECTOR('',#11892,1.);
#7689=VECTOR('',#11893,1.);
#7690=VECTOR('',#11894,1.);
#7691=VECTOR('',#11905,1.);
#7692=VECTOR('',#11906,1.);
#7693=VECTOR('',#11907,1.);
#7694=VECTOR('',#11910,1.);
#7695=VECTOR('',#11911,1.);
#7696=VECTOR('',#11912,1.);
#7697=VECTOR('',#11923,1.);
#7698=VECTOR('',#11924,1.);
#7699=VECTOR('',#11925,1.);
#7700=VECTOR('',#11944,1.);
#7701=VECTOR('',#11945,1.);
#7702=VECTOR('',#11946,1.);
#7703=VECTOR('',#11947,1.);
#7704=VECTOR('',#11948,1.);
#7705=VECTOR('',#11967,1.);
#7706=VECTOR('',#11968,1.);
#7707=VECTOR('',#11969,1.);
#7708=VECTOR('',#11970,1.);
#7709=VECTOR('',#11971,1.);
#7710=VECTOR('',#11972,1.);
#7711=VECTOR('',#11973,1.);
#7712=VECTOR('',#11974,1.);
#7713=VECTOR('',#11977,1.);
#7714=VECTOR('',#11978,1.);
#7715=VECTOR('',#11979,1.);
#7716=VECTOR('',#11990,1.);
#7717=VECTOR('',#11991,1.);
#7718=VECTOR('',#11992,1.);
#7719=VECTOR('',#12001,1.);
#7720=VECTOR('',#12002,1.);
#7721=VECTOR('',#12003,1.);
#7722=VECTOR('',#12004,1.);
#7723=VECTOR('',#12005,1.);
#7724=VECTOR('',#12006,1.);
#7725=VECTOR('',#12007,1.);
#7726=VECTOR('',#12014,1.);
#7727=VECTOR('',#12015,1.);
#7728=VECTOR('',#12016,1.);
#7729=VECTOR('',#12017,1.);
#7730=VECTOR('',#12018,1.);
#7731=VECTOR('',#12023,1.);
#7732=VECTOR('',#12034,1.);
#7733=VECTOR('',#12057,1.);
#7734=VECTOR('',#12058,1.);
#7735=VECTOR('',#12059,1.);
#7736=VECTOR('',#12060,1.);
#7737=VECTOR('',#12063,1.);
#7738=VECTOR('',#12064,1.);
#7739=VECTOR('',#12065,1.);
#7740=VECTOR('',#12066,1.);
#7741=VECTOR('',#12069,1.);
#7742=VECTOR('',#12070,1.);
#7743=VECTOR('',#12071,1.);
#7744=VECTOR('',#12072,1.);
#7745=VECTOR('',#12073,1.);
#7746=VECTOR('',#12074,1.);
#7747=VECTOR('',#12075,1.);
#7748=VECTOR('',#12076,1.);
#7749=VECTOR('',#12077,1.);
#7750=VECTOR('',#12080,1.);
#7751=VECTOR('',#12081,1.);
#7752=VECTOR('',#12082,1.);
#7753=VECTOR('',#12083,1.);
#7754=VECTOR('',#12084,1.);
#7755=VECTOR('',#12085,1.);
#7756=VECTOR('',#12086,1.);
#7757=VECTOR('',#12087,1.);
#7758=VECTOR('',#12088,1.);
#7759=VECTOR('',#12091,1.);
#7760=VECTOR('',#12100,1.);
#7761=VECTOR('',#12105,1.);
#7762=VECTOR('',#12106,1.);
#7763=VECTOR('',#12107,1.);
#7764=VECTOR('',#12110,1.);
#7765=VECTOR('',#12111,1.);
#7766=VECTOR('',#12112,1.);
#7767=VECTOR('',#12113,1.);
#7768=VECTOR('',#12116,1.);
#7769=VECTOR('',#12117,1.);
#7770=VECTOR('',#12118,1.);
#7771=VECTOR('',#12119,1.);
#7772=VECTOR('',#12120,1.);
#7773=VECTOR('',#12121,1.);
#7774=VECTOR('',#12122,1.);
#7775=VECTOR('',#12123,1.);
#7776=VECTOR('',#12124,1.);
#7777=VECTOR('',#12125,1.);
#7778=VECTOR('',#12126,1.);
#7779=VECTOR('',#12127,1.);
#7780=VECTOR('',#12128,1.);
#7781=VECTOR('',#12133,1.);
#7782=VECTOR('',#12134,1.);
#7783=VECTOR('',#12135,1.);
#7784=VECTOR('',#12136,1.);
#7785=VECTOR('',#12141,1.);
#7786=VECTOR('',#12142,1.);
#7787=VECTOR('',#12143,1.);
#7788=VECTOR('',#12144,1.);
#7789=VECTOR('',#12145,1.);
#7790=VECTOR('',#12146,1.);
#7791=VECTOR('',#12147,1.);
#7792=VECTOR('',#12148,1.);
#7793=VECTOR('',#12149,1.);
#7794=VECTOR('',#12150,1.);
#7795=VECTOR('',#12153,1.);
#7796=VECTOR('',#12154,1.);
#7797=VECTOR('',#12155,1.);
#7798=VECTOR('',#12156,1.);
#7799=VECTOR('',#12157,1.);
#7800=VECTOR('',#12158,1.);
#7801=VECTOR('',#12161,1.);
#7802=VECTOR('',#12162,1.);
#7803=VECTOR('',#12163,1.);
#7804=VECTOR('',#12164,1.);
#7805=VECTOR('',#12165,1.);
#7806=VECTOR('',#12166,1.);
#7807=VECTOR('',#12167,1.);
#7808=VECTOR('',#12168,1.);
#7809=VECTOR('',#12169,1.);
#7810=VECTOR('',#12170,1.);
#7811=VECTOR('',#12171,1.);
#7812=VECTOR('',#12174,1.);
#7813=VECTOR('',#12177,1.);
#7814=VECTOR('',#12178,1.);
#7815=VECTOR('',#12181,1.);
#7816=VECTOR('',#12182,1.);
#7817=VECTOR('',#12185,1.);
#7818=VECTOR('',#12190,1.);
#7819=VECTOR('',#12193,1.);
#7820=VECTOR('',#12194,1.);
#7821=VECTOR('',#12199,1.);
#7822=VECTOR('',#12204,1.);
#7823=VECTOR('',#12207,1.);
#7824=VECTOR('',#12210,1.);
#7825=VECTOR('',#12217,1.);
#7826=VECTOR('',#12218,1.);
#7827=VECTOR('',#12219,1.);
#7828=VECTOR('',#12220,1.);
#7829=VECTOR('',#12223,1.);
#7830=VECTOR('',#12224,1.);
#7831=VECTOR('',#12225,1.);
#7832=VECTOR('',#12226,1.);
#7833=VECTOR('',#12227,1.);
#7834=VECTOR('',#12230,1.);
#7835=VECTOR('',#12231,1.);
#7836=VECTOR('',#12234,1.);
#7837=VECTOR('',#12235,1.);
#7838=VECTOR('',#12236,1.);
#7839=VECTOR('',#12237,1.);
#7840=VECTOR('',#12240,1.);
#7841=VECTOR('',#12241,1.);
#7842=VECTOR('',#12242,1.);
#7843=VECTOR('',#12243,1.);
#7844=VECTOR('',#12246,1.);
#7845=VECTOR('',#12247,1.);
#7846=VECTOR('',#12248,1.);
#7847=VECTOR('',#12251,1.);
#7848=VECTOR('',#12252,1.);
#7849=VECTOR('',#12253,1.);
#7850=VECTOR('',#12254,1.);
#7851=VECTOR('',#12257,1.);
#7852=VECTOR('',#12258,1.);
#7853=VECTOR('',#12259,1.);
#7854=VECTOR('',#12260,1.);
#7855=VECTOR('',#12263,1.);
#7856=VECTOR('',#12264,1.);
#7857=VECTOR('',#12265,1.);
#7858=VECTOR('',#12266,1.);
#7859=VECTOR('',#12267,1.);
#7860=VECTOR('',#12268,1.);
#7861=VECTOR('',#12271,1.);
#7862=VECTOR('',#12272,1.);
#7863=VECTOR('',#12273,1.);
#7864=VECTOR('',#12274,1.);
#7865=VECTOR('',#12275,1.);
#7866=VECTOR('',#12278,1.);
#7867=VECTOR('',#12279,1.);
#7868=VECTOR('',#12280,1.);
#7869=VECTOR('',#12281,1.);
#7870=VECTOR('',#12284,1.);
#7871=VECTOR('',#12285,1.);
#7872=VECTOR('',#12286,1.);
#7873=VECTOR('',#12287,1.);
#7874=VECTOR('',#12290,1.);
#7875=VECTOR('',#12291,1.);
#7876=VECTOR('',#12294,1.);
#7877=VECTOR('',#12297,1.);
#7878=VECTOR('',#12298,1.);
#7879=VECTOR('',#12301,1.);
#7880=VECTOR('',#12304,1.);
#7881=VECTOR('',#12307,1.);
#7882=VECTOR('',#12310,1.);
#7883=VECTOR('',#12313,1.);
#7884=VECTOR('',#12316,1.);
#7885=VECTOR('',#12319,1.);
#7886=VECTOR('',#12322,1.);
#7887=VECTOR('',#12325,1.);
#7888=VECTOR('',#12328,1.);
#7889=VECTOR('',#12333,1.);
#7890=VECTOR('',#12334,1.);
#7891=VECTOR('',#12337,1.);
#7892=VECTOR('',#12340,1.);
#7893=VECTOR('',#12345,1.);
#7894=VECTOR('',#12348,1.);
#7895=VECTOR('',#12349,1.);
#7896=VECTOR('',#12350,1.);
#7897=VECTOR('',#12353,1.);
#7898=VECTOR('',#12354,1.);
#7899=VECTOR('',#12357,1.);
#7900=VECTOR('',#12358,1.);
#7901=VECTOR('',#12363,1.);
#7902=VECTOR('',#12366,1.);
#7903=VECTOR('',#12367,1.);
#7904=VECTOR('',#12368,1.);
#7905=VECTOR('',#12371,1.);
#7906=VECTOR('',#12374,1.);
#7907=VECTOR('',#12377,1.);
#7908=VECTOR('',#12382,1.);
#7909=VECTOR('',#12383,1.);
#7910=VECTOR('',#12384,1.);
#7911=VECTOR('',#12385,1.);
#7912=VECTOR('',#12388,1.);
#7913=VECTOR('',#12389,1.);
#7914=VECTOR('',#12390,1.);
#7915=VECTOR('',#12393,1.);
#7916=VECTOR('',#12394,1.);
#7917=VECTOR('',#12395,1.);
#7918=VECTOR('',#12400,1.);
#7919=VECTOR('',#12407,1.);
#7920=VECTOR('',#12414,1.);
#7921=VECTOR('',#12421,1.);
#7922=VECTOR('',#12428,1.);
#7923=VECTOR('',#12435,1.);
#7924=VECTOR('',#12442,1.);
#7925=VECTOR('',#12449,1.);
#7926=VECTOR('',#12456,1.);
#7927=VECTOR('',#12463,1.);
#7928=VECTOR('',#12470,1.);
#7929=VECTOR('',#12475,1.);
#7930=VECTOR('',#12476,1.);
#7931=VECTOR('',#12477,1.);
#7932=VECTOR('',#12480,1.);
#7933=VECTOR('',#12481,1.);
#7934=VECTOR('',#12484,1.);
#7935=VECTOR('',#12485,1.);
#7936=VECTOR('',#12488,1.);
#7937=VECTOR('',#12489,1.);
#7938=VECTOR('',#12492,1.);
#7939=VECTOR('',#12493,1.);
#7940=VECTOR('',#12496,1.);
#7941=VECTOR('',#12501,1.);
#7942=VECTOR('',#12504,1.);
#7943=VECTOR('',#12507,1.);
#7944=VECTOR('',#12512,1.);
#7945=VECTOR('',#12517,1.);
#7946=VECTOR('',#12522,1.);
#7947=VECTOR('',#12527,1.);
#7948=VECTOR('',#12532,1.);
#7949=VECTOR('',#12537,1.);
#7950=VECTOR('',#12542,1.);
#7951=VECTOR('',#12559,1.);
#7952=VECTOR('',#12560,1.);
#7953=VECTOR('',#12565,1.);
#7954=VECTOR('',#12572,1.);
#7955=VECTOR('',#12575,1.);
#7956=VECTOR('',#12580,1.);
#7957=VECTOR('',#12587,1.);
#7958=VECTOR('',#12590,1.);
#7959=VECTOR('',#12591,1.);
#7960=VECTOR('',#12594,1.);
#7961=VECTOR('',#12597,1.);
#7962=VECTOR('',#12598,1.);
#7963=VECTOR('',#12601,1.);
#7964=VECTOR('',#12606,1.);
#7965=VECTOR('',#12609,1.);
#7966=VECTOR('',#12610,1.);
#7967=VECTOR('',#12613,1.);
#7968=VECTOR('',#12618,1.);
#7969=VECTOR('',#12623,1.);
#7970=VECTOR('',#12624,1.);
#7971=VECTOR('',#12627,1.);
#7972=VECTOR('',#12632,1.);
#7973=VECTOR('',#12635,1.);
#7974=VECTOR('',#12636,1.);
#7975=VECTOR('',#12639,1.);
#7976=VECTOR('',#12640,1.);
#7977=VECTOR('',#12647,1.);
#7978=VECTOR('',#12650,1.);
#7979=VECTOR('',#12651,1.);
#7980=VECTOR('',#12654,1.);
#7981=VECTOR('',#12655,1.);
#7982=VECTOR('',#12658,1.);
#7983=VECTOR('',#12659,1.);
#7984=VECTOR('',#12662,1.);
#7985=VECTOR('',#12663,1.);
#7986=VECTOR('',#12666,1.);
#7987=VECTOR('',#12667,1.);
#7988=VECTOR('',#12670,1.);
#7989=VECTOR('',#12675,1.);
#7990=VECTOR('',#12678,1.);
#7991=VECTOR('',#12679,1.);
#7992=VECTOR('',#12682,1.);
#7993=VECTOR('',#12685,1.);
#7994=VECTOR('',#12688,1.);
#7995=VECTOR('',#12689,1.);
#7996=VECTOR('',#12692,1.);
#7997=VECTOR('',#12693,1.);
#7998=VECTOR('',#12696,1.);
#7999=VECTOR('',#12697,1.);
#8000=VECTOR('',#12700,1.);
#8001=VECTOR('',#12701,1.);
#8002=VECTOR('',#12704,1.);
#8003=VECTOR('',#12705,1.);
#8004=VECTOR('',#12708,1.);
#8005=VECTOR('',#12709,1.);
#8006=VECTOR('',#12712,1.);
#8007=VECTOR('',#12713,1.);
#8008=VECTOR('',#12716,1.);
#8009=VECTOR('',#12719,1.);
#8010=VECTOR('',#12722,1.);
#8011=VECTOR('',#12723,1.);
#8012=VECTOR('',#12726,1.);
#8013=VECTOR('',#12729,1.);
#8014=VECTOR('',#12730,1.);
#8015=VECTOR('',#12733,1.);
#8016=VECTOR('',#12736,1.);
#8017=VECTOR('',#12737,1.);
#8018=VECTOR('',#12738,1.);
#8019=VECTOR('',#12741,1.);
#8020=VECTOR('',#12742,1.);
#8021=VECTOR('',#12745,1.);
#8022=VECTOR('',#12746,1.);
#8023=VECTOR('',#12749,1.);
#8024=VECTOR('',#12750,1.);
#8025=VECTOR('',#12753,1.);
#8026=VECTOR('',#12756,1.);
#8027=VECTOR('',#12757,1.);
#8028=VECTOR('',#12760,1.);
#8029=VECTOR('',#12763,1.);
#8030=VECTOR('',#12764,1.);
#8031=VECTOR('',#12767,1.);
#8032=VECTOR('',#12770,1.);
#8033=VECTOR('',#12773,1.);
#8034=VECTOR('',#12778,1.);
#8035=VECTOR('',#12783,1.);
#8036=VECTOR('',#12784,1.);
#8037=VECTOR('',#12787,1.);
#8038=VECTOR('',#12788,1.);
#8039=VECTOR('',#12791,1.);
#8040=VECTOR('',#12792,1.);
#8041=VECTOR('',#12795,1.);
#8042=VECTOR('',#12802,1.);
#8043=VECTOR('',#12803,1.);
#8044=VECTOR('',#12804,1.);
#8045=VECTOR('',#12807,1.);
#8046=VECTOR('',#12808,1.);
#8047=VECTOR('',#12811,1.);
#8048=VECTOR('',#12812,1.);
#8049=VECTOR('',#12815,1.);
#8050=VECTOR('',#12816,1.);
#8051=VECTOR('',#12819,1.);
#8052=VECTOR('',#12820,1.);
#8053=VECTOR('',#12823,1.);
#8054=VECTOR('',#12824,1.);
#8055=VECTOR('',#12827,1.);
#8056=VECTOR('',#12828,1.);
#8057=VECTOR('',#12831,1.);
#8058=VECTOR('',#12836,1.);
#8059=VECTOR('',#12839,1.);
#8060=VECTOR('',#12842,1.);
#8061=VECTOR('',#12847,1.);
#8062=VECTOR('',#12852,1.);
#8063=VECTOR('',#12857,1.);
#8064=VECTOR('',#12862,1.);
#8065=VECTOR('',#12867,1.);
#8066=VECTOR('',#12878,1.);
#8067=VECTOR('',#12881,1.);
#8068=VECTOR('',#12884,1.);
#8069=VECTOR('',#12889,1.);
#8070=VECTOR('',#12890,1.);
#8071=VECTOR('',#12893,1.);
#8072=VECTOR('',#12894,1.);
#8073=VECTOR('',#12897,1.);
#8074=VECTOR('',#12898,1.);
#8075=VECTOR('',#12901,1.);
#8076=VECTOR('',#12902,1.);
#8077=VECTOR('',#12905,1.);
#8078=VECTOR('',#12906,1.);
#8079=VECTOR('',#12909,1.);
#8080=VECTOR('',#12914,1.);
#8081=VECTOR('',#12919,1.);
#8082=VECTOR('',#12924,1.);
#8083=VECTOR('',#12929,1.);
#8084=VECTOR('',#12932,1.);
#8085=VECTOR('',#12933,1.);
#8086=VECTOR('',#12938,1.);
#8087=VECTOR('',#12941,1.);
#8088=VECTOR('',#12942,1.);
#8089=VECTOR('',#12943,1.);
#8090=VECTOR('',#12948,1.);
#8091=VECTOR('',#12951,1.);
#8092=VECTOR('',#12956,1.);
#8093=VECTOR('',#12963,1.);
#8094=VECTOR('',#12968,1.);
#8095=VECTOR('',#12969,1.);
#8096=VECTOR('',#12970,1.);
#8097=VECTOR('',#12985,1.);
#8098=VECTOR('',#12986,1.);
#8099=VECTOR('',#12989,1.);
#8100=VECTOR('',#12992,1.);
#8101=VECTOR('',#12993,1.);
#8102=VECTOR('',#12996,1.);
#8103=VECTOR('',#12999,1.);
#8104=VECTOR('',#13000,1.);
#8105=VECTOR('',#13001,1.);
#8106=VECTOR('',#13004,1.);
#8107=VECTOR('',#13005,1.);
#8108=VECTOR('',#13008,1.);
#8109=VECTOR('',#13009,1.);
#8110=VECTOR('',#13012,1.);
#8111=VECTOR('',#13013,1.);
#8112=VECTOR('',#13016,1.);
#8113=VECTOR('',#13019,1.);
#8114=VECTOR('',#13020,1.);
#8115=VECTOR('',#13023,1.);
#8116=VECTOR('',#13026,1.);
#8117=VECTOR('',#13027,1.);
#8118=VECTOR('',#13030,1.);
#8119=VECTOR('',#13033,1.);
#8120=VECTOR('',#13036,1.);
#8121=VECTOR('',#13041,1.);
#8122=VECTOR('',#13046,1.);
#8123=VECTOR('',#13047,1.);
#8124=VECTOR('',#13050,1.);
#8125=VECTOR('',#13051,1.);
#8126=VECTOR('',#13054,1.);
#8127=VECTOR('',#13055,1.);
#8128=VECTOR('',#13058,1.);
#8129=VECTOR('',#13067,1.);
#8130=VECTOR('',#13070,1.);
#8131=VECTOR('',#13073,1.);
#8132=VECTOR('',#13074,1.);
#8133=VECTOR('',#13075,1.);
#8134=VECTOR('',#13076,1.);
#8135=VECTOR('',#13081,1.);
#8136=VECTOR('',#13084,1.);
#8137=VECTOR('',#13089,1.);
#8138=VECTOR('',#13092,1.);
#8139=VECTOR('',#13097,1.);
#8140=VECTOR('',#13102,1.);
#8141=VECTOR('',#13103,1.);
#8142=VECTOR('',#13104,1.);
#8143=VECTOR('',#13107,1.);
#8144=VECTOR('',#13108,1.);
#8145=VECTOR('',#13111,1.);
#8146=VECTOR('',#13112,1.);
#8147=VECTOR('',#13115,1.);
#8148=VECTOR('',#13116,1.);
#8149=VECTOR('',#13119,1.);
#8150=VECTOR('',#13124,1.);
#8151=VECTOR('',#13129,1.);
#8152=VECTOR('',#13134,1.);
#8153=VECTOR('',#13137,1.);
#8154=VECTOR('',#13140,1.);
#8155=VECTOR('',#13143,1.);
#8156=VECTOR('',#13146,1.);
#8157=VECTOR('',#13147,1.);
#8158=VECTOR('',#13150,1.);
#8159=VECTOR('',#13151,1.);
#8160=VECTOR('',#13154,1.);
#8161=VECTOR('',#13167,1.);
#8162=VECTOR('',#13168,1.);
#8163=VECTOR('',#13169,1.);
#8164=VECTOR('',#13172,1.);
#8165=VECTOR('',#13173,1.);
#8166=VECTOR('',#13176,1.);
#8167=VECTOR('',#13177,1.);
#8168=VECTOR('',#13180,1.);
#8169=VECTOR('',#13181,1.);
#8170=VECTOR('',#13184,1.);
#8171=VECTOR('',#13185,1.);
#8172=VECTOR('',#13188,1.);
#8173=VECTOR('',#13189,1.);
#8174=VECTOR('',#13192,1.);
#8175=VECTOR('',#13193,1.);
#8176=VECTOR('',#13196,1.);
#8177=VECTOR('',#13199,1.);
#8178=VECTOR('',#13200,1.);
#8179=VECTOR('',#13203,1.);
#8180=VECTOR('',#13208,1.);
#8181=VECTOR('',#13213,1.);
#8182=VECTOR('',#13214,1.);
#8183=VECTOR('',#13217,1.);
#8184=VECTOR('',#13218,1.);
#8185=VECTOR('',#13221,1.);
#8186=VECTOR('',#13222,1.);
#8187=VECTOR('',#13225,1.);
#8188=VECTOR('',#13230,1.);
#8189=VECTOR('',#13233,1.);
#8190=VECTOR('',#13234,1.);
#8191=VECTOR('',#13235,1.);
#8192=VECTOR('',#13236,1.);
#8193=VECTOR('',#13239,1.);
#8194=VECTOR('',#13244,1.);
#8195=VECTOR('',#13249,1.);
#8196=VECTOR('',#13254,1.);
#8197=VECTOR('',#13255,1.);
#8198=VECTOR('',#13258,1.);
#8199=VECTOR('',#13259,1.);
#8200=VECTOR('',#13262,1.);
#8201=VECTOR('',#13263,1.);
#8202=VECTOR('',#13266,1.);
#8203=VECTOR('',#13269,1.);
#8204=VECTOR('',#13272,1.);
#8205=VECTOR('',#13275,1.);
#8206=VECTOR('',#13280,1.);
#8207=VECTOR('',#13281,1.);
#8208=VECTOR('',#13282,1.);
#8209=VECTOR('',#13285,1.);
#8210=VECTOR('',#13286,1.);
#8211=VECTOR('',#13289,1.);
#8212=VECTOR('',#13290,1.);
#8213=VECTOR('',#13293,1.);
#8214=VECTOR('',#13294,1.);
#8215=VECTOR('',#13297,1.);
#8216=VECTOR('',#13298,1.);
#8217=VECTOR('',#13301,1.);
#8218=VECTOR('',#13302,1.);
#8219=VECTOR('',#13305,1.);
#8220=VECTOR('',#13306,1.);
#8221=VECTOR('',#13309,1.);
#8222=VECTOR('',#13310,1.);
#8223=VECTOR('',#13313,1.);
#8224=VECTOR('',#13314,1.);
#8225=VECTOR('',#13317,1.);
#8226=VECTOR('',#13318,1.);
#8227=VECTOR('',#13321,1.);
#8228=VECTOR('',#13322,1.);
#8229=VECTOR('',#13325,1.);
#8230=VECTOR('',#13326,1.);
#8231=VECTOR('',#13329,1.);
#8232=VECTOR('',#13334,1.);
#8233=VECTOR('',#13335,1.);
#8234=VECTOR('',#13336,1.);
#8235=VECTOR('',#13337,1.);
#8236=VECTOR('',#13340,1.);
#8237=VECTOR('',#13341,1.);
#8238=VECTOR('',#13342,1.);
#8239=VECTOR('',#13345,1.);
#8240=VECTOR('',#13346,1.);
#8241=VECTOR('',#13347,1.);
#8242=VECTOR('',#13350,1.);
#8243=VECTOR('',#13351,1.);
#8244=VECTOR('',#13354,1.);
#8245=VECTOR('',#13355,1.);
#8246=VECTOR('',#13358,1.);
#8247=VECTOR('',#13359,1.);
#8248=VECTOR('',#13362,1.);
#8249=VECTOR('',#13363,1.);
#8250=VECTOR('',#13366,1.);
#8251=VECTOR('',#13367,1.);
#8252=VECTOR('',#13370,1.);
#8253=VECTOR('',#13371,1.);
#8254=VECTOR('',#13374,1.);
#8255=VECTOR('',#13377,1.);
#8256=VECTOR('',#13378,1.);
#8257=VECTOR('',#13383,1.);
#8258=VECTOR('',#13384,1.);
#8259=VECTOR('',#13387,1.);
#8260=VECTOR('',#13388,1.);
#8261=VECTOR('',#13391,1.);
#8262=VECTOR('',#13396,1.);
#8263=VECTOR('',#13401,1.);
#8264=VECTOR('',#13406,1.);
#8265=VECTOR('',#13411,1.);
#8266=VECTOR('',#13416,1.);
#8267=VECTOR('',#13421,1.);
#8268=VECTOR('',#13422,1.);
#8269=VECTOR('',#13425,1.);
#8270=VECTOR('',#13428,1.);
#8271=VECTOR('',#13431,1.);
#8272=VECTOR('',#13436,1.);
#8273=VECTOR('',#13441,1.);
#8274=VECTOR('',#13446,1.);
#8275=VECTOR('',#13451,1.);
#8276=VECTOR('',#13456,1.);
#8277=VECTOR('',#13461,1.);
#8278=VECTOR('',#13466,1.);
#8279=VECTOR('',#13469,1.);
#8280=VECTOR('',#13472,1.);
#8281=VECTOR('',#13477,1.);
#8282=VECTOR('',#13478,1.);
#8283=VECTOR('',#13481,1.);
#8284=VECTOR('',#13486,1.);
#8285=VECTOR('',#13491,1.);
#8286=VECTOR('',#13496,1.);
#8287=VECTOR('',#13501,1.);
#8288=VECTOR('',#13506,1.);
#8289=VECTOR('',#13511,1.);
#8290=VECTOR('',#13512,1.);
#8291=VECTOR('',#13515,1.);
#8292=VECTOR('',#13520,1.);
#8293=VECTOR('',#13525,1.);
#8294=VECTOR('',#13530,1.);
#8295=VECTOR('',#13535,1.);
#8296=VECTOR('',#13540,1.);
#8297=VECTOR('',#13545,1.);
#8298=VECTOR('',#13546,1.);
#8299=VECTOR('',#13549,1.);
#8300=VECTOR('',#13554,1.);
#8301=VECTOR('',#13559,1.);
#8302=VECTOR('',#13564,1.);
#8303=VECTOR('',#13569,1.);
#8304=VECTOR('',#13574,1.);
#8305=VECTOR('',#13579,1.);
#8306=VECTOR('',#13584,1.);
#8307=VECTOR('',#13589,1.);
#8308=VECTOR('',#13594,1.);
#8309=VECTOR('',#13599,1.);
#8310=VECTOR('',#13604,1.);
#8311=VECTOR('',#13609,1.);
#8312=VECTOR('',#13610,1.);
#8313=VECTOR('',#13613,1.);
#8314=VECTOR('',#13616,1.);
#8315=VECTOR('',#13625,1.);
#8316=VECTOR('',#13626,1.);
#8317=VECTOR('',#13627,1.);
#8318=VECTOR('',#13630,1.);
#8319=VECTOR('',#13631,1.);
#8320=VECTOR('',#13634,1.);
#8321=VECTOR('',#13635,1.);
#8322=VECTOR('',#13638,1.);
#8323=VECTOR('',#13639,1.);
#8324=VECTOR('',#13642,1.);
#8325=VECTOR('',#13643,1.);
#8326=VECTOR('',#13646,1.);
#8327=VECTOR('',#13647,1.);
#8328=VECTOR('',#13650,1.);
#8329=VECTOR('',#13651,1.);
#8330=VECTOR('',#13654,1.);
#8331=VECTOR('',#13659,1.);
#8332=VECTOR('',#13660,1.);
#8333=VECTOR('',#13661,1.);
#8334=VECTOR('',#13664,1.);
#8335=VECTOR('',#13665,1.);
#8336=VECTOR('',#13668,1.);
#8337=VECTOR('',#13669,1.);
#8338=VECTOR('',#13672,1.);
#8339=VECTOR('',#13673,1.);
#8340=VECTOR('',#13676,1.);
#8341=VECTOR('',#13677,1.);
#8342=VECTOR('',#13680,1.);
#8343=VECTOR('',#13681,1.);
#8344=VECTOR('',#13684,1.);
#8345=VECTOR('',#13685,1.);
#8346=VECTOR('',#13688,1.);
#8347=VECTOR('',#13689,1.);
#8348=VECTOR('',#13692,1.);
#8349=VECTOR('',#13693,1.);
#8350=VECTOR('',#13696,1.);
#8351=VECTOR('',#13697,1.);
#8352=VECTOR('',#13700,1.);
#8353=VECTOR('',#13701,1.);
#8354=VECTOR('',#13704,1.);
#8355=VECTOR('',#13709,1.);
#8356=VECTOR('',#13710,1.);
#8357=VECTOR('',#13711,1.);
#8358=VECTOR('',#13714,1.);
#8359=VECTOR('',#13715,1.);
#8360=VECTOR('',#13718,1.);
#8361=VECTOR('',#13719,1.);
#8362=VECTOR('',#13722,1.);
#8363=VECTOR('',#13723,1.);
#8364=VECTOR('',#13726,1.);
#8365=VECTOR('',#13727,1.);
#8366=VECTOR('',#13730,1.);
#8367=VECTOR('',#13731,1.);
#8368=VECTOR('',#13734,1.);
#8369=VECTOR('',#13735,1.);
#8370=VECTOR('',#13738,1.);
#8371=VECTOR('',#13739,1.);
#8372=VECTOR('',#13742,1.);
#8373=VECTOR('',#13743,1.);
#8374=VECTOR('',#13746,1.);
#8375=VECTOR('',#13747,1.);
#8376=VECTOR('',#13750,1.);
#8377=VECTOR('',#13751,1.);
#8378=VECTOR('',#13754,1.);
#8379=VECTOR('',#13755,1.);
#8380=VECTOR('',#13758,1.);
#8381=VECTOR('',#13761,1.);
#8382=VECTOR('',#13762,1.);
#8383=VECTOR('',#13765,1.);
#8384=VECTOR('',#13766,1.);
#8385=VECTOR('',#13769,1.);
#8386=VECTOR('',#13774,1.);
#8387=VECTOR('',#13779,1.);
#8388=VECTOR('',#13784,1.);
#8389=VECTOR('',#13789,1.);
#8390=VECTOR('',#13794,1.);
#8391=VECTOR('',#13799,1.);
#8392=VECTOR('',#13800,1.);
#8393=VECTOR('',#13803,1.);
#8394=VECTOR('',#13806,1.);
#8395=VECTOR('',#13809,1.);
#8396=VECTOR('',#13814,1.);
#8397=VECTOR('',#13819,1.);
#8398=VECTOR('',#13824,1.);
#8399=VECTOR('',#13829,1.);
#8400=VECTOR('',#13834,1.);
#8401=VECTOR('',#13839,1.);
#8402=VECTOR('',#13844,1.);
#8403=VECTOR('',#13847,1.);
#8404=VECTOR('',#13850,1.);
#8405=VECTOR('',#13855,1.);
#8406=VECTOR('',#13856,1.);
#8407=VECTOR('',#13859,1.);
#8408=VECTOR('',#13864,1.);
#8409=VECTOR('',#13869,1.);
#8410=VECTOR('',#13874,1.);
#8411=VECTOR('',#13879,1.);
#8412=VECTOR('',#13884,1.);
#8413=VECTOR('',#13889,1.);
#8414=VECTOR('',#13890,1.);
#8415=VECTOR('',#13893,1.);
#8416=VECTOR('',#13898,1.);
#8417=VECTOR('',#13903,1.);
#8418=VECTOR('',#13908,1.);
#8419=VECTOR('',#13913,1.);
#8420=VECTOR('',#13918,1.);
#8421=VECTOR('',#13923,1.);
#8422=VECTOR('',#13924,1.);
#8423=VECTOR('',#13927,1.);
#8424=VECTOR('',#13932,1.);
#8425=VECTOR('',#13937,1.);
#8426=VECTOR('',#13942,1.);
#8427=VECTOR('',#13947,1.);
#8428=VECTOR('',#13952,1.);
#8429=VECTOR('',#13957,1.);
#8430=VECTOR('',#13962,1.);
#8431=VECTOR('',#13967,1.);
#8432=VECTOR('',#13972,1.);
#8433=VECTOR('',#13977,1.);
#8434=VECTOR('',#13982,1.);
#8435=VECTOR('',#13987,1.);
#8436=VECTOR('',#13988,1.);
#8437=VECTOR('',#13991,1.);
#8438=VECTOR('',#13994,1.);
#8439=VECTOR('',#14005,1.);
#8440=VECTOR('',#14008,1.);
#8441=VECTOR('',#14011,1.);
#8442=VECTOR('',#14012,1.);
#8443=VECTOR('',#14013,1.);
#8444=VECTOR('',#14018,1.);
#8445=VECTOR('',#14025,1.);
#8446=VECTOR('',#14032,1.);
#8447=VECTOR('',#14039,1.);
#8448=VECTOR('',#14046,1.);
#8449=VECTOR('',#14053,1.);
#8450=VECTOR('',#14060,1.);
#8451=VECTOR('',#14067,1.);
#8452=VECTOR('',#14074,1.);
#8453=VECTOR('',#14081,1.);
#8454=VECTOR('',#14088,1.);
#8455=VECTOR('',#14095,1.);
#8456=VECTOR('',#14100,1.);
#8457=VECTOR('',#14101,1.);
#8458=VECTOR('',#14102,1.);
#8459=VECTOR('',#14107,1.);
#8460=VECTOR('',#14114,1.);
#8461=VECTOR('',#14121,1.);
#8462=VECTOR('',#14128,1.);
#8463=VECTOR('',#14135,1.);
#8464=VECTOR('',#14142,1.);
#8465=VECTOR('',#14149,1.);
#8466=VECTOR('',#14156,1.);
#8467=VECTOR('',#14163,1.);
#8468=VECTOR('',#14170,1.);
#8469=VECTOR('',#14175,1.);
#8470=VECTOR('',#14178,1.);
#8471=VECTOR('',#14181,1.);
#8472=VECTOR('',#14182,1.);
#8473=VECTOR('',#14185,1.);
#8474=VECTOR('',#14188,1.);
#8475=VECTOR('',#14191,1.);
#8476=VECTOR('',#14196,1.);
#8477=VECTOR('',#14201,1.);
#8478=VECTOR('',#14206,1.);
#8479=VECTOR('',#14211,1.);
#8480=VECTOR('',#14216,1.);
#8481=VECTOR('',#14221,1.);
#8482=VECTOR('',#14226,1.);
#8483=VECTOR('',#14229,1.);
#8484=VECTOR('',#14232,1.);
#8485=VECTOR('',#14237,1.);
#8486=VECTOR('',#14238,1.);
#8487=VECTOR('',#14241,1.);
#8488=VECTOR('',#14244,1.);
#8489=VECTOR('',#14247,1.);
#8490=VECTOR('',#14252,1.);
#8491=VECTOR('',#14257,1.);
#8492=VECTOR('',#14262,1.);
#8493=VECTOR('',#14267,1.);
#8494=VECTOR('',#14272,1.);
#8495=VECTOR('',#14277,1.);
#8496=VECTOR('',#14282,1.);
#8497=VECTOR('',#14299,1.);
#8498=VECTOR('',#14300,1.);
#8499=VECTOR('',#14301,1.);
#8500=VECTOR('',#14302,1.);
#8501=VECTOR('',#14305,1.);
#8502=VECTOR('',#14306,1.);
#8503=VECTOR('',#14307,1.);
#8504=VECTOR('',#14310,1.);
#8505=VECTOR('',#14311,1.);
#8506=VECTOR('',#14312,1.);
#8507=VECTOR('',#14315,1.);
#8508=VECTOR('',#14316,1.);
#8509=VECTOR('',#14325,1.);
#8510=VECTOR('',#14326,1.);
#8511=VECTOR('',#14327,1.);
#8512=VECTOR('',#14328,1.);
#8513=VECTOR('',#14331,1.);
#8514=VECTOR('',#14332,1.);
#8515=VECTOR('',#14333,1.);
#8516=VECTOR('',#14336,1.);
#8517=VECTOR('',#14337,1.);
#8518=VECTOR('',#14338,1.);
#8519=VECTOR('',#14341,1.);
#8520=VECTOR('',#14342,1.);
#8521=VECTOR('',#14353,1.);
#8522=VECTOR('',#14354,1.);
#8523=VECTOR('',#14355,1.);
#8524=VECTOR('',#14356,1.);
#8525=VECTOR('',#14357,1.);
#8526=VECTOR('',#14358,1.);
#8527=VECTOR('',#14359,1.);
#8528=VECTOR('',#14360,1.);
#8529=VECTOR('',#14363,1.);
#8530=VECTOR('',#14364,1.);
#8531=VECTOR('',#14365,1.);
#8532=VECTOR('',#14368,1.);
#8533=VECTOR('',#14369,1.);
#8534=VECTOR('',#14372,1.);
#8535=VECTOR('',#14373,1.);
#8536=VECTOR('',#14374,1.);
#8537=VECTOR('',#14375,1.);
#8538=VECTOR('',#14376,1.);
#8539=VECTOR('',#14379,1.);
#8540=VECTOR('',#14390,1.);
#8541=VECTOR('',#14391,1.);
#8542=VECTOR('',#14394,1.);
#8543=VECTOR('',#14395,1.);
#8544=VECTOR('',#14398,1.);
#8545=EDGE_LOOP('',(#943,#944,#945,#946));
#8546=EDGE_LOOP('',(#947,#948,#949,#950));
#8547=EDGE_LOOP('',(#951,#952,#953,#954));
#8548=EDGE_LOOP('',(#955,#956,#957,#958));
#8549=EDGE_LOOP('',(#959,#960,#961,#962));
#8550=EDGE_LOOP('',(#963,#964,#965,#966));
#8551=EDGE_LOOP('',(#967,#968,#969,#970,#971,#972,#973,#974,#975,#976,#977,
#978,#979,#980,#981,#982,#983,#984,#985,#986,#987,#988,#989,#990,#991,#992));
#8552=EDGE_LOOP('',(#993,#994,#995,#996,#997,#998,#999,#1000,#1001,#1002,
#1003,#1004,#1005,#1006,#1007,#1008,#1009,#1010,#1011,#1012,#1013,#1014,
#1015,#1016,#1017,#1018,#1019,#1020,#1021,#1022,#1023,#1024,#1025,#1026,
#1027,#1028,#1029,#1030,#1031,#1032,#1033,#1034,#1035,#1036,#1037,#1038,
#1039,#1040,#1041,#1042,#1043,#1044));
#8553=EDGE_LOOP('',(#1045,#1046,#1047,#1048,#1049,#1050,#1051,#1052,#1053,
#1054,#1055,#1056,#1057));
#8554=EDGE_LOOP('',(#1058,#1059,#1060,#1061,#1062,#1063,#1064,#1065,#1066,
#1067,#1068,#1069));
#8555=EDGE_LOOP('',(#1070,#1071,#1072,#1073,#1074,#1075,#1076,#1077));
#8556=EDGE_LOOP('',(#1078,#1079,#1080,#1081,#1082,#1083,#1084,#1085,#1086,
#1087,#1088,#1089,#1090,#1091,#1092,#1093,#1094,#1095,#1096,#1097,#1098,
#1099,#1100,#1101,#1102,#1103,#1104,#1105,#1106,#1107,#1108,#1109,#1110,
#1111,#1112,#1113,#1114,#1115,#1116,#1117,#1118,#1119,#1120,#1121,#1122,
#1123,#1124,#1125,#1126,#1127,#1128,#1129));
#8557=EDGE_LOOP('',(#1130,#1131,#1132,#1133,#1134,#1135,#1136,#1137));
#8558=EDGE_LOOP('',(#1138,#1139,#1140,#1141,#1142,#1143,#1144,#1145,#1146,
#1147,#1148,#1149,#1150));
#8559=EDGE_LOOP('',(#1151,#1152,#1153,#1154,#1155,#1156,#1157,#1158,#1159,
#1160,#1161,#1162,#1163,#1164,#1165,#1166,#1167,#1168,#1169,#1170,#1171,
#1172,#1173));
#8560=EDGE_LOOP('',(#1174,#1175,#1176,#1177,#1178,#1179,#1180,#1181));
#8561=EDGE_LOOP('',(#1182,#1183,#1184,#1185,#1186,#1187,#1188,#1189,#1190,
#1191,#1192,#1193,#1194,#1195));
#8562=EDGE_LOOP('',(#1196,#1197,#1198,#1199,#1200,#1201,#1202,#1203,#1204,
#1205,#1206,#1207,#1208,#1209,#1210,#1211,#1212,#1213,#1214,#1215,#1216,
#1217,#1218,#1219,#1220,#1221));
#8563=EDGE_LOOP('',(#1222,#1223,#1224,#1225,#1226,#1227,#1228,#1229,#1230,
#1231,#1232,#1233,#1234,#1235,#1236));
#8564=EDGE_LOOP('',(#1237,#1238,#1239,#1240,#1241,#1242,#1243,#1244));
#8565=EDGE_LOOP('',(#1245,#1246,#1247,#1248,#1249,#1250,#1251,#1252));
#8566=EDGE_LOOP('',(#1253,#1254,#1255,#1256,#1257,#1258,#1259,#1260,#1261,
#1262,#1263,#1264,#1265,#1266,#1267,#1268,#1269,#1270,#1271,#1272,#1273,
#1274,#1275,#1276,#1277,#1278));
#8567=EDGE_LOOP('',(#1279,#1280,#1281,#1282,#1283,#1284,#1285,#1286,#1287,
#1288,#1289,#1290,#1291,#1292,#1293,#1294,#1295,#1296,#1297,#1298,#1299,
#1300));
#8568=EDGE_LOOP('',(#1301,#1302,#1303,#1304,#1305,#1306,#1307,#1308,#1309,
#1310,#1311,#1312,#1313,#1314,#1315,#1316,#1317));
#8569=EDGE_LOOP('',(#1318,#1319,#1320,#1321,#1322,#1323,#1324,#1325,#1326,
#1327,#1328,#1329,#1330,#1331,#1332,#1333,#1334));
#8570=EDGE_LOOP('',(#1335));
#8571=EDGE_LOOP('',(#1336,#1337,#1338,#1339));
#8572=EDGE_LOOP('',(#1340,#1341,#1342,#1343,#1344,#1345,#1346,#1347,#1348));
#8573=EDGE_LOOP('',(#1349,#1350,#1351,#1352,#1353,#1354,#1355,#1356,#1357));
#8574=EDGE_LOOP('',(#1358,#1359,#1360,#1361));
#8575=EDGE_LOOP('',(#1362,#1363,#1364,#1365));
#8576=EDGE_LOOP('',(#1366,#1367,#1368,#1369));
#8577=EDGE_LOOP('',(#1370,#1371,#1372,#1373,#1374));
#8578=EDGE_LOOP('',(#1375,#1376,#1377,#1378,#1379,#1380,#1381,#1382,#1383,
#1384,#1385,#1386,#1387,#1388,#1389,#1390,#1391));
#8579=EDGE_LOOP('',(#1392));
#8580=EDGE_LOOP('',(#1393,#1394,#1395,#1396));
#8581=EDGE_LOOP('',(#1397));
#8582=EDGE_LOOP('',(#1398,#1399,#1400,#1401,#1402,#1403));
#8583=EDGE_LOOP('',(#1404,#1405,#1406,#1407));
#8584=EDGE_LOOP('',(#1408,#1409,#1410,#1411,#1412,#1413,#1414,#1415,#1416,
#1417,#1418,#1419,#1420,#1421,#1422,#1423,#1424,#1425,#1426));
#8585=EDGE_LOOP('',(#1427,#1428,#1429,#1430));
#8586=EDGE_LOOP('',(#1431,#1432,#1433,#1434));
#8587=EDGE_LOOP('',(#1435,#1436,#1437,#1438));
#8588=EDGE_LOOP('',(#1439,#1440,#1441,#1442));
#8589=EDGE_LOOP('',(#1443));
#8590=EDGE_LOOP('',(#1444,#1445,#1446,#1447));
#8591=EDGE_LOOP('',(#1448,#1449,#1450,#1451));
#8592=EDGE_LOOP('',(#1452,#1453,#1454,#1455));
#8593=EDGE_LOOP('',(#1456,#1457,#1458,#1459));
#8594=EDGE_LOOP('',(#1460,#1461,#1462,#1463));
#8595=EDGE_LOOP('',(#1464,#1465,#1466,#1467,#1468));
#8596=EDGE_LOOP('',(#1469,#1470,#1471,#1472));
#8597=EDGE_LOOP('',(#1473,#1474,#1475,#1476));
#8598=EDGE_LOOP('',(#1477,#1478,#1479,#1480));
#8599=EDGE_LOOP('',(#1481));
#8600=EDGE_LOOP('',(#1482));
#8601=EDGE_LOOP('',(#1483,#1484,#1485,#1486));
#8602=EDGE_LOOP('',(#1487,#1488,#1489,#1490,#1491,#1492));
#8603=EDGE_LOOP('',(#1493,#1494,#1495,#1496));
#8604=EDGE_LOOP('',(#1497,#1498,#1499,#1500,#1501));
#8605=EDGE_LOOP('',(#1502,#1503,#1504,#1505));
#8606=EDGE_LOOP('',(#1506,#1507,#1508,#1509));
#8607=EDGE_LOOP('',(#1510,#1511,#1512,#1513));
#8608=EDGE_LOOP('',(#1514,#1515,#1516,#1517,#1518,#1519));
#8609=EDGE_LOOP('',(#1520,#1521,#1522,#1523,#1524,#1525));
#8610=EDGE_LOOP('',(#1526,#1527,#1528,#1529,#1530,#1531));
#8611=EDGE_LOOP('',(#1532,#1533,#1534,#1535,#1536,#1537));
#8612=EDGE_LOOP('',(#1538,#1539,#1540,#1541,#1542,#1543,#1544,#1545));
#8613=EDGE_LOOP('',(#1546,#1547,#1548,#1549,#1550));
#8614=EDGE_LOOP('',(#1551,#1552,#1553,#1554));
#8615=EDGE_LOOP('',(#1555,#1556,#1557,#1558,#1559));
#8616=EDGE_LOOP('',(#1560,#1561,#1562,#1563,#1564,#1565));
#8617=EDGE_LOOP('',(#1566,#1567,#1568,#1569,#1570,#1571));
#8618=EDGE_LOOP('',(#1572,#1573,#1574,#1575,#1576,#1577,#1578));
#8619=EDGE_LOOP('',(#1579,#1580,#1581,#1582,#1583,#1584));
#8620=EDGE_LOOP('',(#1585,#1586,#1587,#1588,#1589,#1590,#1591,#1592,#1593,
#1594,#1595,#1596));
#8621=EDGE_LOOP('',(#1597,#1598,#1599,#1600,#1601));
#8622=EDGE_LOOP('',(#1602,#1603,#1604,#1605,#1606));
#8623=EDGE_LOOP('',(#1607,#1608,#1609,#1610,#1611,#1612));
#8624=EDGE_LOOP('',(#1613,#1614,#1615,#1616,#1617,#1618));
#8625=EDGE_LOOP('',(#1619,#1620,#1621,#1622,#1623,#1624,#1625,#1626,#1627,
#1628,#1629,#1630));
#8626=EDGE_LOOP('',(#1631));
#8627=EDGE_LOOP('',(#1632));
#8628=EDGE_LOOP('',(#1633,#1634,#1635,#1636));
#8629=EDGE_LOOP('',(#1637,#1638,#1639,#1640));
#8630=EDGE_LOOP('',(#1641,#1642,#1643,#1644));
#8631=EDGE_LOOP('',(#1645,#1646,#1647,#1648));
#8632=EDGE_LOOP('',(#1649,#1650,#1651,#1652));
#8633=EDGE_LOOP('',(#1653,#1654,#1655,#1656));
#8634=EDGE_LOOP('',(#1657,#1658,#1659,#1660));
#8635=EDGE_LOOP('',(#1661,#1662,#1663,#1664));
#8636=EDGE_LOOP('',(#1665,#1666,#1667,#1668));
#8637=EDGE_LOOP('',(#1669,#1670,#1671,#1672));
#8638=EDGE_LOOP('',(#1673,#1674,#1675,#1676,#1677,#1678));
#8639=EDGE_LOOP('',(#1679,#1680,#1681,#1682));
#8640=EDGE_LOOP('',(#1683,#1684,#1685,#1686));
#8641=EDGE_LOOP('',(#1687,#1688,#1689,#1690));
#8642=EDGE_LOOP('',(#1691,#1692,#1693,#1694,#1695,#1696));
#8643=EDGE_LOOP('',(#1697,#1698,#1699,#1700));
#8644=EDGE_LOOP('',(#1701,#1702,#1703,#1704));
#8645=EDGE_LOOP('',(#1705,#1706,#1707,#1708));
#8646=EDGE_LOOP('',(#1709,#1710,#1711,#1712));
#8647=EDGE_LOOP('',(#1713,#1714,#1715,#1716));
#8648=EDGE_LOOP('',(#1717,#1718,#1719,#1720));
#8649=EDGE_LOOP('',(#1721,#1722,#1723,#1724));
#8650=EDGE_LOOP('',(#1725,#1726,#1727,#1728));
#8651=EDGE_LOOP('',(#1729,#1730,#1731,#1732));
#8652=EDGE_LOOP('',(#1733,#1734,#1735,#1736));
#8653=EDGE_LOOP('',(#1737,#1738,#1739,#1740));
#8654=EDGE_LOOP('',(#1741,#1742,#1743,#1744));
#8655=EDGE_LOOP('',(#1745,#1746,#1747,#1748));
#8656=EDGE_LOOP('',(#1749,#1750,#1751,#1752));
#8657=EDGE_LOOP('',(#1753,#1754,#1755,#1756));
#8658=EDGE_LOOP('',(#1757,#1758,#1759,#1760));
#8659=EDGE_LOOP('',(#1761,#1762,#1763,#1764));
#8660=EDGE_LOOP('',(#1765,#1766,#1767,#1768));
#8661=EDGE_LOOP('',(#1769,#1770,#1771,#1772));
#8662=EDGE_LOOP('',(#1773,#1774,#1775,#1776));
#8663=EDGE_LOOP('',(#1777,#1778,#1779,#1780));
#8664=EDGE_LOOP('',(#1781,#1782,#1783,#1784));
#8665=EDGE_LOOP('',(#1785,#1786,#1787,#1788));
#8666=EDGE_LOOP('',(#1789,#1790,#1791,#1792));
#8667=EDGE_LOOP('',(#1793,#1794,#1795,#1796));
#8668=EDGE_LOOP('',(#1797,#1798,#1799,#1800));
#8669=EDGE_LOOP('',(#1801,#1802,#1803,#1804));
#8670=EDGE_LOOP('',(#1805,#1806,#1807,#1808));
#8671=EDGE_LOOP('',(#1809,#1810,#1811,#1812));
#8672=EDGE_LOOP('',(#1813,#1814,#1815,#1816));
#8673=EDGE_LOOP('',(#1817,#1818,#1819,#1820));
#8674=EDGE_LOOP('',(#1821,#1822,#1823,#1824));
#8675=EDGE_LOOP('',(#1825,#1826,#1827,#1828,#1829,#1830,#1831,#1832,#1833,
#1834,#1835,#1836,#1837,#1838,#1839,#1840,#1841));
#8676=EDGE_LOOP('',(#1842,#1843,#1844,#1845,#1846,#1847,#1848,#1849,#1850,
#1851,#1852,#1853,#1854,#1855,#1856));
#8677=EDGE_LOOP('',(#1857,#1858,#1859,#1860,#1861,#1862,#1863,#1864,#1865,
#1866,#1867,#1868,#1869,#1870,#1871));
#8678=EDGE_LOOP('',(#1872,#1873,#1874,#1875));
#8679=EDGE_LOOP('',(#1876,#1877,#1878,#1879));
#8680=EDGE_LOOP('',(#1880,#1881,#1882,#1883));
#8681=EDGE_LOOP('',(#1884,#1885,#1886,#1887));
#8682=EDGE_LOOP('',(#1888,#1889,#1890,#1891));
#8683=EDGE_LOOP('',(#1892,#1893,#1894,#1895));
#8684=EDGE_LOOP('',(#1896,#1897,#1898,#1899));
#8685=EDGE_LOOP('',(#1900,#1901,#1902,#1903));
#8686=EDGE_LOOP('',(#1904,#1905,#1906,#1907));
#8687=EDGE_LOOP('',(#1908,#1909,#1910,#1911));
#8688=EDGE_LOOP('',(#1912,#1913,#1914,#1915));
#8689=EDGE_LOOP('',(#1916,#1917,#1918,#1919));
#8690=EDGE_LOOP('',(#1920,#1921,#1922,#1923));
#8691=EDGE_LOOP('',(#1924,#1925,#1926,#1927));
#8692=EDGE_LOOP('',(#1928,#1929,#1930,#1931));
#8693=EDGE_LOOP('',(#1932,#1933,#1934,#1935));
#8694=EDGE_LOOP('',(#1936,#1937,#1938,#1939));
#8695=EDGE_LOOP('',(#1940,#1941,#1942,#1943));
#8696=EDGE_LOOP('',(#1944,#1945,#1946,#1947));
#8697=EDGE_LOOP('',(#1948,#1949,#1950,#1951));
#8698=EDGE_LOOP('',(#1952,#1953,#1954,#1955));
#8699=EDGE_LOOP('',(#1956,#1957,#1958,#1959));
#8700=EDGE_LOOP('',(#1960,#1961,#1962,#1963));
#8701=EDGE_LOOP('',(#1964,#1965,#1966,#1967));
#8702=EDGE_LOOP('',(#1968,#1969,#1970,#1971,#1972,#1973,#1974,#1975,#1976,
#1977,#1978,#1979,#1980,#1981,#1982,#1983,#1984));
#8703=EDGE_LOOP('',(#1985,#1986,#1987,#1988,#1989,#1990,#1991));
#8704=EDGE_LOOP('',(#1992,#1993,#1994,#1995,#1996,#1997,#1998));
#8705=EDGE_LOOP('',(#1999,#2000,#2001,#2002));
#8706=EDGE_LOOP('',(#2003,#2004,#2005,#2006));
#8707=EDGE_LOOP('',(#2007,#2008,#2009,#2010));
#8708=EDGE_LOOP('',(#2011,#2012,#2013,#2014));
#8709=EDGE_LOOP('',(#2015,#2016,#2017,#2018));
#8710=EDGE_LOOP('',(#2019,#2020,#2021,#2022));
#8711=EDGE_LOOP('',(#2023,#2024,#2025,#2026));
#8712=EDGE_LOOP('',(#2027,#2028,#2029,#2030));
#8713=EDGE_LOOP('',(#2031,#2032,#2033,#2034));
#8714=EDGE_LOOP('',(#2035,#2036,#2037,#2038));
#8715=EDGE_LOOP('',(#2039,#2040,#2041,#2042));
#8716=EDGE_LOOP('',(#2043,#2044,#2045,#2046));
#8717=EDGE_LOOP('',(#2047,#2048,#2049,#2050));
#8718=EDGE_LOOP('',(#2051,#2052,#2053,#2054));
#8719=EDGE_LOOP('',(#2055,#2056,#2057,#2058));
#8720=EDGE_LOOP('',(#2059,#2060,#2061,#2062));
#8721=EDGE_LOOP('',(#2063,#2064,#2065,#2066));
#8722=EDGE_LOOP('',(#2067,#2068,#2069,#2070));
#8723=EDGE_LOOP('',(#2071,#2072,#2073,#2074));
#8724=EDGE_LOOP('',(#2075,#2076,#2077,#2078));
#8725=EDGE_LOOP('',(#2079,#2080,#2081,#2082));
#8726=EDGE_LOOP('',(#2083,#2084,#2085,#2086));
#8727=EDGE_LOOP('',(#2087,#2088,#2089,#2090,#2091,#2092,#2093,#2094,#2095,
#2096,#2097,#2098,#2099,#2100,#2101,#2102,#2103,#2104,#2105,#2106,#2107,
#2108));
#8728=EDGE_LOOP('',(#2109,#2110,#2111,#2112));
#8729=EDGE_LOOP('',(#2113,#2114,#2115,#2116));
#8730=EDGE_LOOP('',(#2117,#2118,#2119,#2120));
#8731=EDGE_LOOP('',(#2121,#2122,#2123,#2124));
#8732=EDGE_LOOP('',(#2125,#2126,#2127,#2128));
#8733=EDGE_LOOP('',(#2129,#2130,#2131,#2132));
#8734=EDGE_LOOP('',(#2133,#2134,#2135,#2136));
#8735=EDGE_LOOP('',(#2137,#2138,#2139,#2140));
#8736=EDGE_LOOP('',(#2141,#2142,#2143,#2144));
#8737=EDGE_LOOP('',(#2145,#2146,#2147,#2148));
#8738=EDGE_LOOP('',(#2149,#2150,#2151,#2152));
#8739=EDGE_LOOP('',(#2153,#2154,#2155,#2156));
#8740=EDGE_LOOP('',(#2157,#2158,#2159,#2160));
#8741=EDGE_LOOP('',(#2161,#2162,#2163,#2164));
#8742=EDGE_LOOP('',(#2165,#2166,#2167,#2168));
#8743=EDGE_LOOP('',(#2169,#2170,#2171,#2172));
#8744=EDGE_LOOP('',(#2173,#2174,#2175,#2176));
#8745=EDGE_LOOP('',(#2177,#2178,#2179,#2180));
#8746=EDGE_LOOP('',(#2181,#2182,#2183,#2184));
#8747=EDGE_LOOP('',(#2185,#2186,#2187,#2188));
#8748=EDGE_LOOP('',(#2189,#2190,#2191,#2192));
#8749=EDGE_LOOP('',(#2193,#2194,#2195,#2196));
#8750=EDGE_LOOP('',(#2197,#2198,#2199,#2200));
#8751=EDGE_LOOP('',(#2201,#2202,#2203,#2204));
#8752=EDGE_LOOP('',(#2205,#2206,#2207,#2208));
#8753=EDGE_LOOP('',(#2209,#2210,#2211,#2212));
#8754=EDGE_LOOP('',(#2213,#2214,#2215,#2216,#2217,#2218,#2219,#2220,#2221,
#2222,#2223,#2224,#2225,#2226,#2227,#2228,#2229,#2230,#2231,#2232,#2233,
#2234,#2235,#2236,#2237,#2238));
#8755=EDGE_LOOP('',(#2239,#2240,#2241,#2242));
#8756=EDGE_LOOP('',(#2243,#2244,#2245,#2246));
#8757=EDGE_LOOP('',(#2247,#2248,#2249,#2250));
#8758=EDGE_LOOP('',(#2251,#2252,#2253,#2254));
#8759=EDGE_LOOP('',(#2255,#2256,#2257,#2258));
#8760=EDGE_LOOP('',(#2259,#2260,#2261,#2262));
#8761=EDGE_LOOP('',(#2263,#2264,#2265,#2266));
#8762=EDGE_LOOP('',(#2267,#2268,#2269,#2270));
#8763=EDGE_LOOP('',(#2271,#2272,#2273,#2274,#2275,#2276,#2277,#2278));
#8764=EDGE_LOOP('',(#2279,#2280,#2281,#2282));
#8765=EDGE_LOOP('',(#2283,#2284,#2285,#2286));
#8766=EDGE_LOOP('',(#2287,#2288,#2289,#2290));
#8767=EDGE_LOOP('',(#2291,#2292,#2293,#2294));
#8768=EDGE_LOOP('',(#2295,#2296,#2297,#2298));
#8769=EDGE_LOOP('',(#2299,#2300,#2301,#2302));
#8770=EDGE_LOOP('',(#2303,#2304,#2305,#2306));
#8771=EDGE_LOOP('',(#2307,#2308,#2309,#2310));
#8772=EDGE_LOOP('',(#2311,#2312,#2313,#2314,#2315,#2316,#2317,#2318));
#8773=EDGE_LOOP('',(#2319,#2320,#2321,#2322));
#8774=EDGE_LOOP('',(#2323,#2324,#2325,#2326));
#8775=EDGE_LOOP('',(#2327,#2328,#2329,#2330));
#8776=EDGE_LOOP('',(#2331,#2332,#2333,#2334));
#8777=EDGE_LOOP('',(#2335,#2336,#2337,#2338));
#8778=EDGE_LOOP('',(#2339,#2340,#2341,#2342));
#8779=EDGE_LOOP('',(#2343,#2344,#2345,#2346));
#8780=EDGE_LOOP('',(#2347,#2348,#2349,#2350));
#8781=EDGE_LOOP('',(#2351,#2352,#2353,#2354));
#8782=EDGE_LOOP('',(#2355,#2356,#2357,#2358));
#8783=EDGE_LOOP('',(#2359,#2360,#2361,#2362));
#8784=EDGE_LOOP('',(#2363,#2364,#2365,#2366));
#8785=EDGE_LOOP('',(#2367,#2368,#2369,#2370));
#8786=EDGE_LOOP('',(#2371,#2372,#2373,#2374));
#8787=EDGE_LOOP('',(#2375,#2376,#2377,#2378));
#8788=EDGE_LOOP('',(#2379,#2380,#2381,#2382));
#8789=EDGE_LOOP('',(#2383,#2384,#2385,#2386));
#8790=EDGE_LOOP('',(#2387,#2388,#2389,#2390));
#8791=EDGE_LOOP('',(#2391,#2392,#2393,#2394));
#8792=EDGE_LOOP('',(#2395,#2396,#2397,#2398));
#8793=EDGE_LOOP('',(#2399,#2400,#2401,#2402));
#8794=EDGE_LOOP('',(#2403,#2404,#2405,#2406));
#8795=EDGE_LOOP('',(#2407,#2408,#2409,#2410));
#8796=EDGE_LOOP('',(#2411,#2412,#2413,#2414));
#8797=EDGE_LOOP('',(#2415,#2416,#2417,#2418,#2419,#2420,#2421,#2422,#2423));
#8798=EDGE_LOOP('',(#2424,#2425,#2426,#2427,#2428,#2429,#2430,#2431,#2432,
#2433,#2434,#2435,#2436,#2437,#2438));
#8799=EDGE_LOOP('',(#2439,#2440,#2441,#2442,#2443,#2444,#2445,#2446,#2447));
#8800=EDGE_LOOP('',(#2448,#2449,#2450,#2451));
#8801=EDGE_LOOP('',(#2452,#2453,#2454,#2455));
#8802=EDGE_LOOP('',(#2456,#2457,#2458,#2459));
#8803=EDGE_LOOP('',(#2460,#2461,#2462,#2463));
#8804=EDGE_LOOP('',(#2464,#2465,#2466,#2467));
#8805=EDGE_LOOP('',(#2468,#2469,#2470,#2471));
#8806=EDGE_LOOP('',(#2472,#2473,#2474,#2475));
#8807=EDGE_LOOP('',(#2476,#2477,#2478,#2479));
#8808=EDGE_LOOP('',(#2480,#2481,#2482,#2483));
#8809=EDGE_LOOP('',(#2484,#2485,#2486,#2487));
#8810=EDGE_LOOP('',(#2488,#2489,#2490,#2491));
#8811=EDGE_LOOP('',(#2492,#2493,#2494,#2495));
#8812=EDGE_LOOP('',(#2496,#2497,#2498,#2499));
#8813=EDGE_LOOP('',(#2500,#2501,#2502,#2503));
#8814=EDGE_LOOP('',(#2504,#2505,#2506,#2507));
#8815=EDGE_LOOP('',(#2508,#2509,#2510,#2511));
#8816=EDGE_LOOP('',(#2512,#2513,#2514,#2515));
#8817=EDGE_LOOP('',(#2516,#2517,#2518,#2519));
#8818=EDGE_LOOP('',(#2520,#2521,#2522,#2523));
#8819=EDGE_LOOP('',(#2524,#2525,#2526,#2527));
#8820=EDGE_LOOP('',(#2528,#2529,#2530,#2531));
#8821=EDGE_LOOP('',(#2532,#2533,#2534,#2535));
#8822=EDGE_LOOP('',(#2536,#2537,#2538,#2539));
#8823=EDGE_LOOP('',(#2540,#2541,#2542,#2543));
#8824=EDGE_LOOP('',(#2544,#2545,#2546,#2547));
#8825=EDGE_LOOP('',(#2548,#2549,#2550,#2551));
#8826=EDGE_LOOP('',(#2552,#2553,#2554,#2555,#2556,#2557,#2558,#2559,#2560,
#2561,#2562,#2563,#2564,#2565,#2566,#2567,#2568,#2569,#2570,#2571,#2572,
#2573,#2574,#2575,#2576,#2577));
#8827=EDGE_LOOP('',(#2578,#2579,#2580,#2581));
#8828=EDGE_LOOP('',(#2582,#2583,#2584,#2585));
#8829=EDGE_LOOP('',(#2586,#2587,#2588,#2589));
#8830=EDGE_LOOP('',(#2590,#2591,#2592,#2593));
#8831=EDGE_LOOP('',(#2594,#2595,#2596,#2597));
#8832=EDGE_LOOP('',(#2598,#2599,#2600,#2601));
#8833=EDGE_LOOP('',(#2602,#2603,#2604,#2605));
#8834=EDGE_LOOP('',(#2606,#2607,#2608,#2609));
#8835=EDGE_LOOP('',(#2610,#2611,#2612,#2613));
#8836=EDGE_LOOP('',(#2614,#2615,#2616,#2617));
#8837=EDGE_LOOP('',(#2618,#2619,#2620,#2621));
#8838=EDGE_LOOP('',(#2622,#2623,#2624,#2625));
#8839=EDGE_LOOP('',(#2626,#2627,#2628,#2629));
#8840=EDGE_LOOP('',(#2630,#2631,#2632,#2633));
#8841=EDGE_LOOP('',(#2634,#2635,#2636,#2637));
#8842=EDGE_LOOP('',(#2638,#2639,#2640,#2641));
#8843=EDGE_LOOP('',(#2642,#2643,#2644,#2645));
#8844=EDGE_LOOP('',(#2646,#2647,#2648,#2649));
#8845=EDGE_LOOP('',(#2650,#2651,#2652,#2653));
#8846=EDGE_LOOP('',(#2654,#2655,#2656,#2657));
#8847=EDGE_LOOP('',(#2658,#2659,#2660,#2661));
#8848=EDGE_LOOP('',(#2662,#2663,#2664,#2665));
#8849=EDGE_LOOP('',(#2666,#2667,#2668,#2669));
#8850=EDGE_LOOP('',(#2670,#2671,#2672,#2673,#2674,#2675,#2676,#2677,#2678,
#2679,#2680,#2681,#2682,#2683));
#8851=EDGE_LOOP('',(#2684,#2685,#2686,#2687,#2688,#2689,#2690,#2691,#2692));
#8852=EDGE_LOOP('',(#2693,#2694,#2695,#2696,#2697,#2698,#2699,#2700,#2701));
#8853=EDGE_LOOP('',(#2702,#2703,#2704,#2705));
#8854=EDGE_LOOP('',(#2706,#2707,#2708,#2709));
#8855=EDGE_LOOP('',(#2710,#2711,#2712,#2713));
#8856=EDGE_LOOP('',(#2714,#2715,#2716,#2717));
#8857=EDGE_LOOP('',(#2718,#2719,#2720,#2721));
#8858=EDGE_LOOP('',(#2722,#2723,#2724,#2725));
#8859=EDGE_LOOP('',(#2726,#2727,#2728,#2729));
#8860=EDGE_LOOP('',(#2730,#2731,#2732,#2733));
#8861=EDGE_LOOP('',(#2734,#2735,#2736,#2737,#2738,#2739,#2740,#2741));
#8862=EDGE_LOOP('',(#2742,#2743,#2744,#2745));
#8863=EDGE_LOOP('',(#2746,#2747,#2748,#2749));
#8864=EDGE_LOOP('',(#2750,#2751,#2752,#2753));
#8865=EDGE_LOOP('',(#2754,#2755,#2756,#2757));
#8866=EDGE_LOOP('',(#2758,#2759,#2760,#2761));
#8867=EDGE_LOOP('',(#2762,#2763,#2764,#2765));
#8868=EDGE_LOOP('',(#2766,#2767,#2768,#2769));
#8869=EDGE_LOOP('',(#2770,#2771,#2772,#2773));
#8870=EDGE_LOOP('',(#2774,#2775,#2776,#2777));
#8871=EDGE_LOOP('',(#2778,#2779,#2780,#2781));
#8872=EDGE_LOOP('',(#2782,#2783,#2784,#2785));
#8873=EDGE_LOOP('',(#2786,#2787,#2788,#2789));
#8874=EDGE_LOOP('',(#2790,#2791,#2792,#2793));
#8875=EDGE_LOOP('',(#2794,#2795,#2796,#2797));
#8876=EDGE_LOOP('',(#2798,#2799,#2800,#2801));
#8877=EDGE_LOOP('',(#2802,#2803,#2804,#2805));
#8878=EDGE_LOOP('',(#2806,#2807,#2808,#2809));
#8879=EDGE_LOOP('',(#2810,#2811,#2812,#2813));
#8880=EDGE_LOOP('',(#2814,#2815,#2816,#2817));
#8881=EDGE_LOOP('',(#2818,#2819,#2820,#2821));
#8882=EDGE_LOOP('',(#2822,#2823,#2824,#2825));
#8883=EDGE_LOOP('',(#2826,#2827,#2828,#2829));
#8884=EDGE_LOOP('',(#2830,#2831,#2832,#2833));
#8885=EDGE_LOOP('',(#2834,#2835,#2836,#2837,#2838,#2839,#2840,#2841,#2842,
#2843,#2844,#2845,#2846,#2847,#2848,#2849,#2850,#2851,#2852,#2853,#2854,
#2855,#2856));
#8886=EDGE_LOOP('',(#2857,#2858,#2859,#2860));
#8887=EDGE_LOOP('',(#2861,#2862,#2863,#2864));
#8888=EDGE_LOOP('',(#2865,#2866,#2867,#2868));
#8889=EDGE_LOOP('',(#2869,#2870,#2871,#2872));
#8890=EDGE_LOOP('',(#2873,#2874,#2875,#2876));
#8891=EDGE_LOOP('',(#2877,#2878,#2879,#2880));
#8892=EDGE_LOOP('',(#2881,#2882,#2883,#2884));
#8893=EDGE_LOOP('',(#2885,#2886,#2887,#2888));
#8894=EDGE_LOOP('',(#2889,#2890,#2891,#2892));
#8895=EDGE_LOOP('',(#2893,#2894,#2895,#2896));
#8896=EDGE_LOOP('',(#2897,#2898,#2899,#2900));
#8897=EDGE_LOOP('',(#2901,#2902,#2903,#2904));
#8898=EDGE_LOOP('',(#2905,#2906,#2907,#2908));
#8899=EDGE_LOOP('',(#2909,#2910,#2911,#2912,#2913,#2914,#2915,#2916,#2917,
#2918,#2919,#2920,#2921));
#8900=EDGE_LOOP('',(#2922,#2923,#2924,#2925));
#8901=EDGE_LOOP('',(#2926,#2927,#2928,#2929));
#8902=EDGE_LOOP('',(#2930,#2931,#2932,#2933));
#8903=EDGE_LOOP('',(#2934,#2935,#2936,#2937));
#8904=EDGE_LOOP('',(#2938,#2939,#2940,#2941));
#8905=EDGE_LOOP('',(#2942,#2943,#2944,#2945));
#8906=EDGE_LOOP('',(#2946,#2947,#2948,#2949));
#8907=EDGE_LOOP('',(#2950,#2951,#2952,#2953));
#8908=EDGE_LOOP('',(#2954,#2955,#2956,#2957));
#8909=EDGE_LOOP('',(#2958,#2959,#2960,#2961));
#8910=EDGE_LOOP('',(#2962,#2963,#2964,#2965));
#8911=EDGE_LOOP('',(#2966,#2967,#2968,#2969,#2970,#2971,#2972,#2973));
#8912=EDGE_LOOP('',(#2974,#2975,#2976));
#8913=EDGE_LOOP('',(#2977,#2978,#2979));
#8914=EDGE_LOOP('',(#2980,#2981,#2982,#2983));
#8915=EDGE_LOOP('',(#2984,#2985,#2986,#2987));
#8916=EDGE_LOOP('',(#2988,#2989,#2990,#2991));
#8917=EDGE_LOOP('',(#2992,#2993,#2994,#2995));
#8918=EDGE_LOOP('',(#2996,#2997,#2998,#2999));
#8919=EDGE_LOOP('',(#3000,#3001,#3002,#3003));
#8920=EDGE_LOOP('',(#3004,#3005,#3006,#3007));
#8921=EDGE_LOOP('',(#3008,#3009,#3010,#3011));
#8922=EDGE_LOOP('',(#3012,#3013,#3014,#3015));
#8923=EDGE_LOOP('',(#3016,#3017,#3018,#3019));
#8924=EDGE_LOOP('',(#3020,#3021,#3022,#3023));
#8925=EDGE_LOOP('',(#3024,#3025,#3026,#3027));
#8926=EDGE_LOOP('',(#3028,#3029,#3030,#3031));
#8927=EDGE_LOOP('',(#3032,#3033,#3034,#3035));
#8928=EDGE_LOOP('',(#3036,#3037,#3038,#3039));
#8929=EDGE_LOOP('',(#3040,#3041,#3042,#3043));
#8930=EDGE_LOOP('',(#3044,#3045,#3046,#3047));
#8931=EDGE_LOOP('',(#3048,#3049,#3050,#3051));
#8932=EDGE_LOOP('',(#3052,#3053,#3054,#3055));
#8933=EDGE_LOOP('',(#3056,#3057,#3058,#3059));
#8934=EDGE_LOOP('',(#3060,#3061,#3062,#3063));
#8935=EDGE_LOOP('',(#3064,#3065,#3066,#3067));
#8936=EDGE_LOOP('',(#3068,#3069,#3070,#3071));
#8937=EDGE_LOOP('',(#3072,#3073,#3074,#3075));
#8938=EDGE_LOOP('',(#3076,#3077,#3078,#3079));
#8939=EDGE_LOOP('',(#3080,#3081,#3082,#3083));
#8940=EDGE_LOOP('',(#3084,#3085,#3086,#3087));
#8941=EDGE_LOOP('',(#3088,#3089,#3090,#3091));
#8942=EDGE_LOOP('',(#3092,#3093,#3094,#3095));
#8943=EDGE_LOOP('',(#3096,#3097,#3098,#3099));
#8944=EDGE_LOOP('',(#3100,#3101,#3102,#3103));
#8945=EDGE_LOOP('',(#3104,#3105,#3106,#3107));
#8946=EDGE_LOOP('',(#3108,#3109,#3110,#3111));
#8947=EDGE_LOOP('',(#3112,#3113,#3114,#3115));
#8948=EDGE_LOOP('',(#3116,#3117,#3118,#3119));
#8949=EDGE_LOOP('',(#3120,#3121,#3122,#3123));
#8950=EDGE_LOOP('',(#3124,#3125,#3126,#3127));
#8951=EDGE_LOOP('',(#3128,#3129,#3130,#3131));
#8952=EDGE_LOOP('',(#3132,#3133,#3134,#3135));
#8953=EDGE_LOOP('',(#3136,#3137,#3138,#3139));
#8954=EDGE_LOOP('',(#3140,#3141,#3142,#3143));
#8955=EDGE_LOOP('',(#3144,#3145,#3146,#3147));
#8956=EDGE_LOOP('',(#3148,#3149,#3150,#3151));
#8957=EDGE_LOOP('',(#3152,#3153,#3154,#3155));
#8958=EDGE_LOOP('',(#3156,#3157,#3158,#3159));
#8959=EDGE_LOOP('',(#3160,#3161,#3162,#3163));
#8960=EDGE_LOOP('',(#3164,#3165,#3166,#3167));
#8961=EDGE_LOOP('',(#3168,#3169,#3170,#3171));
#8962=EDGE_LOOP('',(#3172,#3173,#3174,#3175));
#8963=EDGE_LOOP('',(#3176,#3177,#3178,#3179));
#8964=EDGE_LOOP('',(#3180,#3181,#3182,#3183));
#8965=EDGE_LOOP('',(#3184,#3185,#3186,#3187));
#8966=EDGE_LOOP('',(#3188,#3189,#3190,#3191,#3192,#3193,#3194,#3195,#3196,
#3197,#3198,#3199,#3200,#3201,#3202,#3203,#3204,#3205,#3206,#3207,#3208,
#3209,#3210,#3211,#3212,#3213,#3214,#3215,#3216,#3217,#3218,#3219,#3220,
#3221,#3222,#3223,#3224,#3225,#3226,#3227,#3228,#3229,#3230,#3231,#3232,
#3233,#3234,#3235,#3236,#3237,#3238,#3239));
#8967=EDGE_LOOP('',(#3240,#3241,#3242,#3243));
#8968=EDGE_LOOP('',(#3244,#3245,#3246,#3247));
#8969=EDGE_LOOP('',(#3248,#3249,#3250,#3251));
#8970=EDGE_LOOP('',(#3252,#3253,#3254,#3255));
#8971=EDGE_LOOP('',(#3256,#3257,#3258,#3259));
#8972=EDGE_LOOP('',(#3260,#3261,#3262,#3263));
#8973=EDGE_LOOP('',(#3264,#3265,#3266,#3267));
#8974=EDGE_LOOP('',(#3268,#3269,#3270,#3271));
#8975=EDGE_LOOP('',(#3272,#3273,#3274,#3275,#3276,#3277,#3278,#3279));
#8976=EDGE_LOOP('',(#3280,#3281,#3282,#3283));
#8977=EDGE_LOOP('',(#3284,#3285,#3286,#3287));
#8978=EDGE_LOOP('',(#3288,#3289,#3290,#3291));
#8979=EDGE_LOOP('',(#3292,#3293,#3294,#3295));
#8980=EDGE_LOOP('',(#3296,#3297,#3298,#3299));
#8981=EDGE_LOOP('',(#3300,#3301,#3302,#3303));
#8982=EDGE_LOOP('',(#3304,#3305,#3306,#3307));
#8983=EDGE_LOOP('',(#3308,#3309,#3310,#3311));
#8984=EDGE_LOOP('',(#3312,#3313,#3314,#3315));
#8985=EDGE_LOOP('',(#3316,#3317,#3318,#3319));
#8986=EDGE_LOOP('',(#3320,#3321,#3322,#3323));
#8987=EDGE_LOOP('',(#3324,#3325,#3326,#3327));
#8988=EDGE_LOOP('',(#3328,#3329,#3330,#3331,#3332,#3333,#3334,#3335,#3336,
#3337,#3338,#3339));
#8989=EDGE_LOOP('',(#3340,#3341,#3342,#3343));
#8990=EDGE_LOOP('',(#3344,#3345,#3346,#3347));
#8991=EDGE_LOOP('',(#3348,#3349,#3350,#3351));
#8992=EDGE_LOOP('',(#3352,#3353,#3354,#3355));
#8993=EDGE_LOOP('',(#3356,#3357,#3358,#3359));
#8994=EDGE_LOOP('',(#3360,#3361,#3362,#3363));
#8995=EDGE_LOOP('',(#3364,#3365,#3366,#3367));
#8996=EDGE_LOOP('',(#3368,#3369,#3370,#3371));
#8997=EDGE_LOOP('',(#3372,#3373,#3374,#3375));
#8998=EDGE_LOOP('',(#3376,#3377,#3378,#3379));
#8999=EDGE_LOOP('',(#3380,#3381,#3382,#3383));
#9000=EDGE_LOOP('',(#3384,#3385,#3386,#3387));
#9001=EDGE_LOOP('',(#3388,#3389,#3390,#3391));
#9002=EDGE_LOOP('',(#3392,#3393,#3394,#3395,#3396,#3397,#3398,#3399,#3400,
#3401,#3402,#3403,#3404));
#9003=EDGE_LOOP('',(#3405,#3406,#3407,#3408));
#9004=EDGE_LOOP('',(#3409,#3410,#3411,#3412));
#9005=EDGE_LOOP('',(#3413,#3414,#3415,#3416));
#9006=EDGE_LOOP('',(#3417,#3418,#3419,#3420));
#9007=EDGE_LOOP('',(#3421,#3422,#3423,#3424));
#9008=EDGE_LOOP('',(#3425,#3426,#3427,#3428));
#9009=EDGE_LOOP('',(#3429,#3430,#3431,#3432));
#9010=EDGE_LOOP('',(#3433,#3434,#3435,#3436));
#9011=EDGE_LOOP('',(#3437,#3438,#3439,#3440));
#9012=EDGE_LOOP('',(#3441,#3442,#3443,#3444));
#9013=EDGE_LOOP('',(#3445,#3446,#3447,#3448));
#9014=EDGE_LOOP('',(#3449,#3450,#3451,#3452));
#9015=EDGE_LOOP('',(#3453,#3454,#3455,#3456));
#9016=EDGE_LOOP('',(#3457,#3458,#3459,#3460));
#9017=EDGE_LOOP('',(#3461,#3462,#3463,#3464));
#9018=EDGE_LOOP('',(#3465,#3466,#3467,#3468));
#9019=EDGE_LOOP('',(#3469,#3470,#3471,#3472));
#9020=EDGE_LOOP('',(#3473,#3474,#3475,#3476));
#9021=EDGE_LOOP('',(#3477,#3478,#3479,#3480));
#9022=EDGE_LOOP('',(#3481,#3482,#3483,#3484));
#9023=EDGE_LOOP('',(#3485,#3486,#3487,#3488));
#9024=EDGE_LOOP('',(#3489,#3490,#3491,#3492));
#9025=EDGE_LOOP('',(#3493,#3494,#3495,#3496));
#9026=EDGE_LOOP('',(#3497,#3498,#3499,#3500));
#9027=EDGE_LOOP('',(#3501,#3502,#3503,#3504));
#9028=EDGE_LOOP('',(#3505,#3506,#3507,#3508));
#9029=EDGE_LOOP('',(#3509,#3510,#3511,#3512));
#9030=EDGE_LOOP('',(#3513,#3514,#3515,#3516));
#9031=EDGE_LOOP('',(#3517,#3518,#3519,#3520));
#9032=EDGE_LOOP('',(#3521,#3522,#3523,#3524));
#9033=EDGE_LOOP('',(#3525,#3526,#3527,#3528));
#9034=EDGE_LOOP('',(#3529,#3530,#3531,#3532));
#9035=EDGE_LOOP('',(#3533,#3534,#3535,#3536));
#9036=EDGE_LOOP('',(#3537,#3538,#3539,#3540));
#9037=EDGE_LOOP('',(#3541,#3542,#3543,#3544));
#9038=EDGE_LOOP('',(#3545,#3546,#3547,#3548));
#9039=EDGE_LOOP('',(#3549,#3550,#3551,#3552));
#9040=EDGE_LOOP('',(#3553,#3554,#3555,#3556));
#9041=EDGE_LOOP('',(#3557,#3558,#3559,#3560));
#9042=EDGE_LOOP('',(#3561,#3562,#3563,#3564));
#9043=EDGE_LOOP('',(#3565,#3566,#3567,#3568));
#9044=EDGE_LOOP('',(#3569,#3570,#3571,#3572));
#9045=EDGE_LOOP('',(#3573,#3574,#3575,#3576));
#9046=EDGE_LOOP('',(#3577,#3578,#3579,#3580));
#9047=EDGE_LOOP('',(#3581,#3582,#3583,#3584));
#9048=EDGE_LOOP('',(#3585,#3586,#3587,#3588));
#9049=EDGE_LOOP('',(#3589,#3590,#3591,#3592));
#9050=EDGE_LOOP('',(#3593,#3594,#3595,#3596));
#9051=EDGE_LOOP('',(#3597,#3598,#3599,#3600));
#9052=EDGE_LOOP('',(#3601,#3602,#3603,#3604));
#9053=EDGE_LOOP('',(#3605,#3606,#3607,#3608));
#9054=EDGE_LOOP('',(#3609,#3610,#3611,#3612));
#9055=EDGE_LOOP('',(#3613,#3614,#3615,#3616,#3617,#3618,#3619,#3620,#3621,
#3622,#3623,#3624,#3625,#3626,#3627,#3628,#3629,#3630,#3631,#3632,#3633,
#3634,#3635,#3636,#3637,#3638,#3639,#3640,#3641,#3642,#3643,#3644,#3645,
#3646,#3647,#3648,#3649,#3650,#3651,#3652,#3653,#3654,#3655,#3656,#3657,
#3658,#3659,#3660,#3661,#3662,#3663,#3664));
#9056=EDGE_LOOP('',(#3665,#3666,#3667,#3668));
#9057=EDGE_LOOP('',(#3669,#3670,#3671,#3672));
#9058=EDGE_LOOP('',(#3673,#3674,#3675,#3676));
#9059=EDGE_LOOP('',(#3677,#3678,#3679,#3680));
#9060=EDGE_LOOP('',(#3681,#3682,#3683,#3684));
#9061=EDGE_LOOP('',(#3685,#3686,#3687,#3688));
#9062=EDGE_LOOP('',(#3689,#3690,#3691,#3692));
#9063=EDGE_LOOP('',(#3693,#3694,#3695,#3696));
#9064=EDGE_LOOP('',(#3697,#3698,#3699,#3700));
#9065=EDGE_LOOP('',(#3701,#3702,#3703,#3704));
#9066=EDGE_LOOP('',(#3705,#3706,#3707,#3708));
#9067=EDGE_LOOP('',(#3709,#3710,#3711,#3712));
#9068=EDGE_LOOP('',(#3713,#3714,#3715,#3716));
#9069=EDGE_LOOP('',(#3717,#3718,#3719,#3720));
#9070=EDGE_LOOP('',(#3721,#3722,#3723,#3724));
#9071=EDGE_LOOP('',(#3725,#3726,#3727,#3728));
#9072=EDGE_LOOP('',(#3729,#3730,#3731,#3732));
#9073=EDGE_LOOP('',(#3733,#3734,#3735,#3736));
#9074=EDGE_LOOP('',(#3737,#3738,#3739,#3740));
#9075=EDGE_LOOP('',(#3741,#3742,#3743,#3744));
#9076=EDGE_LOOP('',(#3745,#3746,#3747,#3748));
#9077=EDGE_LOOP('',(#3749,#3750,#3751,#3752));
#9078=EDGE_LOOP('',(#3753,#3754,#3755,#3756));
#9079=EDGE_LOOP('',(#3757,#3758,#3759,#3760));
#9080=EDGE_LOOP('',(#3761,#3762,#3763,#3764));
#9081=EDGE_LOOP('',(#3765,#3766,#3767,#3768));
#9082=EDGE_LOOP('',(#3769,#3770,#3771,#3772));
#9083=EDGE_LOOP('',(#3773,#3774,#3775,#3776));
#9084=EDGE_LOOP('',(#3777,#3778,#3779,#3780));
#9085=EDGE_LOOP('',(#3781,#3782,#3783,#3784));
#9086=EDGE_LOOP('',(#3785,#3786,#3787,#3788));
#9087=EDGE_LOOP('',(#3789,#3790,#3791,#3792));
#9088=EDGE_LOOP('',(#3793,#3794,#3795,#3796));
#9089=EDGE_LOOP('',(#3797,#3798,#3799,#3800));
#9090=EDGE_LOOP('',(#3801,#3802,#3803,#3804));
#9091=EDGE_LOOP('',(#3805,#3806,#3807,#3808));
#9092=EDGE_LOOP('',(#3809,#3810,#3811,#3812));
#9093=EDGE_LOOP('',(#3813,#3814,#3815,#3816));
#9094=EDGE_LOOP('',(#3817,#3818,#3819,#3820));
#9095=EDGE_LOOP('',(#3821,#3822,#3823,#3824));
#9096=EDGE_LOOP('',(#3825,#3826,#3827,#3828));
#9097=EDGE_LOOP('',(#3829,#3830,#3831,#3832));
#9098=EDGE_LOOP('',(#3833,#3834,#3835,#3836));
#9099=EDGE_LOOP('',(#3837,#3838,#3839,#3840));
#9100=EDGE_LOOP('',(#3841,#3842,#3843,#3844));
#9101=EDGE_LOOP('',(#3845,#3846,#3847,#3848));
#9102=EDGE_LOOP('',(#3849,#3850,#3851,#3852));
#9103=EDGE_LOOP('',(#3853,#3854,#3855,#3856));
#9104=EDGE_LOOP('',(#3857,#3858,#3859,#3860));
#9105=EDGE_LOOP('',(#3861,#3862,#3863,#3864));
#9106=EDGE_LOOP('',(#3865,#3866,#3867,#3868));
#9107=EDGE_LOOP('',(#3869,#3870,#3871,#3872));
#9108=EDGE_LOOP('',(#3873,#3874,#3875,#3876,#3877,#3878,#3879,#3880,#3881,
#3882,#3883,#3884,#3885,#3886,#3887,#3888,#3889,#3890,#3891,#3892,#3893,
#3894,#3895,#3896,#3897,#3898));
#9109=EDGE_LOOP('',(#3899,#3900,#3901,#3902,#3903,#3904,#3905,#3906,#3907,
#3908,#3909,#3910,#3911,#3912,#3913,#3914,#3915,#3916,#3917,#3918,#3919,
#3920,#3921,#3922,#3923,#3924));
#9110=EDGE_LOOP('',(#3925,#3926,#3927,#3928,#3929,#3930,#3931,#3932,#3933,
#3934,#3935,#3936,#3937,#3938,#3939,#3940,#3941,#3942,#3943,#3944,#3945,
#3946,#3947,#3948,#3949,#3950));
#9111=EDGE_LOOP('',(#3951,#3952,#3953,#3954));
#9112=EDGE_LOOP('',(#3955,#3956,#3957,#3958));
#9113=EDGE_LOOP('',(#3959,#3960,#3961,#3962));
#9114=EDGE_LOOP('',(#3963,#3964,#3965,#3966));
#9115=EDGE_LOOP('',(#3967,#3968,#3969,#3970));
#9116=EDGE_LOOP('',(#3971,#3972,#3973,#3974));
#9117=EDGE_LOOP('',(#3975,#3976,#3977,#3978));
#9118=EDGE_LOOP('',(#3979,#3980,#3981,#3982));
#9119=EDGE_LOOP('',(#3983,#3984,#3985,#3986));
#9120=EDGE_LOOP('',(#3987,#3988,#3989,#3990));
#9121=EDGE_LOOP('',(#3991,#3992,#3993,#3994));
#9122=EDGE_LOOP('',(#3995,#3996,#3997,#3998));
#9123=EDGE_LOOP('',(#3999));
#9124=EDGE_LOOP('',(#4000,#4001,#4002,#4003,#4004,#4005,#4006,#4007));
#9125=EDGE_LOOP('',(#4008,#4009,#4010,#4011));
#9126=EDGE_LOOP('',(#4012,#4013,#4014,#4015));
#9127=EDGE_LOOP('',(#4016,#4017,#4018,#4019,#4020,#4021,#4022,#4023));
#9128=EDGE_LOOP('',(#4024,#4025,#4026,#4027));
#9129=EDGE_LOOP('',(#4028,#4029,#4030,#4031));
#9130=EDGE_LOOP('',(#4032));
#9131=EDGE_LOOP('',(#4033));
#9132=EDGE_LOOP('',(#4034));
#9133=EDGE_LOOP('',(#4035,#4036,#4037,#4038));
#9134=EDGE_LOOP('',(#4039,#4040,#4041,#4042));
#9135=EDGE_LOOP('',(#4043,#4044,#4045,#4046));
#9136=EDGE_LOOP('',(#4047,#4048,#4049,#4050));
#9137=FACE_BOUND('',#8545,.T.);
#9138=FACE_BOUND('',#8546,.T.);
#9139=FACE_BOUND('',#8547,.T.);
#9140=FACE_BOUND('',#8548,.T.);
#9141=FACE_BOUND('',#8549,.T.);
#9142=FACE_BOUND('',#8550,.T.);
#9143=FACE_BOUND('',#8551,.T.);
#9144=FACE_BOUND('',#8552,.T.);
#9145=FACE_BOUND('',#8553,.T.);
#9146=FACE_BOUND('',#8554,.T.);
#9147=FACE_BOUND('',#8555,.T.);
#9148=FACE_BOUND('',#8556,.T.);
#9149=FACE_BOUND('',#8557,.T.);
#9150=FACE_BOUND('',#8558,.T.);
#9151=FACE_BOUND('',#8559,.T.);
#9152=FACE_BOUND('',#8560,.T.);
#9153=FACE_BOUND('',#8561,.T.);
#9154=FACE_BOUND('',#8562,.T.);
#9155=FACE_BOUND('',#8563,.T.);
#9156=FACE_BOUND('',#8564,.T.);
#9157=FACE_BOUND('',#8565,.T.);
#9158=FACE_BOUND('',#8566,.T.);
#9159=FACE_BOUND('',#8567,.T.);
#9160=FACE_BOUND('',#8568,.T.);
#9161=FACE_BOUND('',#8569,.T.);
#9162=FACE_BOUND('',#8570,.T.);
#9163=FACE_BOUND('',#8571,.T.);
#9164=FACE_BOUND('',#8572,.T.);
#9165=FACE_BOUND('',#8573,.T.);
#9166=FACE_BOUND('',#8574,.T.);
#9167=FACE_BOUND('',#8575,.T.);
#9168=FACE_BOUND('',#8576,.T.);
#9169=FACE_BOUND('',#8577,.T.);
#9170=FACE_BOUND('',#8578,.T.);
#9171=FACE_BOUND('',#8579,.T.);
#9172=FACE_BOUND('',#8580,.T.);
#9173=FACE_BOUND('',#8581,.T.);
#9174=FACE_BOUND('',#8582,.T.);
#9175=FACE_BOUND('',#8583,.T.);
#9176=FACE_BOUND('',#8584,.T.);
#9177=FACE_BOUND('',#8585,.T.);
#9178=FACE_BOUND('',#8586,.T.);
#9179=FACE_BOUND('',#8587,.T.);
#9180=FACE_BOUND('',#8588,.T.);
#9181=FACE_BOUND('',#8589,.T.);
#9182=FACE_BOUND('',#8590,.T.);
#9183=FACE_BOUND('',#8591,.T.);
#9184=FACE_BOUND('',#8592,.T.);
#9185=FACE_BOUND('',#8593,.T.);
#9186=FACE_BOUND('',#8594,.T.);
#9187=FACE_BOUND('',#8595,.T.);
#9188=FACE_BOUND('',#8596,.T.);
#9189=FACE_BOUND('',#8597,.T.);
#9190=FACE_BOUND('',#8598,.T.);
#9191=FACE_BOUND('',#8599,.T.);
#9192=FACE_BOUND('',#8600,.T.);
#9193=FACE_BOUND('',#8601,.T.);
#9194=FACE_BOUND('',#8602,.T.);
#9195=FACE_BOUND('',#8603,.T.);
#9196=FACE_BOUND('',#8604,.T.);
#9197=FACE_BOUND('',#8605,.T.);
#9198=FACE_BOUND('',#8606,.T.);
#9199=FACE_BOUND('',#8607,.T.);
#9200=FACE_BOUND('',#8608,.T.);
#9201=FACE_BOUND('',#8609,.T.);
#9202=FACE_BOUND('',#8610,.T.);
#9203=FACE_BOUND('',#8611,.T.);
#9204=FACE_BOUND('',#8612,.T.);
#9205=FACE_BOUND('',#8613,.T.);
#9206=FACE_BOUND('',#8614,.T.);
#9207=FACE_BOUND('',#8615,.T.);
#9208=FACE_BOUND('',#8616,.T.);
#9209=FACE_BOUND('',#8617,.T.);
#9210=FACE_BOUND('',#8618,.T.);
#9211=FACE_BOUND('',#8619,.T.);
#9212=FACE_BOUND('',#8620,.T.);
#9213=FACE_BOUND('',#8621,.T.);
#9214=FACE_BOUND('',#8622,.T.);
#9215=FACE_BOUND('',#8623,.T.);
#9216=FACE_BOUND('',#8624,.T.);
#9217=FACE_BOUND('',#8625,.T.);
#9218=FACE_BOUND('',#8626,.T.);
#9219=FACE_BOUND('',#8627,.T.);
#9220=FACE_BOUND('',#8628,.T.);
#9221=FACE_BOUND('',#8629,.T.);
#9222=FACE_BOUND('',#8630,.T.);
#9223=FACE_BOUND('',#8631,.T.);
#9224=FACE_BOUND('',#8632,.T.);
#9225=FACE_BOUND('',#8633,.T.);
#9226=FACE_BOUND('',#8634,.T.);
#9227=FACE_BOUND('',#8635,.T.);
#9228=FACE_BOUND('',#8636,.T.);
#9229=FACE_BOUND('',#8637,.T.);
#9230=FACE_BOUND('',#8638,.T.);
#9231=FACE_BOUND('',#8639,.T.);
#9232=FACE_BOUND('',#8640,.T.);
#9233=FACE_BOUND('',#8641,.T.);
#9234=FACE_BOUND('',#8642,.T.);
#9235=FACE_BOUND('',#8643,.T.);
#9236=FACE_BOUND('',#8644,.T.);
#9237=FACE_BOUND('',#8645,.T.);
#9238=FACE_BOUND('',#8646,.T.);
#9239=FACE_BOUND('',#8647,.T.);
#9240=FACE_BOUND('',#8648,.T.);
#9241=FACE_BOUND('',#8649,.T.);
#9242=FACE_BOUND('',#8650,.T.);
#9243=FACE_BOUND('',#8651,.T.);
#9244=FACE_BOUND('',#8652,.T.);
#9245=FACE_BOUND('',#8653,.T.);
#9246=FACE_BOUND('',#8654,.T.);
#9247=FACE_BOUND('',#8655,.T.);
#9248=FACE_BOUND('',#8656,.T.);
#9249=FACE_BOUND('',#8657,.T.);
#9250=FACE_BOUND('',#8658,.T.);
#9251=FACE_BOUND('',#8659,.T.);
#9252=FACE_BOUND('',#8660,.T.);
#9253=FACE_BOUND('',#8661,.T.);
#9254=FACE_BOUND('',#8662,.T.);
#9255=FACE_BOUND('',#8663,.T.);
#9256=FACE_BOUND('',#8664,.T.);
#9257=FACE_BOUND('',#8665,.T.);
#9258=FACE_BOUND('',#8666,.T.);
#9259=FACE_BOUND('',#8667,.T.);
#9260=FACE_BOUND('',#8668,.T.);
#9261=FACE_BOUND('',#8669,.T.);
#9262=FACE_BOUND('',#8670,.T.);
#9263=FACE_BOUND('',#8671,.T.);
#9264=FACE_BOUND('',#8672,.T.);
#9265=FACE_BOUND('',#8673,.T.);
#9266=FACE_BOUND('',#8674,.T.);
#9267=FACE_BOUND('',#8675,.T.);
#9268=FACE_BOUND('',#8676,.T.);
#9269=FACE_BOUND('',#8677,.T.);
#9270=FACE_BOUND('',#8678,.T.);
#9271=FACE_BOUND('',#8679,.T.);
#9272=FACE_BOUND('',#8680,.T.);
#9273=FACE_BOUND('',#8681,.T.);
#9274=FACE_BOUND('',#8682,.T.);
#9275=FACE_BOUND('',#8683,.T.);
#9276=FACE_BOUND('',#8684,.T.);
#9277=FACE_BOUND('',#8685,.T.);
#9278=FACE_BOUND('',#8686,.T.);
#9279=FACE_BOUND('',#8687,.T.);
#9280=FACE_BOUND('',#8688,.T.);
#9281=FACE_BOUND('',#8689,.T.);
#9282=FACE_BOUND('',#8690,.T.);
#9283=FACE_BOUND('',#8691,.T.);
#9284=FACE_BOUND('',#8692,.T.);
#9285=FACE_BOUND('',#8693,.T.);
#9286=FACE_BOUND('',#8694,.T.);
#9287=FACE_BOUND('',#8695,.T.);
#9288=FACE_BOUND('',#8696,.T.);
#9289=FACE_BOUND('',#8697,.T.);
#9290=FACE_BOUND('',#8698,.T.);
#9291=FACE_BOUND('',#8699,.T.);
#9292=FACE_BOUND('',#8700,.T.);
#9293=FACE_BOUND('',#8701,.T.);
#9294=FACE_BOUND('',#8702,.T.);
#9295=FACE_BOUND('',#8703,.T.);
#9296=FACE_BOUND('',#8704,.T.);
#9297=FACE_BOUND('',#8705,.T.);
#9298=FACE_BOUND('',#8706,.T.);
#9299=FACE_BOUND('',#8707,.T.);
#9300=FACE_BOUND('',#8708,.T.);
#9301=FACE_BOUND('',#8709,.T.);
#9302=FACE_BOUND('',#8710,.T.);
#9303=FACE_BOUND('',#8711,.T.);
#9304=FACE_BOUND('',#8712,.T.);
#9305=FACE_BOUND('',#8713,.T.);
#9306=FACE_BOUND('',#8714,.T.);
#9307=FACE_BOUND('',#8715,.T.);
#9308=FACE_BOUND('',#8716,.T.);
#9309=FACE_BOUND('',#8717,.T.);
#9310=FACE_BOUND('',#8718,.T.);
#9311=FACE_BOUND('',#8719,.T.);
#9312=FACE_BOUND('',#8720,.T.);
#9313=FACE_BOUND('',#8721,.T.);
#9314=FACE_BOUND('',#8722,.T.);
#9315=FACE_BOUND('',#8723,.T.);
#9316=FACE_BOUND('',#8724,.T.);
#9317=FACE_BOUND('',#8725,.T.);
#9318=FACE_BOUND('',#8726,.T.);
#9319=FACE_BOUND('',#8727,.T.);
#9320=FACE_BOUND('',#8728,.T.);
#9321=FACE_BOUND('',#8729,.T.);
#9322=FACE_BOUND('',#8730,.T.);
#9323=FACE_BOUND('',#8731,.T.);
#9324=FACE_BOUND('',#8732,.T.);
#9325=FACE_BOUND('',#8733,.T.);
#9326=FACE_BOUND('',#8734,.T.);
#9327=FACE_BOUND('',#8735,.T.);
#9328=FACE_BOUND('',#8736,.T.);
#9329=FACE_BOUND('',#8737,.T.);
#9330=FACE_BOUND('',#8738,.T.);
#9331=FACE_BOUND('',#8739,.T.);
#9332=FACE_BOUND('',#8740,.T.);
#9333=FACE_BOUND('',#8741,.T.);
#9334=FACE_BOUND('',#8742,.T.);
#9335=FACE_BOUND('',#8743,.T.);
#9336=FACE_BOUND('',#8744,.T.);
#9337=FACE_BOUND('',#8745,.T.);
#9338=FACE_BOUND('',#8746,.T.);
#9339=FACE_BOUND('',#8747,.T.);
#9340=FACE_BOUND('',#8748,.T.);
#9341=FACE_BOUND('',#8749,.T.);
#9342=FACE_BOUND('',#8750,.T.);
#9343=FACE_BOUND('',#8751,.T.);
#9344=FACE_BOUND('',#8752,.T.);
#9345=FACE_BOUND('',#8753,.T.);
#9346=FACE_BOUND('',#8754,.T.);
#9347=FACE_BOUND('',#8755,.T.);
#9348=FACE_BOUND('',#8756,.T.);
#9349=FACE_BOUND('',#8757,.T.);
#9350=FACE_BOUND('',#8758,.T.);
#9351=FACE_BOUND('',#8759,.T.);
#9352=FACE_BOUND('',#8760,.T.);
#9353=FACE_BOUND('',#8761,.T.);
#9354=FACE_BOUND('',#8762,.T.);
#9355=FACE_BOUND('',#8763,.T.);
#9356=FACE_BOUND('',#8764,.T.);
#9357=FACE_BOUND('',#8765,.T.);
#9358=FACE_BOUND('',#8766,.T.);
#9359=FACE_BOUND('',#8767,.T.);
#9360=FACE_BOUND('',#8768,.T.);
#9361=FACE_BOUND('',#8769,.T.);
#9362=FACE_BOUND('',#8770,.T.);
#9363=FACE_BOUND('',#8771,.T.);
#9364=FACE_BOUND('',#8772,.T.);
#9365=FACE_BOUND('',#8773,.T.);
#9366=FACE_BOUND('',#8774,.T.);
#9367=FACE_BOUND('',#8775,.T.);
#9368=FACE_BOUND('',#8776,.T.);
#9369=FACE_BOUND('',#8777,.T.);
#9370=FACE_BOUND('',#8778,.T.);
#9371=FACE_BOUND('',#8779,.T.);
#9372=FACE_BOUND('',#8780,.T.);
#9373=FACE_BOUND('',#8781,.T.);
#9374=FACE_BOUND('',#8782,.T.);
#9375=FACE_BOUND('',#8783,.T.);
#9376=FACE_BOUND('',#8784,.T.);
#9377=FACE_BOUND('',#8785,.T.);
#9378=FACE_BOUND('',#8786,.T.);
#9379=FACE_BOUND('',#8787,.T.);
#9380=FACE_BOUND('',#8788,.T.);
#9381=FACE_BOUND('',#8789,.T.);
#9382=FACE_BOUND('',#8790,.T.);
#9383=FACE_BOUND('',#8791,.T.);
#9384=FACE_BOUND('',#8792,.T.);
#9385=FACE_BOUND('',#8793,.T.);
#9386=FACE_BOUND('',#8794,.T.);
#9387=FACE_BOUND('',#8795,.T.);
#9388=FACE_BOUND('',#8796,.T.);
#9389=FACE_BOUND('',#8797,.T.);
#9390=FACE_BOUND('',#8798,.T.);
#9391=FACE_BOUND('',#8799,.T.);
#9392=FACE_BOUND('',#8800,.T.);
#9393=FACE_BOUND('',#8801,.T.);
#9394=FACE_BOUND('',#8802,.T.);
#9395=FACE_BOUND('',#8803,.T.);
#9396=FACE_BOUND('',#8804,.T.);
#9397=FACE_BOUND('',#8805,.T.);
#9398=FACE_BOUND('',#8806,.T.);
#9399=FACE_BOUND('',#8807,.T.);
#9400=FACE_BOUND('',#8808,.T.);
#9401=FACE_BOUND('',#8809,.T.);
#9402=FACE_BOUND('',#8810,.T.);
#9403=FACE_BOUND('',#8811,.T.);
#9404=FACE_BOUND('',#8812,.T.);
#9405=FACE_BOUND('',#8813,.T.);
#9406=FACE_BOUND('',#8814,.T.);
#9407=FACE_BOUND('',#8815,.T.);
#9408=FACE_BOUND('',#8816,.T.);
#9409=FACE_BOUND('',#8817,.T.);
#9410=FACE_BOUND('',#8818,.T.);
#9411=FACE_BOUND('',#8819,.T.);
#9412=FACE_BOUND('',#8820,.T.);
#9413=FACE_BOUND('',#8821,.T.);
#9414=FACE_BOUND('',#8822,.T.);
#9415=FACE_BOUND('',#8823,.T.);
#9416=FACE_BOUND('',#8824,.T.);
#9417=FACE_BOUND('',#8825,.T.);
#9418=FACE_BOUND('',#8826,.T.);
#9419=FACE_BOUND('',#8827,.T.);
#9420=FACE_BOUND('',#8828,.T.);
#9421=FACE_BOUND('',#8829,.T.);
#9422=FACE_BOUND('',#8830,.T.);
#9423=FACE_BOUND('',#8831,.T.);
#9424=FACE_BOUND('',#8832,.T.);
#9425=FACE_BOUND('',#8833,.T.);
#9426=FACE_BOUND('',#8834,.T.);
#9427=FACE_BOUND('',#8835,.T.);
#9428=FACE_BOUND('',#8836,.T.);
#9429=FACE_BOUND('',#8837,.T.);
#9430=FACE_BOUND('',#8838,.T.);
#9431=FACE_BOUND('',#8839,.T.);
#9432=FACE_BOUND('',#8840,.T.);
#9433=FACE_BOUND('',#8841,.T.);
#9434=FACE_BOUND('',#8842,.T.);
#9435=FACE_BOUND('',#8843,.T.);
#9436=FACE_BOUND('',#8844,.T.);
#9437=FACE_BOUND('',#8845,.T.);
#9438=FACE_BOUND('',#8846,.T.);
#9439=FACE_BOUND('',#8847,.T.);
#9440=FACE_BOUND('',#8848,.T.);
#9441=FACE_BOUND('',#8849,.T.);
#9442=FACE_BOUND('',#8850,.T.);
#9443=FACE_BOUND('',#8851,.T.);
#9444=FACE_BOUND('',#8852,.T.);
#9445=FACE_BOUND('',#8853,.T.);
#9446=FACE_BOUND('',#8854,.T.);
#9447=FACE_BOUND('',#8855,.T.);
#9448=FACE_BOUND('',#8856,.T.);
#9449=FACE_BOUND('',#8857,.T.);
#9450=FACE_BOUND('',#8858,.T.);
#9451=FACE_BOUND('',#8859,.T.);
#9452=FACE_BOUND('',#8860,.T.);
#9453=FACE_BOUND('',#8861,.T.);
#9454=FACE_BOUND('',#8862,.T.);
#9455=FACE_BOUND('',#8863,.T.);
#9456=FACE_BOUND('',#8864,.T.);
#9457=FACE_BOUND('',#8865,.T.);
#9458=FACE_BOUND('',#8866,.T.);
#9459=FACE_BOUND('',#8867,.T.);
#9460=FACE_BOUND('',#8868,.T.);
#9461=FACE_BOUND('',#8869,.T.);
#9462=FACE_BOUND('',#8870,.T.);
#9463=FACE_BOUND('',#8871,.T.);
#9464=FACE_BOUND('',#8872,.T.);
#9465=FACE_BOUND('',#8873,.T.);
#9466=FACE_BOUND('',#8874,.T.);
#9467=FACE_BOUND('',#8875,.T.);
#9468=FACE_BOUND('',#8876,.T.);
#9469=FACE_BOUND('',#8877,.T.);
#9470=FACE_BOUND('',#8878,.T.);
#9471=FACE_BOUND('',#8879,.T.);
#9472=FACE_BOUND('',#8880,.T.);
#9473=FACE_BOUND('',#8881,.T.);
#9474=FACE_BOUND('',#8882,.T.);
#9475=FACE_BOUND('',#8883,.T.);
#9476=FACE_BOUND('',#8884,.T.);
#9477=FACE_BOUND('',#8885,.T.);
#9478=FACE_BOUND('',#8886,.T.);
#9479=FACE_BOUND('',#8887,.T.);
#9480=FACE_BOUND('',#8888,.T.);
#9481=FACE_BOUND('',#8889,.T.);
#9482=FACE_BOUND('',#8890,.T.);
#9483=FACE_BOUND('',#8891,.T.);
#9484=FACE_BOUND('',#8892,.T.);
#9485=FACE_BOUND('',#8893,.T.);
#9486=FACE_BOUND('',#8894,.T.);
#9487=FACE_BOUND('',#8895,.T.);
#9488=FACE_BOUND('',#8896,.T.);
#9489=FACE_BOUND('',#8897,.T.);
#9490=FACE_BOUND('',#8898,.T.);
#9491=FACE_BOUND('',#8899,.T.);
#9492=FACE_BOUND('',#8900,.T.);
#9493=FACE_BOUND('',#8901,.T.);
#9494=FACE_BOUND('',#8902,.T.);
#9495=FACE_BOUND('',#8903,.T.);
#9496=FACE_BOUND('',#8904,.T.);
#9497=FACE_BOUND('',#8905,.T.);
#9498=FACE_BOUND('',#8906,.T.);
#9499=FACE_BOUND('',#8907,.T.);
#9500=FACE_BOUND('',#8908,.T.);
#9501=FACE_BOUND('',#8909,.T.);
#9502=FACE_BOUND('',#8910,.T.);
#9503=FACE_BOUND('',#8911,.T.);
#9504=FACE_BOUND('',#8912,.T.);
#9505=FACE_BOUND('',#8913,.T.);
#9506=FACE_BOUND('',#8914,.T.);
#9507=FACE_BOUND('',#8915,.T.);
#9508=FACE_BOUND('',#8916,.T.);
#9509=FACE_BOUND('',#8917,.T.);
#9510=FACE_BOUND('',#8918,.T.);
#9511=FACE_BOUND('',#8919,.T.);
#9512=FACE_BOUND('',#8920,.T.);
#9513=FACE_BOUND('',#8921,.T.);
#9514=FACE_BOUND('',#8922,.T.);
#9515=FACE_BOUND('',#8923,.T.);
#9516=FACE_BOUND('',#8924,.T.);
#9517=FACE_BOUND('',#8925,.T.);
#9518=FACE_BOUND('',#8926,.T.);
#9519=FACE_BOUND('',#8927,.T.);
#9520=FACE_BOUND('',#8928,.T.);
#9521=FACE_BOUND('',#8929,.T.);
#9522=FACE_BOUND('',#8930,.T.);
#9523=FACE_BOUND('',#8931,.T.);
#9524=FACE_BOUND('',#8932,.T.);
#9525=FACE_BOUND('',#8933,.T.);
#9526=FACE_BOUND('',#8934,.T.);
#9527=FACE_BOUND('',#8935,.T.);
#9528=FACE_BOUND('',#8936,.T.);
#9529=FACE_BOUND('',#8937,.T.);
#9530=FACE_BOUND('',#8938,.T.);
#9531=FACE_BOUND('',#8939,.T.);
#9532=FACE_BOUND('',#8940,.T.);
#9533=FACE_BOUND('',#8941,.T.);
#9534=FACE_BOUND('',#8942,.T.);
#9535=FACE_BOUND('',#8943,.T.);
#9536=FACE_BOUND('',#8944,.T.);
#9537=FACE_BOUND('',#8945,.T.);
#9538=FACE_BOUND('',#8946,.T.);
#9539=FACE_BOUND('',#8947,.T.);
#9540=FACE_BOUND('',#8948,.T.);
#9541=FACE_BOUND('',#8949,.T.);
#9542=FACE_BOUND('',#8950,.T.);
#9543=FACE_BOUND('',#8951,.T.);
#9544=FACE_BOUND('',#8952,.T.);
#9545=FACE_BOUND('',#8953,.T.);
#9546=FACE_BOUND('',#8954,.T.);
#9547=FACE_BOUND('',#8955,.T.);
#9548=FACE_BOUND('',#8956,.T.);
#9549=FACE_BOUND('',#8957,.T.);
#9550=FACE_BOUND('',#8958,.T.);
#9551=FACE_BOUND('',#8959,.T.);
#9552=FACE_BOUND('',#8960,.T.);
#9553=FACE_BOUND('',#8961,.T.);
#9554=FACE_BOUND('',#8962,.T.);
#9555=FACE_BOUND('',#8963,.T.);
#9556=FACE_BOUND('',#8964,.T.);
#9557=FACE_BOUND('',#8965,.T.);
#9558=FACE_BOUND('',#8966,.T.);
#9559=FACE_BOUND('',#8967,.T.);
#9560=FACE_BOUND('',#8968,.T.);
#9561=FACE_BOUND('',#8969,.T.);
#9562=FACE_BOUND('',#8970,.T.);
#9563=FACE_BOUND('',#8971,.T.);
#9564=FACE_BOUND('',#8972,.T.);
#9565=FACE_BOUND('',#8973,.T.);
#9566=FACE_BOUND('',#8974,.T.);
#9567=FACE_BOUND('',#8975,.T.);
#9568=FACE_BOUND('',#8976,.T.);
#9569=FACE_BOUND('',#8977,.T.);
#9570=FACE_BOUND('',#8978,.T.);
#9571=FACE_BOUND('',#8979,.T.);
#9572=FACE_BOUND('',#8980,.T.);
#9573=FACE_BOUND('',#8981,.T.);
#9574=FACE_BOUND('',#8982,.T.);
#9575=FACE_BOUND('',#8983,.T.);
#9576=FACE_BOUND('',#8984,.T.);
#9577=FACE_BOUND('',#8985,.T.);
#9578=FACE_BOUND('',#8986,.T.);
#9579=FACE_BOUND('',#8987,.T.);
#9580=FACE_BOUND('',#8988,.T.);
#9581=FACE_BOUND('',#8989,.T.);
#9582=FACE_BOUND('',#8990,.T.);
#9583=FACE_BOUND('',#8991,.T.);
#9584=FACE_BOUND('',#8992,.T.);
#9585=FACE_BOUND('',#8993,.T.);
#9586=FACE_BOUND('',#8994,.T.);
#9587=FACE_BOUND('',#8995,.T.);
#9588=FACE_BOUND('',#8996,.T.);
#9589=FACE_BOUND('',#8997,.T.);
#9590=FACE_BOUND('',#8998,.T.);
#9591=FACE_BOUND('',#8999,.T.);
#9592=FACE_BOUND('',#9000,.T.);
#9593=FACE_BOUND('',#9001,.T.);
#9594=FACE_BOUND('',#9002,.T.);
#9595=FACE_BOUND('',#9003,.T.);
#9596=FACE_BOUND('',#9004,.T.);
#9597=FACE_BOUND('',#9005,.T.);
#9598=FACE_BOUND('',#9006,.T.);
#9599=FACE_BOUND('',#9007,.T.);
#9600=FACE_BOUND('',#9008,.T.);
#9601=FACE_BOUND('',#9009,.T.);
#9602=FACE_BOUND('',#9010,.T.);
#9603=FACE_BOUND('',#9011,.T.);
#9604=FACE_BOUND('',#9012,.T.);
#9605=FACE_BOUND('',#9013,.T.);
#9606=FACE_BOUND('',#9014,.T.);
#9607=FACE_BOUND('',#9015,.T.);
#9608=FACE_BOUND('',#9016,.T.);
#9609=FACE_BOUND('',#9017,.T.);
#9610=FACE_BOUND('',#9018,.T.);
#9611=FACE_BOUND('',#9019,.T.);
#9612=FACE_BOUND('',#9020,.T.);
#9613=FACE_BOUND('',#9021,.T.);
#9614=FACE_BOUND('',#9022,.T.);
#9615=FACE_BOUND('',#9023,.T.);
#9616=FACE_BOUND('',#9024,.T.);
#9617=FACE_BOUND('',#9025,.T.);
#9618=FACE_BOUND('',#9026,.T.);
#9619=FACE_BOUND('',#9027,.T.);
#9620=FACE_BOUND('',#9028,.T.);
#9621=FACE_BOUND('',#9029,.T.);
#9622=FACE_BOUND('',#9030,.T.);
#9623=FACE_BOUND('',#9031,.T.);
#9624=FACE_BOUND('',#9032,.T.);
#9625=FACE_BOUND('',#9033,.T.);
#9626=FACE_BOUND('',#9034,.T.);
#9627=FACE_BOUND('',#9035,.T.);
#9628=FACE_BOUND('',#9036,.T.);
#9629=FACE_BOUND('',#9037,.T.);
#9630=FACE_BOUND('',#9038,.T.);
#9631=FACE_BOUND('',#9039,.T.);
#9632=FACE_BOUND('',#9040,.T.);
#9633=FACE_BOUND('',#9041,.T.);
#9634=FACE_BOUND('',#9042,.T.);
#9635=FACE_BOUND('',#9043,.T.);
#9636=FACE_BOUND('',#9044,.T.);
#9637=FACE_BOUND('',#9045,.T.);
#9638=FACE_BOUND('',#9046,.T.);
#9639=FACE_BOUND('',#9047,.T.);
#9640=FACE_BOUND('',#9048,.T.);
#9641=FACE_BOUND('',#9049,.T.);
#9642=FACE_BOUND('',#9050,.T.);
#9643=FACE_BOUND('',#9051,.T.);
#9644=FACE_BOUND('',#9052,.T.);
#9645=FACE_BOUND('',#9053,.T.);
#9646=FACE_BOUND('',#9054,.T.);
#9647=FACE_BOUND('',#9055,.T.);
#9648=FACE_BOUND('',#9056,.T.);
#9649=FACE_BOUND('',#9057,.T.);
#9650=FACE_BOUND('',#9058,.T.);
#9651=FACE_BOUND('',#9059,.T.);
#9652=FACE_BOUND('',#9060,.T.);
#9653=FACE_BOUND('',#9061,.T.);
#9654=FACE_BOUND('',#9062,.T.);
#9655=FACE_BOUND('',#9063,.T.);
#9656=FACE_BOUND('',#9064,.T.);
#9657=FACE_BOUND('',#9065,.T.);
#9658=FACE_BOUND('',#9066,.T.);
#9659=FACE_BOUND('',#9067,.T.);
#9660=FACE_BOUND('',#9068,.T.);
#9661=FACE_BOUND('',#9069,.T.);
#9662=FACE_BOUND('',#9070,.T.);
#9663=FACE_BOUND('',#9071,.T.);
#9664=FACE_BOUND('',#9072,.T.);
#9665=FACE_BOUND('',#9073,.T.);
#9666=FACE_BOUND('',#9074,.T.);
#9667=FACE_BOUND('',#9075,.T.);
#9668=FACE_BOUND('',#9076,.T.);
#9669=FACE_BOUND('',#9077,.T.);
#9670=FACE_BOUND('',#9078,.T.);
#9671=FACE_BOUND('',#9079,.T.);
#9672=FACE_BOUND('',#9080,.T.);
#9673=FACE_BOUND('',#9081,.T.);
#9674=FACE_BOUND('',#9082,.T.);
#9675=FACE_BOUND('',#9083,.T.);
#9676=FACE_BOUND('',#9084,.T.);
#9677=FACE_BOUND('',#9085,.T.);
#9678=FACE_BOUND('',#9086,.T.);
#9679=FACE_BOUND('',#9087,.T.);
#9680=FACE_BOUND('',#9088,.T.);
#9681=FACE_BOUND('',#9089,.T.);
#9682=FACE_BOUND('',#9090,.T.);
#9683=FACE_BOUND('',#9091,.T.);
#9684=FACE_BOUND('',#9092,.T.);
#9685=FACE_BOUND('',#9093,.T.);
#9686=FACE_BOUND('',#9094,.T.);
#9687=FACE_BOUND('',#9095,.T.);
#9688=FACE_BOUND('',#9096,.T.);
#9689=FACE_BOUND('',#9097,.T.);
#9690=FACE_BOUND('',#9098,.T.);
#9691=FACE_BOUND('',#9099,.T.);
#9692=FACE_BOUND('',#9100,.T.);
#9693=FACE_BOUND('',#9101,.T.);
#9694=FACE_BOUND('',#9102,.T.);
#9695=FACE_BOUND('',#9103,.T.);
#9696=FACE_BOUND('',#9104,.T.);
#9697=FACE_BOUND('',#9105,.T.);
#9698=FACE_BOUND('',#9106,.T.);
#9699=FACE_BOUND('',#9107,.T.);
#9700=FACE_BOUND('',#9108,.T.);
#9701=FACE_BOUND('',#9109,.T.);
#9702=FACE_BOUND('',#9110,.T.);
#9703=FACE_BOUND('',#9111,.T.);
#9704=FACE_BOUND('',#9112,.T.);
#9705=FACE_BOUND('',#9113,.T.);
#9706=FACE_BOUND('',#9114,.T.);
#9707=FACE_BOUND('',#9115,.T.);
#9708=FACE_BOUND('',#9116,.T.);
#9709=FACE_BOUND('',#9117,.T.);
#9710=FACE_BOUND('',#9118,.T.);
#9711=FACE_BOUND('',#9119,.T.);
#9712=FACE_BOUND('',#9120,.T.);
#9713=FACE_BOUND('',#9121,.T.);
#9714=FACE_BOUND('',#9122,.T.);
#9715=FACE_BOUND('',#9123,.T.);
#9716=FACE_BOUND('',#9124,.T.);
#9717=FACE_BOUND('',#9125,.T.);
#9718=FACE_BOUND('',#9126,.T.);
#9719=FACE_BOUND('',#9127,.T.);
#9720=FACE_BOUND('',#9128,.T.);
#9721=FACE_BOUND('',#9129,.T.);
#9722=FACE_BOUND('',#9130,.T.);
#9723=FACE_BOUND('',#9131,.T.);
#9724=FACE_BOUND('',#9132,.T.);
#9725=FACE_BOUND('',#9133,.T.);
#9726=FACE_BOUND('',#9134,.T.);
#9727=FACE_BOUND('',#9135,.T.);
#9728=FACE_BOUND('',#9136,.T.);
#9729=PLANE('',#10605);
#9730=PLANE('',#10606);
#9731=PLANE('',#10607);
#9732=PLANE('',#10608);
#9733=PLANE('',#10609);
#9734=PLANE('',#10610);
#9735=PLANE('',#10612);
#9736=PLANE('',#10787);
#9737=PLANE('',#10788);
#9738=PLANE('',#10795);
#9739=PLANE('',#10796);
#9740=PLANE('',#10797);
#9741=PLANE('',#10800);
#9742=PLANE('',#10802);
#9743=PLANE('',#10805);
#9744=PLANE('',#10806);
#9745=PLANE('',#10807);
#9746=PLANE('',#10808);
#9747=PLANE('',#10810);
#9748=PLANE('',#10811);
#9749=PLANE('',#10812);
#9750=PLANE('',#10813);
#9751=PLANE('',#10814);
#9752=PLANE('',#10815);
#9753=PLANE('',#10816);
#9754=PLANE('',#10817);
#9755=PLANE('',#10819);
#9756=PLANE('',#10820);
#9757=PLANE('',#10821);
#9758=PLANE('',#10822);
#9759=PLANE('',#10823);
#9760=PLANE('',#10824);
#9761=PLANE('',#10825);
#9762=PLANE('',#10826);
#9763=PLANE('',#10827);
#9764=PLANE('',#10828);
#9765=PLANE('',#10829);
#9766=PLANE('',#10830);
#9767=PLANE('',#10831);
#9768=PLANE('',#10832);
#9769=PLANE('',#10833);
#9770=PLANE('',#10834);
#9771=PLANE('',#10835);
#9772=PLANE('',#10836);
#9773=PLANE('',#10837);
#9774=PLANE('',#10838);
#9775=PLANE('',#10839);
#9776=PLANE('',#10840);
#9777=PLANE('',#10841);
#9778=PLANE('',#10842);
#9779=PLANE('',#10843);
#9780=PLANE('',#10845);
#9781=PLANE('',#10846);
#9782=PLANE('',#10847);
#9783=PLANE('',#10848);
#9784=PLANE('',#10849);
#9785=PLANE('',#10850);
#9786=PLANE('',#10851);
#9787=PLANE('',#10852);
#9788=PLANE('',#10853);
#9789=PLANE('',#10854);
#9790=PLANE('',#10855);
#9791=PLANE('',#10856);
#9792=PLANE('',#10857);
#9793=PLANE('',#10858);
#9794=PLANE('',#10859);
#9795=PLANE('',#10860);
#9796=PLANE('',#10861);
#9797=PLANE('',#10862);
#9798=PLANE('',#10896);
#9799=PLANE('',#10897);
#9800=PLANE('',#10898);
#9801=PLANE('',#10899);
#9802=PLANE('',#10900);
#9803=PLANE('',#10926);
#9804=PLANE('',#10927);
#9805=PLANE('',#10950);
#9806=PLANE('',#10955);
#9807=PLANE('',#10956);
#9808=PLANE('',#10957);
#9809=PLANE('',#10960);
#9810=PLANE('',#10961);
#9811=PLANE('',#10962);
#9812=PLANE('',#10963);
#9813=PLANE('',#10970);
#9814=PLANE('',#10971);
#9815=PLANE('',#10972);
#9816=PLANE('',#10973);
#9817=PLANE('',#10974);
#9818=PLANE('',#10975);
#9819=PLANE('',#10976);
#9820=PLANE('',#10979);
#9821=PLANE('',#10984);
#9822=PLANE('',#10985);
#9823=PLANE('',#10986);
#9824=PLANE('',#10997);
#9825=PLANE('',#10998);
#9826=PLANE('',#10999);
#9827=PLANE('',#11002);
#9828=PLANE('',#11003);
#9829=PLANE('',#11004);
#9830=PLANE('',#11005);
#9831=PLANE('',#11006);
#9832=PLANE('',#11007);
#9833=PLANE('',#11008);
#9834=PLANE('',#11009);
#9835=PLANE('',#11010);
#9836=PLANE('',#11011);
#9837=PLANE('',#11028);
#9838=PLANE('',#11033);
#9839=PLANE('',#11034);
#9840=PLANE('',#11035);
#9841=PLANE('',#11036);
#9842=PLANE('',#11037);
#9843=PLANE('',#11060);
#9844=PLANE('',#11066);
#9845=PLANE('',#11067);
#9846=PLANE('',#11072);
#9847=PLANE('',#11073);
#9848=PLANE('',#11074);
#9849=PLANE('',#11085);
#9850=PLANE('',#11086);
#9851=PLANE('',#11087);
#9852=PLANE('',#11090);
#9853=PLANE('',#11094);
#9854=PLANE('',#11104);
#9855=PLANE('',#11105);
#9856=PLANE('',#11106);
#9857=PLANE('',#11107);
#9858=PLANE('',#11118);
#9859=PLANE('',#11119);
#9860=PLANE('',#11120);
#9861=PLANE('',#11124);
#9862=PLANE('',#11125);
#9863=PLANE('',#11126);
#9864=PLANE('',#11127);
#9865=PLANE('',#11128);
#9866=PLANE('',#11129);
#9867=PLANE('',#11130);
#9868=PLANE('',#11131);
#9869=PLANE('',#11132);
#9870=PLANE('',#11133);
#9871=PLANE('',#11134);
#9872=PLANE('',#11139);
#9873=PLANE('',#11140);
#9874=PLANE('',#11141);
#9875=PLANE('',#11152);
#9876=PLANE('',#11153);
#9877=PLANE('',#11154);
#9878=PLANE('',#11159);
#9879=PLANE('',#11160);
#9880=PLANE('',#11161);
#9881=PLANE('',#11162);
#9882=PLANE('',#11163);
#9883=PLANE('',#11164);
#9884=PLANE('',#11165);
#9885=PLANE('',#11166);
#9886=PLANE('',#11167);
#9887=PLANE('',#11168);
#9888=PLANE('',#11169);
#9889=PLANE('',#11170);
#9890=PLANE('',#11171);
#9891=PLANE('',#11172);
#9892=PLANE('',#11173);
#9893=PLANE('',#11174);
#9894=PLANE('',#11175);
#9895=PLANE('',#11176);
#9896=PLANE('',#11177);
#9897=PLANE('',#11178);
#9898=PLANE('',#11179);
#9899=PLANE('',#11180);
#9900=PLANE('',#11181);
#9901=PLANE('',#11182);
#9902=PLANE('',#11183);
#9903=PLANE('',#11184);
#9904=PLANE('',#11185);
#9905=PLANE('',#11186);
#9906=PLANE('',#11187);
#9907=PLANE('',#11200);
#9908=PLANE('',#11221);
#9909=PLANE('',#11234);
#9910=PLANE('',#11247);
#9911=PLANE('',#11272);
#9912=PLANE('',#11277);
#9913=PLANE('',#11278);
#9914=PLANE('',#11279);
#9915=PLANE('',#11280);
#9916=PLANE('',#11281);
#9917=PLANE('',#11282);
#9918=PLANE('',#11283);
#9919=PLANE('',#11284);
#9920=PLANE('',#11285);
#9921=PLANE('',#11286);
#9922=PLANE('',#11287);
#9923=PLANE('',#11288);
#9924=PLANE('',#11289);
#9925=PLANE('',#11290);
#9926=PLANE('',#11291);
#9927=PLANE('',#11292);
#9928=PLANE('',#11293);
#9929=PLANE('',#11294);
#9930=PLANE('',#11295);
#9931=PLANE('',#11296);
#9932=PLANE('',#11297);
#9933=PLANE('',#11298);
#9934=PLANE('',#11299);
#9935=PLANE('',#11300);
#9936=PLANE('',#11301);
#9937=PLANE('',#11302);
#9938=PLANE('',#11303);
#9939=PLANE('',#11304);
#9940=PLANE('',#11305);
#9941=PLANE('',#11306);
#9942=PLANE('',#11307);
#9943=PLANE('',#11308);
#9944=PLANE('',#11309);
#9945=PLANE('',#11310);
#9946=PLANE('',#11311);
#9947=PLANE('',#11312);
#9948=PLANE('',#11313);
#9949=PLANE('',#11314);
#9950=PLANE('',#11327);
#9951=PLANE('',#11348);
#9952=PLANE('',#11361);
#9953=PLANE('',#11374);
#9954=PLANE('',#11399);
#9955=PLANE('',#11404);
#9956=PLANE('',#11408);
#9957=PLANE('',#11445);
#9958=PLANE('',#11478);
#9959=PLANE('',#11499);
#9960=PLANE('',#11521);
#9961=PLANE('',#11522);
#9962=PLANE('',#11524);
#9963=PLANE('',#11525);
#9964=PLANE('',#11526);
#9965=PLANE('',#11527);
#9966=PLANE('',#11528);
#9967=PLANE('',#11529);
#9968=PLANE('',#11531);
#9969=PLANE('',#11532);
#9970=PLANE('',#11533);
#9971=PLANE('',#11534);
#9972=PLANE('',#11535);
#9973=PLANE('',#11536);
#9974=PLANE('',#11538);
#9975=PLANE('',#11540);
#9976=PLANE('',#11541);
#9977=PLANE('',#11542);
#9978=PLANE('',#11543);
#9979=PLANE('',#11544);
#9980=PLANE('',#11547);
#9981=PLANE('',#11548);
#9982=PLANE('',#11549);
#9983=PLANE('',#11550);
#9984=PLANE('',#11551);
#9985=ADVANCED_FACE('',(#9137),#9729,.F.);
#9986=ADVANCED_FACE('',(#9138),#9730,.T.);
#9987=ADVANCED_FACE('',(#9139),#9731,.T.);
#9988=ADVANCED_FACE('',(#9140),#9732,.F.);
#9989=ADVANCED_FACE('',(#9141),#9733,.F.);
#9990=ADVANCED_FACE('',(#9142),#9734,.T.);
#9991=ADVANCED_FACE('',(#9143,#9144,#9145,#9146,#9147,#9148,#9149,#9150,
#9151,#9152,#9153,#9154,#9155,#9156,#9157,#9158,#9159,#9160,#9161,#9162,
#9163),#9735,.T.);
#9992=ADVANCED_FACE('',(#9164),#9736,.F.);
#9993=ADVANCED_FACE('',(#9165),#9737,.T.);
#9994=ADVANCED_FACE('',(#9166),#86,.T.);
#9995=ADVANCED_FACE('',(#9167),#87,.T.);
#9996=ADVANCED_FACE('',(#9168),#9738,.T.);
#9997=ADVANCED_FACE('',(#9169),#9739,.F.);
#9998=ADVANCED_FACE('',(#9170,#9171,#9172),#9740,.F.);
#9999=ADVANCED_FACE('',(#9173,#9174,#9175),#9741,.T.);
#10000=ADVANCED_FACE('',(#9176),#9742,.F.);
#10001=ADVANCED_FACE('',(#9177),#88,.F.);
#10002=ADVANCED_FACE('',(#9178),#9743,.T.);
#10003=ADVANCED_FACE('',(#9179),#9744,.F.);
#10004=ADVANCED_FACE('',(#9180),#9745,.F.);
#10005=ADVANCED_FACE('',(#9181,#9182),#9746,.F.);
#10006=ADVANCED_FACE('',(#9183),#9747,.F.);
#10007=ADVANCED_FACE('',(#9184),#9748,.F.);
#10008=ADVANCED_FACE('',(#9185),#9749,.F.);
#10009=ADVANCED_FACE('',(#9186),#9750,.F.);
#10010=ADVANCED_FACE('',(#9187),#9751,.F.);
#10011=ADVANCED_FACE('',(#9188),#9752,.F.);
#10012=ADVANCED_FACE('',(#9189),#9753,.F.);
#10013=ADVANCED_FACE('',(#9190),#9754,.F.);
#10014=ADVANCED_FACE('',(#9191,#9192),#89,.F.);
#10015=ADVANCED_FACE('',(#9193),#9755,.T.);
#10016=ADVANCED_FACE('',(#9194),#9756,.T.);
#10017=ADVANCED_FACE('',(#9195),#9757,.T.);
#10018=ADVANCED_FACE('',(#9196),#9758,.T.);
#10019=ADVANCED_FACE('',(#9197),#9759,.T.);
#10020=ADVANCED_FACE('',(#9198),#9760,.T.);
#10021=ADVANCED_FACE('',(#9199),#9761,.T.);
#10022=ADVANCED_FACE('',(#9200),#9762,.T.);
#10023=ADVANCED_FACE('',(#9201),#9763,.F.);
#10024=ADVANCED_FACE('',(#9202),#9764,.F.);
#10025=ADVANCED_FACE('',(#9203),#9765,.F.);
#10026=ADVANCED_FACE('',(#9204),#9766,.T.);
#10027=ADVANCED_FACE('',(#9205),#9767,.F.);
#10028=ADVANCED_FACE('',(#9206),#9768,.T.);
#10029=ADVANCED_FACE('',(#9207),#9769,.F.);
#10030=ADVANCED_FACE('',(#9208),#9770,.F.);
#10031=ADVANCED_FACE('',(#9209),#9771,.F.);
#10032=ADVANCED_FACE('',(#9210),#9772,.F.);
#10033=ADVANCED_FACE('',(#9211),#9773,.F.);
#10034=ADVANCED_FACE('',(#9212),#9774,.F.);
#10035=ADVANCED_FACE('',(#9213),#9775,.T.);
#10036=ADVANCED_FACE('',(#9214),#9776,.T.);
#10037=ADVANCED_FACE('',(#9215),#9777,.T.);
#10038=ADVANCED_FACE('',(#9216),#9778,.T.);
#10039=ADVANCED_FACE('',(#9217),#9779,.T.);
#10040=ADVANCED_FACE('',(#9218,#9219),#90,.F.);
#10041=ADVANCED_FACE('',(#9220),#9780,.T.);
#10042=ADVANCED_FACE('',(#9221),#9781,.F.);
#10043=ADVANCED_FACE('',(#9222),#9782,.F.);
#10044=ADVANCED_FACE('',(#9223),#9783,.T.);
#10045=ADVANCED_FACE('',(#9224),#9784,.T.);
#10046=ADVANCED_FACE('',(#9225),#9785,.T.);
#10047=ADVANCED_FACE('',(#9226),#9786,.F.);
#10048=ADVANCED_FACE('',(#9227),#9787,.T.);
#10049=ADVANCED_FACE('',(#9228),#9788,.T.);
#10050=ADVANCED_FACE('',(#9229),#9789,.F.);
#10051=ADVANCED_FACE('',(#9230),#9790,.T.);
#10052=ADVANCED_FACE('',(#9231),#9791,.F.);
#10053=ADVANCED_FACE('',(#9232),#9792,.F.);
#10054=ADVANCED_FACE('',(#9233),#9793,.T.);
#10055=ADVANCED_FACE('',(#9234),#9794,.T.);
#10056=ADVANCED_FACE('',(#9235),#9795,.T.);
#10057=ADVANCED_FACE('',(#9236),#9796,.T.);
#10058=ADVANCED_FACE('',(#9237),#9797,.T.);
#10059=ADVANCED_FACE('',(#9238),#91,.F.);
#10060=ADVANCED_FACE('',(#9239),#92,.F.);
#10061=ADVANCED_FACE('',(#9240),#93,.F.);
#10062=ADVANCED_FACE('',(#9241),#94,.F.);
#10063=ADVANCED_FACE('',(#9242),#95,.F.);
#10064=ADVANCED_FACE('',(#9243),#96,.F.);
#10065=ADVANCED_FACE('',(#9244),#97,.F.);
#10066=ADVANCED_FACE('',(#9245),#98,.F.);
#10067=ADVANCED_FACE('',(#9246),#99,.F.);
#10068=ADVANCED_FACE('',(#9247),#100,.F.);
#10069=ADVANCED_FACE('',(#9248),#101,.F.);
#10070=ADVANCED_FACE('',(#9249),#9798,.T.);
#10071=ADVANCED_FACE('',(#9250),#9799,.T.);
#10072=ADVANCED_FACE('',(#9251),#9800,.T.);
#10073=ADVANCED_FACE('',(#9252),#9801,.T.);
#10074=ADVANCED_FACE('',(#9253),#9802,.T.);
#10075=ADVANCED_FACE('',(#9254),#102,.T.);
#10076=ADVANCED_FACE('',(#9255),#103,.T.);
#10077=ADVANCED_FACE('',(#9256),#10,.T.);
#10078=ADVANCED_FACE('',(#9257),#104,.T.);
#10079=ADVANCED_FACE('',(#9258),#105,.T.);
#10080=ADVANCED_FACE('',(#9259),#106,.T.);
#10081=ADVANCED_FACE('',(#9260),#107,.T.);
#10082=ADVANCED_FACE('',(#9261),#108,.T.);
#10083=ADVANCED_FACE('',(#9262),#109,.T.);
#10084=ADVANCED_FACE('',(#9263),#110,.T.);
#10085=ADVANCED_FACE('',(#9264),#111,.T.);
#10086=ADVANCED_FACE('',(#9265),#112,.T.);
#10087=ADVANCED_FACE('',(#9266),#113,.F.);
#10088=ADVANCED_FACE('',(#9267,#9268),#9803,.T.);
#10089=ADVANCED_FACE('',(#9269),#9804,.T.);
#10090=ADVANCED_FACE('',(#9270),#11,.T.);
#10091=ADVANCED_FACE('',(#9271),#114,.F.);
#10092=ADVANCED_FACE('',(#9272),#115,.F.);
#10093=ADVANCED_FACE('',(#9273),#12,.T.);
#10094=ADVANCED_FACE('',(#9274),#116,.F.);
#10095=ADVANCED_FACE('',(#9275),#117,.F.);
#10096=ADVANCED_FACE('',(#9276),#13,.T.);
#10097=ADVANCED_FACE('',(#9277),#118,.T.);
#10098=ADVANCED_FACE('',(#9278),#14,.T.);
#10099=ADVANCED_FACE('',(#9279),#15,.T.);
#10100=ADVANCED_FACE('',(#9280),#119,.T.);
#10101=ADVANCED_FACE('',(#9281),#120,.T.);
#10102=ADVANCED_FACE('',(#9282),#16,.T.);
#10103=ADVANCED_FACE('',(#9283),#17,.T.);
#10104=ADVANCED_FACE('',(#9284),#121,.T.);
#10105=ADVANCED_FACE('',(#9285),#122,.T.);
#10106=ADVANCED_FACE('',(#9286),#9805,.T.);
#10107=ADVANCED_FACE('',(#9287),#123,.F.);
#10108=ADVANCED_FACE('',(#9288),#124,.F.);
#10109=ADVANCED_FACE('',(#9289),#18,.T.);
#10110=ADVANCED_FACE('',(#9290),#19,.T.);
#10111=ADVANCED_FACE('',(#9291),#9806,.T.);
#10112=ADVANCED_FACE('',(#9292),#20,.T.);
#10113=ADVANCED_FACE('',(#9293),#21,.T.);
#10114=ADVANCED_FACE('',(#9294,#9295),#9807,.T.);
#10115=ADVANCED_FACE('',(#9296),#9808,.T.);
#10116=ADVANCED_FACE('',(#9297),#125,.F.);
#10117=ADVANCED_FACE('',(#9298),#22,.T.);
#10118=ADVANCED_FACE('',(#9299),#9809,.T.);
#10119=ADVANCED_FACE('',(#9300),#9810,.T.);
#10120=ADVANCED_FACE('',(#9301),#9811,.T.);
#10121=ADVANCED_FACE('',(#9302),#9812,.T.);
#10122=ADVANCED_FACE('',(#9303),#126,.T.);
#10123=ADVANCED_FACE('',(#9304),#127,.T.);
#10124=ADVANCED_FACE('',(#9305),#23,.T.);
#10125=ADVANCED_FACE('',(#9306),#24,.T.);
#10126=ADVANCED_FACE('',(#9307),#128,.T.);
#10127=ADVANCED_FACE('',(#9308),#25,.T.);
#10128=ADVANCED_FACE('',(#9309),#9813,.T.);
#10129=ADVANCED_FACE('',(#9310),#9814,.T.);
#10130=ADVANCED_FACE('',(#9311),#9815,.T.);
#10131=ADVANCED_FACE('',(#9312),#9816,.T.);
#10132=ADVANCED_FACE('',(#9313),#9817,.T.);
#10133=ADVANCED_FACE('',(#9314),#9818,.T.);
#10134=ADVANCED_FACE('',(#9315),#9819,.T.);
#10135=ADVANCED_FACE('',(#9316),#129,.F.);
#10136=ADVANCED_FACE('',(#9317),#26,.T.);
#10137=ADVANCED_FACE('',(#9318),#27,.T.);
#10138=ADVANCED_FACE('',(#9319),#9820,.T.);
#10139=ADVANCED_FACE('',(#9320),#28,.T.);
#10140=ADVANCED_FACE('',(#9321),#130,.T.);
#10141=ADVANCED_FACE('',(#9322),#29,.T.);
#10142=ADVANCED_FACE('',(#9323),#30,.T.);
#10143=ADVANCED_FACE('',(#9324),#131,.F.);
#10144=ADVANCED_FACE('',(#9325),#31,.T.);
#10145=ADVANCED_FACE('',(#9326),#32,.T.);
#10146=ADVANCED_FACE('',(#9327),#33,.T.);
#10147=ADVANCED_FACE('',(#9328),#9821,.T.);
#10148=ADVANCED_FACE('',(#9329),#9822,.T.);
#10149=ADVANCED_FACE('',(#9330),#9823,.T.);
#10150=ADVANCED_FACE('',(#9331),#132,.T.);
#10151=ADVANCED_FACE('',(#9332),#34,.T.);
#10152=ADVANCED_FACE('',(#9333),#35,.T.);
#10153=ADVANCED_FACE('',(#9334),#133,.T.);
#10154=ADVANCED_FACE('',(#9335),#36,.T.);
#10155=ADVANCED_FACE('',(#9336),#37,.T.);
#10156=ADVANCED_FACE('',(#9337),#134,.F.);
#10157=ADVANCED_FACE('',(#9338),#38,.T.);
#10158=ADVANCED_FACE('',(#9339),#135,.F.);
#10159=ADVANCED_FACE('',(#9340),#136,.F.);
#10160=ADVANCED_FACE('',(#9341),#9824,.T.);
#10161=ADVANCED_FACE('',(#9342),#9825,.T.);
#10162=ADVANCED_FACE('',(#9343),#9826,.T.);
#10163=ADVANCED_FACE('',(#9344),#137,.T.);
#10164=ADVANCED_FACE('',(#9345),#39,.T.);
#10165=ADVANCED_FACE('',(#9346),#9827,.T.);
#10166=ADVANCED_FACE('',(#9347),#9828,.T.);
#10167=ADVANCED_FACE('',(#9348),#9829,.T.);
#10168=ADVANCED_FACE('',(#9349),#9830,.T.);
#10169=ADVANCED_FACE('',(#9350),#9831,.T.);
#10170=ADVANCED_FACE('',(#9351),#9832,.T.);
#10171=ADVANCED_FACE('',(#9352),#9833,.T.);
#10172=ADVANCED_FACE('',(#9353),#9834,.T.);
#10173=ADVANCED_FACE('',(#9354),#9835,.T.);
#10174=ADVANCED_FACE('',(#9355),#9836,.T.);
#10175=ADVANCED_FACE('',(#9356),#138,.T.);
#10176=ADVANCED_FACE('',(#9357),#139,.T.);
#10177=ADVANCED_FACE('',(#9358),#140,.T.);
#10178=ADVANCED_FACE('',(#9359),#141,.T.);
#10179=ADVANCED_FACE('',(#9360),#142,.T.);
#10180=ADVANCED_FACE('',(#9361),#143,.T.);
#10181=ADVANCED_FACE('',(#9362),#144,.T.);
#10182=ADVANCED_FACE('',(#9363),#145,.T.);
#10183=ADVANCED_FACE('',(#9364),#9837,.T.);
#10184=ADVANCED_FACE('',(#9365),#146,.T.);
#10185=ADVANCED_FACE('',(#9366),#147,.T.);
#10186=ADVANCED_FACE('',(#9367),#9838,.T.);
#10187=ADVANCED_FACE('',(#9368),#9839,.T.);
#10188=ADVANCED_FACE('',(#9369),#9840,.T.);
#10189=ADVANCED_FACE('',(#9370),#9841,.T.);
#10190=ADVANCED_FACE('',(#9371),#9842,.T.);
#10191=ADVANCED_FACE('',(#9372),#148,.T.);
#10192=ADVANCED_FACE('',(#9373),#149,.T.);
#10193=ADVANCED_FACE('',(#9374),#150,.T.);
#10194=ADVANCED_FACE('',(#9375),#151,.T.);
#10195=ADVANCED_FACE('',(#9376),#152,.T.);
#10196=ADVANCED_FACE('',(#9377),#40,.T.);
#10197=ADVANCED_FACE('',(#9378),#41,.T.);
#10198=ADVANCED_FACE('',(#9379),#153,.F.);
#10199=ADVANCED_FACE('',(#9380),#42,.T.);
#10200=ADVANCED_FACE('',(#9381),#43,.T.);
#10201=ADVANCED_FACE('',(#9382),#154,.F.);
#10202=ADVANCED_FACE('',(#9383),#44,.T.);
#10203=ADVANCED_FACE('',(#9384),#155,.F.);
#10204=ADVANCED_FACE('',(#9385),#156,.F.);
#10205=ADVANCED_FACE('',(#9386),#9843,.T.);
#10206=ADVANCED_FACE('',(#9387),#157,.F.);
#10207=ADVANCED_FACE('',(#9388),#158,.T.);
#10208=ADVANCED_FACE('',(#9389,#9390),#9844,.T.);
#10209=ADVANCED_FACE('',(#9391),#9845,.T.);
#10210=ADVANCED_FACE('',(#9392),#45,.T.);
#10211=ADVANCED_FACE('',(#9393),#159,.T.);
#10212=ADVANCED_FACE('',(#9394),#46,.T.);
#10213=ADVANCED_FACE('',(#9395),#47,.T.);
#10214=ADVANCED_FACE('',(#9396),#160,.F.);
#10215=ADVANCED_FACE('',(#9397),#48,.T.);
#10216=ADVANCED_FACE('',(#9398),#49,.T.);
#10217=ADVANCED_FACE('',(#9399),#50,.T.);
#10218=ADVANCED_FACE('',(#9400),#9846,.T.);
#10219=ADVANCED_FACE('',(#9401),#9847,.T.);
#10220=ADVANCED_FACE('',(#9402),#9848,.T.);
#10221=ADVANCED_FACE('',(#9403),#161,.T.);
#10222=ADVANCED_FACE('',(#9404),#51,.T.);
#10223=ADVANCED_FACE('',(#9405),#52,.T.);
#10224=ADVANCED_FACE('',(#9406),#162,.T.);
#10225=ADVANCED_FACE('',(#9407),#53,.T.);
#10226=ADVANCED_FACE('',(#9408),#54,.T.);
#10227=ADVANCED_FACE('',(#9409),#163,.F.);
#10228=ADVANCED_FACE('',(#9410),#55,.T.);
#10229=ADVANCED_FACE('',(#9411),#164,.F.);
#10230=ADVANCED_FACE('',(#9412),#165,.F.);
#10231=ADVANCED_FACE('',(#9413),#9849,.T.);
#10232=ADVANCED_FACE('',(#9414),#9850,.T.);
#10233=ADVANCED_FACE('',(#9415),#9851,.T.);
#10234=ADVANCED_FACE('',(#9416),#166,.T.);
#10235=ADVANCED_FACE('',(#9417),#56,.T.);
#10236=ADVANCED_FACE('',(#9418),#9852,.T.);
#10237=ADVANCED_FACE('',(#9419),#167,.F.);
#10238=ADVANCED_FACE('',(#9420),#9853,.T.);
#10239=ADVANCED_FACE('',(#9421),#57,.T.);
#10240=ADVANCED_FACE('',(#9422),#168,.F.);
#10241=ADVANCED_FACE('',(#9423),#58,.T.);
#10242=ADVANCED_FACE('',(#9424),#169,.F.);
#10243=ADVANCED_FACE('',(#9425),#59,.T.);
#10244=ADVANCED_FACE('',(#9426),#170,.F.);
#10245=ADVANCED_FACE('',(#9427),#9854,.T.);
#10246=ADVANCED_FACE('',(#9428),#9855,.T.);
#10247=ADVANCED_FACE('',(#9429),#9856,.T.);
#10248=ADVANCED_FACE('',(#9430),#9857,.T.);
#10249=ADVANCED_FACE('',(#9431),#171,.T.);
#10250=ADVANCED_FACE('',(#9432),#172,.T.);
#10251=ADVANCED_FACE('',(#9433),#173,.T.);
#10252=ADVANCED_FACE('',(#9434),#174,.T.);
#10253=ADVANCED_FACE('',(#9435),#60,.T.);
#10254=ADVANCED_FACE('',(#9436),#175,.T.);
#10255=ADVANCED_FACE('',(#9437),#61,.T.);
#10256=ADVANCED_FACE('',(#9438),#9858,.T.);
#10257=ADVANCED_FACE('',(#9439),#9859,.T.);
#10258=ADVANCED_FACE('',(#9440),#9860,.T.);
#10259=ADVANCED_FACE('',(#9441),#176,.F.);
#10260=ADVANCED_FACE('',(#9442,#9443),#9861,.T.);
#10261=ADVANCED_FACE('',(#9444),#9862,.T.);
#10262=ADVANCED_FACE('',(#9445),#9863,.T.);
#10263=ADVANCED_FACE('',(#9446),#9864,.T.);
#10264=ADVANCED_FACE('',(#9447),#9865,.T.);
#10265=ADVANCED_FACE('',(#9448),#9866,.T.);
#10266=ADVANCED_FACE('',(#9449),#9867,.T.);
#10267=ADVANCED_FACE('',(#9450),#9868,.T.);
#10268=ADVANCED_FACE('',(#9451),#9869,.T.);
#10269=ADVANCED_FACE('',(#9452),#9870,.T.);
#10270=ADVANCED_FACE('',(#9453),#9871,.T.);
#10271=ADVANCED_FACE('',(#9454),#62,.T.);
#10272=ADVANCED_FACE('',(#9455),#177,.T.);
#10273=ADVANCED_FACE('',(#9456),#178,.T.);
#10274=ADVANCED_FACE('',(#9457),#9872,.T.);
#10275=ADVANCED_FACE('',(#9458),#9873,.T.);
#10276=ADVANCED_FACE('',(#9459),#9874,.T.);
#10277=ADVANCED_FACE('',(#9460),#179,.F.);
#10278=ADVANCED_FACE('',(#9461),#180,.F.);
#10279=ADVANCED_FACE('',(#9462),#63,.T.);
#10280=ADVANCED_FACE('',(#9463),#64,.T.);
#10281=ADVANCED_FACE('',(#9464),#65,.T.);
#10282=ADVANCED_FACE('',(#9465),#66,.T.);
#10283=ADVANCED_FACE('',(#9466),#181,.F.);
#10284=ADVANCED_FACE('',(#9467),#182,.F.);
#10285=ADVANCED_FACE('',(#9468),#183,.F.);
#10286=ADVANCED_FACE('',(#9469),#9875,.T.);
#10287=ADVANCED_FACE('',(#9470),#9876,.T.);
#10288=ADVANCED_FACE('',(#9471),#9877,.T.);
#10289=ADVANCED_FACE('',(#9472),#184,.T.);
#10290=ADVANCED_FACE('',(#9473),#67,.T.);
#10291=ADVANCED_FACE('',(#9474),#185,.T.);
#10292=ADVANCED_FACE('',(#9475),#68,.T.);
#10293=ADVANCED_FACE('',(#9476),#69,.T.);
#10294=ADVANCED_FACE('',(#9477),#9878,.T.);
#10295=ADVANCED_FACE('',(#9478),#9879,.T.);
#10296=ADVANCED_FACE('',(#9479),#9880,.T.);
#10297=ADVANCED_FACE('',(#9480),#9881,.T.);
#10298=ADVANCED_FACE('',(#9481),#9882,.T.);
#10299=ADVANCED_FACE('',(#9482),#9883,.T.);
#10300=ADVANCED_FACE('',(#9483),#9884,.T.);
#10301=ADVANCED_FACE('',(#9484),#9885,.T.);
#10302=ADVANCED_FACE('',(#9485),#9886,.T.);
#10303=ADVANCED_FACE('',(#9486),#9887,.T.);
#10304=ADVANCED_FACE('',(#9487),#9888,.T.);
#10305=ADVANCED_FACE('',(#9488),#9889,.T.);
#10306=ADVANCED_FACE('',(#9489),#9890,.T.);
#10307=ADVANCED_FACE('',(#9490),#9891,.T.);
#10308=ADVANCED_FACE('',(#9491),#9892,.T.);
#10309=ADVANCED_FACE('',(#9492),#9893,.T.);
#10310=ADVANCED_FACE('',(#9493),#9894,.T.);
#10311=ADVANCED_FACE('',(#9494),#9895,.T.);
#10312=ADVANCED_FACE('',(#9495),#9896,.T.);
#10313=ADVANCED_FACE('',(#9496),#9897,.T.);
#10314=ADVANCED_FACE('',(#9497),#9898,.T.);
#10315=ADVANCED_FACE('',(#9498),#9899,.T.);
#10316=ADVANCED_FACE('',(#9499),#9900,.T.);
#10317=ADVANCED_FACE('',(#9500),#9901,.T.);
#10318=ADVANCED_FACE('',(#9501),#9902,.T.);
#10319=ADVANCED_FACE('',(#9502),#9903,.T.);
#10320=ADVANCED_FACE('',(#9503,#9504),#9904,.T.);
#10321=ADVANCED_FACE('',(#9505),#9905,.T.);
#10322=ADVANCED_FACE('',(#9506),#70,.T.);
#10323=ADVANCED_FACE('',(#9507),#9906,.T.);
#10324=ADVANCED_FACE('',(#9508),#186,.T.);
#10325=ADVANCED_FACE('',(#9509),#187,.T.);
#10326=ADVANCED_FACE('',(#9510),#188,.T.);
#10327=ADVANCED_FACE('',(#9511),#189,.T.);
#10328=ADVANCED_FACE('',(#9512),#190,.T.);
#10329=ADVANCED_FACE('',(#9513),#191,.T.);
#10330=ADVANCED_FACE('',(#9514),#9907,.T.);
#10331=ADVANCED_FACE('',(#9515),#192,.T.);
#10332=ADVANCED_FACE('',(#9516),#71,.T.);
#10333=ADVANCED_FACE('',(#9517),#193,.T.);
#10334=ADVANCED_FACE('',(#9518),#194,.T.);
#10335=ADVANCED_FACE('',(#9519),#195,.T.);
#10336=ADVANCED_FACE('',(#9520),#196,.T.);
#10337=ADVANCED_FACE('',(#9521),#197,.T.);
#10338=ADVANCED_FACE('',(#9522),#198,.T.);
#10339=ADVANCED_FACE('',(#9523),#199,.T.);
#10340=ADVANCED_FACE('',(#9524),#200,.T.);
#10341=ADVANCED_FACE('',(#9525),#72,.T.);
#10342=ADVANCED_FACE('',(#9526),#201,.T.);
#10343=ADVANCED_FACE('',(#9527),#9908,.T.);
#10344=ADVANCED_FACE('',(#9528),#202,.T.);
#10345=ADVANCED_FACE('',(#9529),#203,.T.);
#10346=ADVANCED_FACE('',(#9530),#204,.T.);
#10347=ADVANCED_FACE('',(#9531),#205,.T.);
#10348=ADVANCED_FACE('',(#9532),#206,.T.);
#10349=ADVANCED_FACE('',(#9533),#207,.T.);
#10350=ADVANCED_FACE('',(#9534),#9909,.T.);
#10351=ADVANCED_FACE('',(#9535),#208,.F.);
#10352=ADVANCED_FACE('',(#9536),#209,.F.);
#10353=ADVANCED_FACE('',(#9537),#210,.F.);
#10354=ADVANCED_FACE('',(#9538),#211,.F.);
#10355=ADVANCED_FACE('',(#9539),#212,.F.);
#10356=ADVANCED_FACE('',(#9540),#213,.F.);
#10357=ADVANCED_FACE('',(#9541),#9910,.T.);
#10358=ADVANCED_FACE('',(#9542),#214,.F.);
#10359=ADVANCED_FACE('',(#9543),#215,.F.);
#10360=ADVANCED_FACE('',(#9544),#216,.F.);
#10361=ADVANCED_FACE('',(#9545),#217,.F.);
#10362=ADVANCED_FACE('',(#9546),#218,.F.);
#10363=ADVANCED_FACE('',(#9547),#219,.F.);
#10364=ADVANCED_FACE('',(#9548),#220,.F.);
#10365=ADVANCED_FACE('',(#9549),#221,.F.);
#10366=ADVANCED_FACE('',(#9550),#222,.F.);
#10367=ADVANCED_FACE('',(#9551),#223,.F.);
#10368=ADVANCED_FACE('',(#9552),#224,.F.);
#10369=ADVANCED_FACE('',(#9553),#225,.F.);
#10370=ADVANCED_FACE('',(#9554),#9911,.T.);
#10371=ADVANCED_FACE('',(#9555),#226,.F.);
#10372=ADVANCED_FACE('',(#9556),#73,.T.);
#10373=ADVANCED_FACE('',(#9557),#227,.F.);
#10374=ADVANCED_FACE('',(#9558),#9912,.T.);
#10375=ADVANCED_FACE('',(#9559),#9913,.T.);
#10376=ADVANCED_FACE('',(#9560),#9914,.T.);
#10377=ADVANCED_FACE('',(#9561),#9915,.T.);
#10378=ADVANCED_FACE('',(#9562),#9916,.T.);
#10379=ADVANCED_FACE('',(#9563),#9917,.T.);
#10380=ADVANCED_FACE('',(#9564),#9918,.T.);
#10381=ADVANCED_FACE('',(#9565),#9919,.T.);
#10382=ADVANCED_FACE('',(#9566),#9920,.T.);
#10383=ADVANCED_FACE('',(#9567),#9921,.T.);
#10384=ADVANCED_FACE('',(#9568),#9922,.T.);
#10385=ADVANCED_FACE('',(#9569),#9923,.T.);
#10386=ADVANCED_FACE('',(#9570),#9924,.T.);
#10387=ADVANCED_FACE('',(#9571),#9925,.T.);
#10388=ADVANCED_FACE('',(#9572),#9926,.T.);
#10389=ADVANCED_FACE('',(#9573),#9927,.T.);
#10390=ADVANCED_FACE('',(#9574),#9928,.T.);
#10391=ADVANCED_FACE('',(#9575),#9929,.T.);
#10392=ADVANCED_FACE('',(#9576),#9930,.T.);
#10393=ADVANCED_FACE('',(#9577),#9931,.T.);
#10394=ADVANCED_FACE('',(#9578),#9932,.T.);
#10395=ADVANCED_FACE('',(#9579),#9933,.T.);
#10396=ADVANCED_FACE('',(#9580),#9934,.T.);
#10397=ADVANCED_FACE('',(#9581),#9935,.T.);
#10398=ADVANCED_FACE('',(#9582),#9936,.T.);
#10399=ADVANCED_FACE('',(#9583),#9937,.T.);
#10400=ADVANCED_FACE('',(#9584),#9938,.T.);
#10401=ADVANCED_FACE('',(#9585),#9939,.T.);
#10402=ADVANCED_FACE('',(#9586),#9940,.T.);
#10403=ADVANCED_FACE('',(#9587),#9941,.T.);
#10404=ADVANCED_FACE('',(#9588),#9942,.T.);
#10405=ADVANCED_FACE('',(#9589),#9943,.T.);
#10406=ADVANCED_FACE('',(#9590),#9944,.T.);
#10407=ADVANCED_FACE('',(#9591),#9945,.T.);
#10408=ADVANCED_FACE('',(#9592),#9946,.T.);
#10409=ADVANCED_FACE('',(#9593),#9947,.T.);
#10410=ADVANCED_FACE('',(#9594),#9948,.T.);
#10411=ADVANCED_FACE('',(#9595),#74,.T.);
#10412=ADVANCED_FACE('',(#9596),#9949,.T.);
#10413=ADVANCED_FACE('',(#9597),#228,.T.);
#10414=ADVANCED_FACE('',(#9598),#229,.T.);
#10415=ADVANCED_FACE('',(#9599),#230,.T.);
#10416=ADVANCED_FACE('',(#9600),#231,.T.);
#10417=ADVANCED_FACE('',(#9601),#232,.T.);
#10418=ADVANCED_FACE('',(#9602),#233,.T.);
#10419=ADVANCED_FACE('',(#9603),#9950,.T.);
#10420=ADVANCED_FACE('',(#9604),#234,.T.);
#10421=ADVANCED_FACE('',(#9605),#75,.T.);
#10422=ADVANCED_FACE('',(#9606),#235,.T.);
#10423=ADVANCED_FACE('',(#9607),#236,.T.);
#10424=ADVANCED_FACE('',(#9608),#237,.T.);
#10425=ADVANCED_FACE('',(#9609),#238,.T.);
#10426=ADVANCED_FACE('',(#9610),#239,.T.);
#10427=ADVANCED_FACE('',(#9611),#240,.T.);
#10428=ADVANCED_FACE('',(#9612),#241,.T.);
#10429=ADVANCED_FACE('',(#9613),#242,.T.);
#10430=ADVANCED_FACE('',(#9614),#76,.T.);
#10431=ADVANCED_FACE('',(#9615),#243,.T.);
#10432=ADVANCED_FACE('',(#9616),#9951,.T.);
#10433=ADVANCED_FACE('',(#9617),#244,.T.);
#10434=ADVANCED_FACE('',(#9618),#245,.T.);
#10435=ADVANCED_FACE('',(#9619),#246,.T.);
#10436=ADVANCED_FACE('',(#9620),#247,.T.);
#10437=ADVANCED_FACE('',(#9621),#248,.T.);
#10438=ADVANCED_FACE('',(#9622),#249,.T.);
#10439=ADVANCED_FACE('',(#9623),#9952,.T.);
#10440=ADVANCED_FACE('',(#9624),#250,.F.);
#10441=ADVANCED_FACE('',(#9625),#251,.F.);
#10442=ADVANCED_FACE('',(#9626),#252,.F.);
#10443=ADVANCED_FACE('',(#9627),#253,.F.);
#10444=ADVANCED_FACE('',(#9628),#254,.F.);
#10445=ADVANCED_FACE('',(#9629),#255,.F.);
#10446=ADVANCED_FACE('',(#9630),#9953,.T.);
#10447=ADVANCED_FACE('',(#9631),#256,.F.);
#10448=ADVANCED_FACE('',(#9632),#257,.F.);
#10449=ADVANCED_FACE('',(#9633),#258,.F.);
#10450=ADVANCED_FACE('',(#9634),#259,.F.);
#10451=ADVANCED_FACE('',(#9635),#260,.F.);
#10452=ADVANCED_FACE('',(#9636),#261,.F.);
#10453=ADVANCED_FACE('',(#9637),#262,.F.);
#10454=ADVANCED_FACE('',(#9638),#263,.F.);
#10455=ADVANCED_FACE('',(#9639),#264,.F.);
#10456=ADVANCED_FACE('',(#9640),#265,.F.);
#10457=ADVANCED_FACE('',(#9641),#266,.F.);
#10458=ADVANCED_FACE('',(#9642),#267,.F.);
#10459=ADVANCED_FACE('',(#9643),#9954,.T.);
#10460=ADVANCED_FACE('',(#9644),#268,.F.);
#10461=ADVANCED_FACE('',(#9645),#77,.T.);
#10462=ADVANCED_FACE('',(#9646),#269,.F.);
#10463=ADVANCED_FACE('',(#9647),#9955,.T.);
#10464=ADVANCED_FACE('',(#9648),#270,.F.);
#10465=ADVANCED_FACE('',(#9649),#9956,.T.);
#10466=ADVANCED_FACE('',(#9650),#271,.F.);
#10467=ADVANCED_FACE('',(#9651),#272,.F.);
#10468=ADVANCED_FACE('',(#9652),#273,.F.);
#10469=ADVANCED_FACE('',(#9653),#274,.F.);
#10470=ADVANCED_FACE('',(#9654),#275,.F.);
#10471=ADVANCED_FACE('',(#9655),#276,.F.);
#10472=ADVANCED_FACE('',(#9656),#277,.F.);
#10473=ADVANCED_FACE('',(#9657),#278,.F.);
#10474=ADVANCED_FACE('',(#9658),#279,.F.);
#10475=ADVANCED_FACE('',(#9659),#280,.F.);
#10476=ADVANCED_FACE('',(#9660),#281,.F.);
#10477=ADVANCED_FACE('',(#9661),#282,.F.);
#10478=ADVANCED_FACE('',(#9662),#9957,.T.);
#10479=ADVANCED_FACE('',(#9663),#283,.F.);
#10480=ADVANCED_FACE('',(#9664),#284,.F.);
#10481=ADVANCED_FACE('',(#9665),#285,.F.);
#10482=ADVANCED_FACE('',(#9666),#286,.F.);
#10483=ADVANCED_FACE('',(#9667),#287,.F.);
#10484=ADVANCED_FACE('',(#9668),#288,.F.);
#10485=ADVANCED_FACE('',(#9669),#289,.F.);
#10486=ADVANCED_FACE('',(#9670),#290,.F.);
#10487=ADVANCED_FACE('',(#9671),#291,.F.);
#10488=ADVANCED_FACE('',(#9672),#292,.F.);
#10489=ADVANCED_FACE('',(#9673),#293,.T.);
#10490=ADVANCED_FACE('',(#9674),#9958,.T.);
#10491=ADVANCED_FACE('',(#9675),#294,.T.);
#10492=ADVANCED_FACE('',(#9676),#78,.T.);
#10493=ADVANCED_FACE('',(#9677),#295,.T.);
#10494=ADVANCED_FACE('',(#9678),#296,.T.);
#10495=ADVANCED_FACE('',(#9679),#297,.T.);
#10496=ADVANCED_FACE('',(#9680),#298,.T.);
#10497=ADVANCED_FACE('',(#9681),#299,.T.);
#10498=ADVANCED_FACE('',(#9682),#300,.T.);
#10499=ADVANCED_FACE('',(#9683),#301,.T.);
#10500=ADVANCED_FACE('',(#9684),#302,.T.);
#10501=ADVANCED_FACE('',(#9685),#79,.T.);
#10502=ADVANCED_FACE('',(#9686),#303,.T.);
#10503=ADVANCED_FACE('',(#9687),#9959,.T.);
#10504=ADVANCED_FACE('',(#9688),#304,.T.);
#10505=ADVANCED_FACE('',(#9689),#80,.T.);
#10506=ADVANCED_FACE('',(#9690),#305,.T.);
#10507=ADVANCED_FACE('',(#9691),#306,.T.);
#10508=ADVANCED_FACE('',(#9692),#307,.T.);
#10509=ADVANCED_FACE('',(#9693),#308,.T.);
#10510=ADVANCED_FACE('',(#9694),#309,.T.);
#10511=ADVANCED_FACE('',(#9695),#310,.T.);
#10512=ADVANCED_FACE('',(#9696),#311,.T.);
#10513=ADVANCED_FACE('',(#9697),#312,.T.);
#10514=ADVANCED_FACE('',(#9698),#81,.T.);
#10515=ADVANCED_FACE('',(#9699),#313,.F.);
#10516=ADVANCED_FACE('',(#9700,#9701),#9960,.T.);
#10517=ADVANCED_FACE('',(#9702),#9961,.T.);
#10518=ADVANCED_FACE('',(#9703),#9962,.T.);
#10519=ADVANCED_FACE('',(#9704),#9963,.F.);
#10520=ADVANCED_FACE('',(#9705),#9964,.F.);
#10521=ADVANCED_FACE('',(#9706),#9965,.T.);
#10522=ADVANCED_FACE('',(#9707),#9966,.T.);
#10523=ADVANCED_FACE('',(#9708),#9967,.F.);
#10524=ADVANCED_FACE('',(#9709),#9968,.T.);
#10525=ADVANCED_FACE('',(#9710),#9969,.F.);
#10526=ADVANCED_FACE('',(#9711),#9970,.F.);
#10527=ADVANCED_FACE('',(#9712),#9971,.T.);
#10528=ADVANCED_FACE('',(#9713),#9972,.T.);
#10529=ADVANCED_FACE('',(#9714),#9973,.F.);
#10530=ADVANCED_FACE('',(#9715,#9716),#9974,.T.);
#10531=ADVANCED_FACE('',(#9717),#9975,.T.);
#10532=ADVANCED_FACE('',(#9718),#9976,.F.);
#10533=ADVANCED_FACE('',(#9719),#9977,.F.);
#10534=ADVANCED_FACE('',(#9720),#9978,.T.);
#10535=ADVANCED_FACE('',(#9721),#9979,.F.);
#10536=ADVANCED_FACE('',(#9722,#9723),#314,.T.);
#10537=ADVANCED_FACE('',(#9724),#9980,.T.);
#10538=ADVANCED_FACE('',(#9725),#9981,.T.);
#10539=ADVANCED_FACE('',(#9726),#9982,.F.);
#10540=ADVANCED_FACE('',(#9727),#9983,.T.);
#10541=ADVANCED_FACE('',(#9728),#9984,.T.);
#10542=CLOSED_SHELL('',(#9985,#9986,#9987,#9988,#9989,#9990));
#10543=CLOSED_SHELL('',(#9991,#9992,#9993,#9994,#9995,#9996,#9997,#9998,
#9999,#10000,#10001,#10002,#10003,#10004,#10005,#10006,#10007,#10008,#10009,
#10010,#10011,#10012,#10013,#10014,#10015,#10016,#10017,#10018,#10019,#10020,
#10021,#10022,#10023,#10024,#10025,#10026,#10027,#10028,#10029,#10030,#10031,
#10032,#10033,#10034,#10035,#10036,#10037,#10038,#10039,#10040,#10041,#10042,
#10043,#10044,#10045,#10046,#10047,#10048,#10049,#10050,#10051,#10052,#10053,
#10054,#10055,#10056,#10057,#10058,#10059,#10060,#10061,#10062,#10063,#10064,
#10065,#10066,#10067,#10068,#10069,#10070,#10071,#10072,#10073,#10074,#10075,
#10076,#10077,#10078,#10079,#10080,#10081,#10082,#10083,#10084,#10085,#10086,
#10087,#10088,#10089,#10090,#10091,#10092,#10093,#10094,#10095,#10096,#10097,
#10098,#10099,#10100,#10101,#10102,#10103,#10104,#10105,#10106,#10107,#10108,
#10109,#10110,#10111,#10112,#10113,#10114,#10115,#10116,#10117,#10118,#10119,
#10120,#10121,#10122,#10123,#10124,#10125,#10126,#10127,#10128,#10129,#10130,
#10131,#10132,#10133,#10134,#10135,#10136,#10137,#10138,#10139,#10140,#10141,
#10142,#10143,#10144,#10145,#10146,#10147,#10148,#10149,#10150,#10151,#10152,
#10153,#10154,#10155,#10156,#10157,#10158,#10159,#10160,#10161,#10162,#10163,
#10164,#10165,#10166,#10167,#10168,#10169,#10170,#10171,#10172,#10173,#10174,
#10175,#10176,#10177,#10178,#10179,#10180,#10181,#10182,#10183,#10184,#10185,
#10186,#10187,#10188,#10189,#10190,#10191,#10192,#10193,#10194,#10195,#10196,
#10197,#10198,#10199,#10200,#10201,#10202,#10203,#10204,#10205,#10206,#10207,
#10208,#10209,#10210,#10211,#10212,#10213,#10214,#10215,#10216,#10217,#10218,
#10219,#10220,#10221,#10222,#10223,#10224,#10225,#10226,#10227,#10228,#10229,
#10230,#10231,#10232,#10233,#10234,#10235,#10236,#10237,#10238,#10239,#10240,
#10241,#10242,#10243,#10244,#10245,#10246,#10247,#10248,#10249,#10250,#10251,
#10252,#10253,#10254,#10255,#10256,#10257,#10258,#10259,#10260,#10261,#10262,
#10263,#10264,#10265,#10266,#10267,#10268,#10269,#10270,#10271,#10272,#10273,
#10274,#10275,#10276,#10277,#10278,#10279,#10280,#10281,#10282,#10283,#10284,
#10285,#10286,#10287,#10288,#10289,#10290,#10291,#10292,#10293,#10294,#10295,
#10296,#10297,#10298,#10299,#10300,#10301,#10302,#10303,#10304,#10305,#10306,
#10307,#10308,#10309,#10310,#10311,#10312,#10313,#10314,#10315,#10316,#10317,
#10318,#10319,#10320,#10321,#10322,#10323,#10324,#10325,#10326,#10327,#10328,
#10329,#10330,#10331,#10332,#10333,#10334,#10335,#10336,#10337,#10338,#10339,
#10340,#10341,#10342,#10343,#10344,#10345,#10346,#10347,#10348,#10349,#10350,
#10351,#10352,#10353,#10354,#10355,#10356,#10357,#10358,#10359,#10360,#10361,
#10362,#10363,#10364,#10365,#10366,#10367,#10368,#10369,#10370,#10371,#10372,
#10373,#10374,#10375,#10376,#10377,#10378,#10379,#10380,#10381,#10382,#10383,
#10384,#10385,#10386,#10387,#10388,#10389,#10390,#10391,#10392,#10393,#10394,
#10395,#10396,#10397,#10398,#10399,#10400,#10401,#10402,#10403,#10404,#10405,
#10406,#10407,#10408,#10409,#10410,#10411,#10412,#10413,#10414,#10415,#10416,
#10417,#10418,#10419,#10420,#10421,#10422,#10423,#10424,#10425,#10426,#10427,
#10428,#10429,#10430,#10431,#10432,#10433,#10434,#10435,#10436,#10437,#10438,
#10439,#10440,#10441,#10442,#10443,#10444,#10445,#10446,#10447,#10448,#10449,
#10450,#10451,#10452,#10453,#10454,#10455,#10456,#10457,#10458,#10459,#10460,
#10461,#10462,#10463,#10464,#10465,#10466,#10467,#10468,#10469,#10470,#10471,
#10472,#10473,#10474,#10475,#10476,#10477,#10478,#10479,#10480,#10481,#10482,
#10483,#10484,#10485,#10486,#10487,#10488,#10489,#10490,#10491,#10492,#10493,
#10494,#10495,#10496,#10497,#10498,#10499,#10500,#10501,#10502,#10503,#10504,
#10505,#10506,#10507,#10508,#10509,#10510,#10511,#10512,#10513,#10514,#10515,
#10516,#10517));
#10544=CLOSED_SHELL('',(#10518,#10519,#10520,#10521,#10522,#10523));
#10545=CLOSED_SHELL('',(#10524,#10525,#10526,#10527,#10528,#10529));
#10546=CLOSED_SHELL('',(#10530,#10531,#10532,#10533,#10534,#10535,#10536,
#10537,#10538,#10539,#10540,#10541));
#10547=STYLED_ITEM('',(#10552),#10587);
#10548=STYLED_ITEM('',(#10553),#10588);
#10549=STYLED_ITEM('',(#10554),#10589);
#10550=STYLED_ITEM('',(#10555),#10590);
#10551=STYLED_ITEM('',(#10556),#10591);
#10552=PRESENTATION_STYLE_ASSIGNMENT((#10557));
#10553=PRESENTATION_STYLE_ASSIGNMENT((#10558));
#10554=PRESENTATION_STYLE_ASSIGNMENT((#10559));
#10555=PRESENTATION_STYLE_ASSIGNMENT((#10560));
#10556=PRESENTATION_STYLE_ASSIGNMENT((#10561));
#10557=SURFACE_STYLE_USAGE(.BOTH.,#10562);
#10558=SURFACE_STYLE_USAGE(.BOTH.,#10563);
#10559=SURFACE_STYLE_USAGE(.BOTH.,#10564);
#10560=SURFACE_STYLE_USAGE(.BOTH.,#10565);
#10561=SURFACE_STYLE_USAGE(.BOTH.,#10566);
#10562=SURFACE_SIDE_STYLE('',(#10567));
#10563=SURFACE_SIDE_STYLE('',(#10568));
#10564=SURFACE_SIDE_STYLE('',(#10569));
#10565=SURFACE_SIDE_STYLE('',(#10570));
#10566=SURFACE_SIDE_STYLE('',(#10571));
#10567=SURFACE_STYLE_FILL_AREA(#10572);
#10568=SURFACE_STYLE_FILL_AREA(#10573);
#10569=SURFACE_STYLE_FILL_AREA(#10574);
#10570=SURFACE_STYLE_FILL_AREA(#10575);
#10571=SURFACE_STYLE_FILL_AREA(#10576);
#10572=FILL_AREA_STYLE('',(#10577));
#10573=FILL_AREA_STYLE('',(#10578));
#10574=FILL_AREA_STYLE('',(#10579));
#10575=FILL_AREA_STYLE('',(#10580));
#10576=FILL_AREA_STYLE('',(#10581));
#10577=FILL_AREA_STYLE_COLOUR('',#10582);
#10578=FILL_AREA_STYLE_COLOUR('',#10583);
#10579=FILL_AREA_STYLE_COLOUR('',#10584);
#10580=FILL_AREA_STYLE_COLOUR('',#10585);
#10581=FILL_AREA_STYLE_COLOUR('',#10586);
#10582=COLOUR_RGB('',0.972549019607843,0.435294117647059,0.);
#10583=COLOUR_RGB('',0.917647058823529,0.917647058823529,0.917647058823529);
#10584=COLOUR_RGB('',0.301960784313725,0.301960784313725,0.301960784313725);
#10585=COLOUR_RGB('',1.,0.756862745098039,0.0549019607843137);
#10586=COLOUR_RGB('',0.529411764705882,0.568627450980392,0.6);
#10587=MANIFOLD_SOLID_BREP('Part 1',#10542);
#10588=MANIFOLD_SOLID_BREP('Part 1',#10543);
#10589=MANIFOLD_SOLID_BREP('Part 1',#10544);
#10590=MANIFOLD_SOLID_BREP('Part 1',#10545);
#10591=MANIFOLD_SOLID_BREP('Part 1',#10546);
#10592=SHAPE_DEFINITION_REPRESENTATION(#18364,#10598);
#10593=SHAPE_DEFINITION_REPRESENTATION(#18365,#10599);
#10594=SHAPE_DEFINITION_REPRESENTATION(#18367,#10600);
#10595=SHAPE_DEFINITION_REPRESENTATION(#18369,#10601);
#10596=SHAPE_DEFINITION_REPRESENTATION(#18371,#10602);
#10597=SHAPE_DEFINITION_REPRESENTATION(#18373,#10603);
#10598=SHAPE_REPRESENTATION('Assembly 1',(#10604,#10611,#11523,#11530,#11537,
#11552),#18349);
#10599=SHAPE_REPRESENTATION('Part 1',(#10604),#18350);
#10600=SHAPE_REPRESENTATION('Part 1',(#10604),#18351);
#10601=SHAPE_REPRESENTATION('Part 1',(#10604),#18352);
#10602=SHAPE_REPRESENTATION('Part 1',(#10604),#18353);
#10603=SHAPE_REPRESENTATION('Part 1',(#10604),#18354);
#10604=AXIS2_PLACEMENT_3D('',#14403,#11553,#11554);
#10605=AXIS2_PLACEMENT_3D('',#14404,#11555,#11556);
#10606=AXIS2_PLACEMENT_3D('',#14413,#11561,#11562);
#10607=AXIS2_PLACEMENT_3D('',#14419,#11566,#11567);
#10608=AXIS2_PLACEMENT_3D('',#14425,#11571,#11572);
#10609=AXIS2_PLACEMENT_3D('',#14428,#11575,#11576);
#10610=AXIS2_PLACEMENT_3D('',#14429,#11577,#11578);
#10611=AXIS2_PLACEMENT_3D('',#14430,#11579,#11580);
#10612=AXIS2_PLACEMENT_3D('',#14431,#11581,#11582);
#10613=AXIS2_PLACEMENT_3D('',#14432,#11583,#11584);
#10614=AXIS2_PLACEMENT_3D('',#14439,#11585,#11586);
#10615=AXIS2_PLACEMENT_3D('',#14441,#11587,#11588);
#10616=AXIS2_PLACEMENT_3D('',#14443,#11589,#11590);
#10617=AXIS2_PLACEMENT_3D('',#14445,#11591,#11592);
#10618=AXIS2_PLACEMENT_3D('',#14447,#11593,#11594);
#10619=AXIS2_PLACEMENT_3D('',#14449,#11595,#11596);
#10620=AXIS2_PLACEMENT_3D('',#14451,#11597,#11598);
#10621=AXIS2_PLACEMENT_3D('',#14453,#11599,#11600);
#10622=AXIS2_PLACEMENT_3D('',#14459,#11601,#11602);
#10623=AXIS2_PLACEMENT_3D('',#14463,#11604,#11605);
#10624=AXIS2_PLACEMENT_3D('',#14469,#11606,#11607);
#10625=AXIS2_PLACEMENT_3D('',#14471,#11608,#11609);
#10626=AXIS2_PLACEMENT_3D('',#14473,#11610,#11611);
#10627=AXIS2_PLACEMENT_3D('',#14475,#11612,#11613);
#10628=AXIS2_PLACEMENT_3D('',#14477,#11614,#11615);
#10629=AXIS2_PLACEMENT_3D('',#14479,#11616,#11617);
#10630=AXIS2_PLACEMENT_3D('',#14481,#11618,#11619);
#10631=AXIS2_PLACEMENT_3D('',#14483,#11620,#11621);
#10632=AXIS2_PLACEMENT_3D('',#14489,#11622,#11623);
#10633=AXIS2_PLACEMENT_3D('',#14497,#11625,#11626);
#10634=AXIS2_PLACEMENT_3D('',#14503,#11627,#11628);
#10635=AXIS2_PLACEMENT_3D('',#14507,#11630,#11631);
#10636=AXIS2_PLACEMENT_3D('',#14509,#11632,#11633);
#10637=AXIS2_PLACEMENT_3D('',#14511,#11634,#11635);
#10638=AXIS2_PLACEMENT_3D('',#14513,#11636,#11637);
#10639=AXIS2_PLACEMENT_3D('',#14515,#11638,#11639);
#10640=AXIS2_PLACEMENT_3D('',#14517,#11640,#11641);
#10641=AXIS2_PLACEMENT_3D('',#14519,#11642,#11643);
#10642=AXIS2_PLACEMENT_3D('',#14521,#11644,#11645);
#10643=AXIS2_PLACEMENT_3D('',#14523,#11646,#11647);
#10644=AXIS2_PLACEMENT_3D('',#14525,#11648,#11649);
#10645=AXIS2_PLACEMENT_3D('',#14527,#11650,#11651);
#10646=AXIS2_PLACEMENT_3D('',#14529,#11652,#11653);
#10647=AXIS2_PLACEMENT_3D('',#14533,#11655,#11656);
#10648=AXIS2_PLACEMENT_3D('',#14535,#11657,#11658);
#10649=AXIS2_PLACEMENT_3D('',#14537,#11659,#11660);
#10650=AXIS2_PLACEMENT_3D('',#14539,#11661,#11662);
#10651=AXIS2_PLACEMENT_3D('',#14541,#11663,#11664);
#10652=AXIS2_PLACEMENT_3D('',#14543,#11665,#11666);
#10653=AXIS2_PLACEMENT_3D('',#14547,#11668,#11669);
#10654=AXIS2_PLACEMENT_3D('',#14549,#11670,#11671);
#10655=AXIS2_PLACEMENT_3D('',#14551,#11672,#11673);
#10656=AXIS2_PLACEMENT_3D('',#14553,#11674,#11675);
#10657=AXIS2_PLACEMENT_3D('',#14555,#11676,#11677);
#10658=AXIS2_PLACEMENT_3D('',#14557,#11678,#11679);
#10659=AXIS2_PLACEMENT_3D('',#14561,#11681,#11682);
#10660=AXIS2_PLACEMENT_3D('',#14567,#11683,#11684);
#10661=AXIS2_PLACEMENT_3D('',#14569,#11685,#11686);
#10662=AXIS2_PLACEMENT_3D('',#14571,#11687,#11688);
#10663=AXIS2_PLACEMENT_3D('',#14573,#11689,#11690);
#10664=AXIS2_PLACEMENT_3D('',#14575,#11691,#11692);
#10665=AXIS2_PLACEMENT_3D('',#14577,#11693,#11694);
#10666=AXIS2_PLACEMENT_3D('',#14579,#11695,#11696);
#10667=AXIS2_PLACEMENT_3D('',#14581,#11697,#11698);
#10668=AXIS2_PLACEMENT_3D('',#14587,#11699,#11700);
#10669=AXIS2_PLACEMENT_3D('',#14591,#11702,#11703);
#10670=AXIS2_PLACEMENT_3D('',#14593,#11704,#11705);
#10671=AXIS2_PLACEMENT_3D('',#14595,#11706,#11707);
#10672=AXIS2_PLACEMENT_3D('',#14597,#11708,#11709);
#10673=AXIS2_PLACEMENT_3D('',#14599,#11710,#11711);
#10674=AXIS2_PLACEMENT_3D('',#14601,#11712,#11713);
#10675=AXIS2_PLACEMENT_3D('',#14675,#11748,#11749);
#10676=AXIS2_PLACEMENT_3D('',#14681,#11750,#11751);
#10677=AXIS2_PLACEMENT_3D('',#14685,#11753,#11754);
#10678=AXIS2_PLACEMENT_3D('',#14687,#11755,#11756);
#10679=AXIS2_PLACEMENT_3D('',#14689,#11757,#11758);
#10680=AXIS2_PLACEMENT_3D('',#14691,#11759,#11760);
#10681=AXIS2_PLACEMENT_3D('',#14693,#11761,#11762);
#10682=AXIS2_PLACEMENT_3D('',#14695,#11763,#11764);
#10683=AXIS2_PLACEMENT_3D('',#14697,#11765,#11766);
#10684=AXIS2_PLACEMENT_3D('',#14699,#11767,#11768);
#10685=AXIS2_PLACEMENT_3D('',#14701,#11769,#11770);
#10686=AXIS2_PLACEMENT_3D('',#14703,#11771,#11772);
#10687=AXIS2_PLACEMENT_3D('',#14705,#11773,#11774);
#10688=AXIS2_PLACEMENT_3D('',#14707,#11775,#11776);
#10689=AXIS2_PLACEMENT_3D('',#14711,#11778,#11779);
#10690=AXIS2_PLACEMENT_3D('',#14713,#11780,#11781);
#10691=AXIS2_PLACEMENT_3D('',#14715,#11782,#11783);
#10692=AXIS2_PLACEMENT_3D('',#14717,#11784,#11785);
#10693=AXIS2_PLACEMENT_3D('',#14719,#11786,#11787);
#10694=AXIS2_PLACEMENT_3D('',#14721,#11788,#11789);
#10695=AXIS2_PLACEMENT_3D('',#14725,#11791,#11792);
#10696=AXIS2_PLACEMENT_3D('',#14727,#11793,#11794);
#10697=AXIS2_PLACEMENT_3D('',#14729,#11795,#11796);
#10698=AXIS2_PLACEMENT_3D('',#14731,#11797,#11798);
#10699=AXIS2_PLACEMENT_3D('',#14733,#11799,#11800);
#10700=AXIS2_PLACEMENT_3D('',#14735,#11801,#11802);
#10701=AXIS2_PLACEMENT_3D('',#14739,#11804,#11805);
#10702=AXIS2_PLACEMENT_3D('',#14745,#11806,#11807);
#10703=AXIS2_PLACEMENT_3D('',#14747,#11808,#11809);
#10704=AXIS2_PLACEMENT_3D('',#14749,#11810,#11811);
#10705=AXIS2_PLACEMENT_3D('',#14751,#11812,#11813);
#10706=AXIS2_PLACEMENT_3D('',#14753,#11814,#11815);
#10707=AXIS2_PLACEMENT_3D('',#14755,#11816,#11817);
#10708=AXIS2_PLACEMENT_3D('',#14757,#11818,#11819);
#10709=AXIS2_PLACEMENT_3D('',#14759,#11820,#11821);
#10710=AXIS2_PLACEMENT_3D('',#14765,#11822,#11823);
#10711=AXIS2_PLACEMENT_3D('',#14769,#11825,#11826);
#10712=AXIS2_PLACEMENT_3D('',#14771,#11827,#11828);
#10713=AXIS2_PLACEMENT_3D('',#14773,#11829,#11830);
#10714=AXIS2_PLACEMENT_3D('',#14775,#11831,#11832);
#10715=AXIS2_PLACEMENT_3D('',#14777,#11833,#11834);
#10716=AXIS2_PLACEMENT_3D('',#14779,#11835,#11836);
#10717=AXIS2_PLACEMENT_3D('',#14837,#11859,#11860);
#10718=AXIS2_PLACEMENT_3D('',#14843,#11861,#11862);
#10719=AXIS2_PLACEMENT_3D('',#14851,#11866,#11867);
#10720=AXIS2_PLACEMENT_3D('',#14853,#11868,#11869);
#10721=AXIS2_PLACEMENT_3D('',#14855,#11870,#11871);
#10722=AXIS2_PLACEMENT_3D('',#14873,#11872,#11873);
#10723=AXIS2_PLACEMENT_3D('',#14875,#11874,#11875);
#10724=AXIS2_PLACEMENT_3D('',#14883,#11879,#11880);
#10725=AXIS2_PLACEMENT_3D('',#14885,#11881,#11882);
#10726=AXIS2_PLACEMENT_3D('',#14915,#11895,#11896);
#10727=AXIS2_PLACEMENT_3D('',#14921,#11897,#11898);
#10728=AXIS2_PLACEMENT_3D('',#14923,#11899,#11900);
#10729=AXIS2_PLACEMENT_3D('',#14925,#11901,#11902);
#10730=AXIS2_PLACEMENT_3D('',#14927,#11903,#11904);
#10731=AXIS2_PLACEMENT_3D('',#14943,#11908,#11909);
#10732=AXIS2_PLACEMENT_3D('',#14951,#11913,#11914);
#10733=AXIS2_PLACEMENT_3D('',#14953,#11915,#11916);
#10734=AXIS2_PLACEMENT_3D('',#14959,#11917,#11918);
#10735=AXIS2_PLACEMENT_3D('',#14969,#11919,#11920);
#10736=AXIS2_PLACEMENT_3D('',#14979,#11921,#11922);
#10737=AXIS2_PLACEMENT_3D('',#14999,#11926,#11927);
#10738=AXIS2_PLACEMENT_3D('',#15009,#11928,#11929);
#10739=AXIS2_PLACEMENT_3D('',#15010,#11930,#11931);
#10740=AXIS2_PLACEMENT_3D('',#15013,#11932,#11933);
#10741=AXIS2_PLACEMENT_3D('',#15023,#11934,#11935);
#10742=AXIS2_PLACEMENT_3D('',#15025,#11936,#11937);
#10743=AXIS2_PLACEMENT_3D('',#15027,#11938,#11939);
#10744=AXIS2_PLACEMENT_3D('',#15029,#11940,#11941);
#10745=AXIS2_PLACEMENT_3D('',#15031,#11942,#11943);
#10746=AXIS2_PLACEMENT_3D('',#15043,#11949,#11950);
#10747=AXIS2_PLACEMENT_3D('',#15044,#11951,#11952);
#10748=AXIS2_PLACEMENT_3D('',#15047,#11953,#11954);
#10749=AXIS2_PLACEMENT_3D('',#15049,#11955,#11956);
#10750=AXIS2_PLACEMENT_3D('',#15051,#11957,#11958);
#10751=AXIS2_PLACEMENT_3D('',#15053,#11959,#11960);
#10752=AXIS2_PLACEMENT_3D('',#15055,#11961,#11962);
#10753=AXIS2_PLACEMENT_3D('',#15057,#11963,#11964);
#10754=AXIS2_PLACEMENT_3D('',#15059,#11965,#11966);
#10755=AXIS2_PLACEMENT_3D('',#15085,#11975,#11976);
#10756=AXIS2_PLACEMENT_3D('',#15093,#11980,#11981);
#10757=AXIS2_PLACEMENT_3D('',#15095,#11982,#11983);
#10758=AXIS2_PLACEMENT_3D('',#15101,#11984,#11985);
#10759=AXIS2_PLACEMENT_3D('',#15111,#11986,#11987);
#10760=AXIS2_PLACEMENT_3D('',#15121,#11988,#11989);
#10761=AXIS2_PLACEMENT_3D('',#15141,#11993,#11994);
#10762=AXIS2_PLACEMENT_3D('',#15151,#11995,#11996);
#10763=AXIS2_PLACEMENT_3D('',#15152,#11997,#11998);
#10764=AXIS2_PLACEMENT_3D('',#15163,#11999,#12000);
#10765=AXIS2_PLACEMENT_3D('',#15183,#12008,#12009);
#10766=AXIS2_PLACEMENT_3D('',#15193,#12010,#12011);
#10767=AXIS2_PLACEMENT_3D('',#15195,#12012,#12013);
#10768=AXIS2_PLACEMENT_3D('',#15227,#12019,#12020);
#10769=AXIS2_PLACEMENT_3D('',#15229,#12021,#12022);
#10770=AXIS2_PLACEMENT_3D('',#15233,#12024,#12025);
#10771=AXIS2_PLACEMENT_3D('',#15235,#12026,#12027);
#10772=AXIS2_PLACEMENT_3D('',#15245,#12028,#12029);
#10773=AXIS2_PLACEMENT_3D('',#15247,#12030,#12031);
#10774=AXIS2_PLACEMENT_3D('',#15257,#12032,#12033);
#10775=AXIS2_PLACEMENT_3D('',#15261,#12035,#12036);
#10776=AXIS2_PLACEMENT_3D('',#15263,#12037,#12038);
#10777=AXIS2_PLACEMENT_3D('',#15265,#12039,#12040);
#10778=AXIS2_PLACEMENT_3D('',#15267,#12041,#12042);
#10779=AXIS2_PLACEMENT_3D('',#15269,#12043,#12044);
#10780=AXIS2_PLACEMENT_3D('',#15271,#12045,#12046);
#10781=AXIS2_PLACEMENT_3D('',#15273,#12047,#12048);
#10782=AXIS2_PLACEMENT_3D('',#15275,#12049,#12050);
#10783=AXIS2_PLACEMENT_3D('',#15277,#12051,#12052);
#10784=AXIS2_PLACEMENT_3D('',#15283,#12053,#12054);
#10785=AXIS2_PLACEMENT_3D('',#15285,#12055,#12056);
#10786=AXIS2_PLACEMENT_3D('',#15294,#12061,#12062);
#10787=AXIS2_PLACEMENT_3D('',#15304,#12067,#12068);
#10788=AXIS2_PLACEMENT_3D('',#15323,#12078,#12079);
#10789=AXIS2_PLACEMENT_3D('',#15342,#12089,#12090);
#10790=AXIS2_PLACEMENT_3D('',#15346,#12092,#12093);
#10791=AXIS2_PLACEMENT_3D('',#15347,#12094,#12095);
#10792=AXIS2_PLACEMENT_3D('',#15348,#12096,#12097);
#10793=AXIS2_PLACEMENT_3D('',#15349,#12098,#12099);
#10794=AXIS2_PLACEMENT_3D('',#15353,#12101,#12102);
#10795=AXIS2_PLACEMENT_3D('',#15354,#12103,#12104);
#10796=AXIS2_PLACEMENT_3D('',#15360,#12108,#12109);
#10797=AXIS2_PLACEMENT_3D('',#15368,#12114,#12115);
#10798=AXIS2_PLACEMENT_3D('',#15394,#12129,#12130);
#10799=AXIS2_PLACEMENT_3D('',#15395,#12131,#12132);
#10800=AXIS2_PLACEMENT_3D('',#15405,#12137,#12138);
#10801=AXIS2_PLACEMENT_3D('',#15406,#12139,#12140);
#10802=AXIS2_PLACEMENT_3D('',#15428,#12151,#12152);
#10803=AXIS2_PLACEMENT_3D('',#15441,#12159,#12160);
#10804=AXIS2_PLACEMENT_3D('',#15464,#12172,#12173);
#10805=AXIS2_PLACEMENT_3D('',#15466,#12175,#12176);
#10806=AXIS2_PLACEMENT_3D('',#15469,#12179,#12180);
#10807=AXIS2_PLACEMENT_3D('',#15472,#12183,#12184);
#10808=AXIS2_PLACEMENT_3D('',#15474,#12186,#12187);
#10809=AXIS2_PLACEMENT_3D('',#15475,#12188,#12189);
#10810=AXIS2_PLACEMENT_3D('',#15478,#12191,#12192);
#10811=AXIS2_PLACEMENT_3D('',#15481,#12195,#12196);
#10812=AXIS2_PLACEMENT_3D('',#15482,#12197,#12198);
#10813=AXIS2_PLACEMENT_3D('',#15484,#12200,#12201);
#10814=AXIS2_PLACEMENT_3D('',#15485,#12202,#12203);
#10815=AXIS2_PLACEMENT_3D('',#15487,#12205,#12206);
#10816=AXIS2_PLACEMENT_3D('',#15489,#12208,#12209);
#10817=AXIS2_PLACEMENT_3D('',#15491,#12211,#12212);
#10818=AXIS2_PLACEMENT_3D('',#15492,#12213,#12214);
#10819=AXIS2_PLACEMENT_3D('',#15493,#12215,#12216);
#10820=AXIS2_PLACEMENT_3D('',#15502,#12221,#12222);
#10821=AXIS2_PLACEMENT_3D('',#15512,#12228,#12229);
#10822=AXIS2_PLACEMENT_3D('',#15515,#12232,#12233);
#10823=AXIS2_PLACEMENT_3D('',#15523,#12238,#12239);
#10824=AXIS2_PLACEMENT_3D('',#15532,#12244,#12245);
#10825=AXIS2_PLACEMENT_3D('',#15538,#12249,#12250);
#10826=AXIS2_PLACEMENT_3D('',#15547,#12255,#12256);
#10827=AXIS2_PLACEMENT_3D('',#15554,#12261,#12262);
#10828=AXIS2_PLACEMENT_3D('',#15567,#12269,#12270);
#10829=AXIS2_PLACEMENT_3D('',#15577,#12276,#12277);
#10830=AXIS2_PLACEMENT_3D('',#15584,#12282,#12283);
#10831=AXIS2_PLACEMENT_3D('',#15589,#12288,#12289);
#10832=AXIS2_PLACEMENT_3D('',#15592,#12292,#12293);
#10833=AXIS2_PLACEMENT_3D('',#15594,#12295,#12296);
#10834=AXIS2_PLACEMENT_3D('',#15598,#12299,#12300);
#10835=AXIS2_PLACEMENT_3D('',#15600,#12302,#12303);
#10836=AXIS2_PLACEMENT_3D('',#15602,#12305,#12306);
#10837=AXIS2_PLACEMENT_3D('',#15604,#12308,#12309);
#10838=AXIS2_PLACEMENT_3D('',#15606,#12311,#12312);
#10839=AXIS2_PLACEMENT_3D('',#15608,#12314,#12315);
#10840=AXIS2_PLACEMENT_3D('',#15610,#12317,#12318);
#10841=AXIS2_PLACEMENT_3D('',#15612,#12320,#12321);
#10842=AXIS2_PLACEMENT_3D('',#15614,#12323,#12324);
#10843=AXIS2_PLACEMENT_3D('',#15616,#12326,#12327);
#10844=AXIS2_PLACEMENT_3D('',#15618,#12329,#12330);
#10845=AXIS2_PLACEMENT_3D('',#15619,#12331,#12332);
#10846=AXIS2_PLACEMENT_3D('',#15622,#12335,#12336);
#10847=AXIS2_PLACEMENT_3D('',#15624,#12338,#12339);
#10848=AXIS2_PLACEMENT_3D('',#15626,#12341,#12342);
#10849=AXIS2_PLACEMENT_3D('',#15627,#12343,#12344);
#10850=AXIS2_PLACEMENT_3D('',#15629,#12346,#12347);
#10851=AXIS2_PLACEMENT_3D('',#15635,#12351,#12352);
#10852=AXIS2_PLACEMENT_3D('',#15639,#12355,#12356);
#10853=AXIS2_PLACEMENT_3D('',#15643,#12359,#12360);
#10854=AXIS2_PLACEMENT_3D('',#15644,#12361,#12362);
#10855=AXIS2_PLACEMENT_3D('',#15646,#12364,#12365);
#10856=AXIS2_PLACEMENT_3D('',#15652,#12369,#12370);
#10857=AXIS2_PLACEMENT_3D('',#15654,#12372,#12373);
#10858=AXIS2_PLACEMENT_3D('',#15656,#12375,#12376);
#10859=AXIS2_PLACEMENT_3D('',#15658,#12378,#12379);
#10860=AXIS2_PLACEMENT_3D('',#15659,#12380,#12381);
#10861=AXIS2_PLACEMENT_3D('',#15668,#12386,#12387);
#10862=AXIS2_PLACEMENT_3D('',#15674,#12391,#12392);
#10863=AXIS2_PLACEMENT_3D('',#15680,#12396,#12397);
#10864=AXIS2_PLACEMENT_3D('',#15681,#12398,#12399);
#10865=AXIS2_PLACEMENT_3D('',#15685,#12401,#12402);
#10866=AXIS2_PLACEMENT_3D('',#15686,#12403,#12404);
#10867=AXIS2_PLACEMENT_3D('',#15687,#12405,#12406);
#10868=AXIS2_PLACEMENT_3D('',#15691,#12408,#12409);
#10869=AXIS2_PLACEMENT_3D('',#15692,#12410,#12411);
#10870=AXIS2_PLACEMENT_3D('',#15693,#12412,#12413);
#10871=AXIS2_PLACEMENT_3D('',#15697,#12415,#12416);
#10872=AXIS2_PLACEMENT_3D('',#15698,#12417,#12418);
#10873=AXIS2_PLACEMENT_3D('',#15699,#12419,#12420);
#10874=AXIS2_PLACEMENT_3D('',#15703,#12422,#12423);
#10875=AXIS2_PLACEMENT_3D('',#15704,#12424,#12425);
#10876=AXIS2_PLACEMENT_3D('',#15705,#12426,#12427);
#10877=AXIS2_PLACEMENT_3D('',#15709,#12429,#12430);
#10878=AXIS2_PLACEMENT_3D('',#15710,#12431,#12432);
#10879=AXIS2_PLACEMENT_3D('',#15711,#12433,#12434);
#10880=AXIS2_PLACEMENT_3D('',#15715,#12436,#12437);
#10881=AXIS2_PLACEMENT_3D('',#15716,#12438,#12439);
#10882=AXIS2_PLACEMENT_3D('',#15717,#12440,#12441);
#10883=AXIS2_PLACEMENT_3D('',#15721,#12443,#12444);
#10884=AXIS2_PLACEMENT_3D('',#15722,#12445,#12446);
#10885=AXIS2_PLACEMENT_3D('',#15723,#12447,#12448);
#10886=AXIS2_PLACEMENT_3D('',#15727,#12450,#12451);
#10887=AXIS2_PLACEMENT_3D('',#15728,#12452,#12453);
#10888=AXIS2_PLACEMENT_3D('',#15729,#12454,#12455);
#10889=AXIS2_PLACEMENT_3D('',#15733,#12457,#12458);
#10890=AXIS2_PLACEMENT_3D('',#15734,#12459,#12460);
#10891=AXIS2_PLACEMENT_3D('',#15735,#12461,#12462);
#10892=AXIS2_PLACEMENT_3D('',#15739,#12464,#12465);
#10893=AXIS2_PLACEMENT_3D('',#15740,#12466,#12467);
#10894=AXIS2_PLACEMENT_3D('',#15741,#12468,#12469);
#10895=AXIS2_PLACEMENT_3D('',#15745,#12471,#12472);
#10896=AXIS2_PLACEMENT_3D('',#15746,#12473,#12474);
#10897=AXIS2_PLACEMENT_3D('',#15752,#12478,#12479);
#10898=AXIS2_PLACEMENT_3D('',#15756,#12482,#12483);
#10899=AXIS2_PLACEMENT_3D('',#15760,#12486,#12487);
#10900=AXIS2_PLACEMENT_3D('',#15764,#12490,#12491);
#10901=AXIS2_PLACEMENT_3D('',#15768,#12494,#12495);
#10902=AXIS2_PLACEMENT_3D('',#15771,#12497,#12498);
#10903=AXIS2_PLACEMENT_3D('',#15772,#12499,#12500);
#10904=AXIS2_PLACEMENT_3D('',#15775,#12502,#12503);
#10905=AXIS2_PLACEMENT_3D('',#15789,#12505,#12506);
#10906=AXIS2_PLACEMENT_3D('',#15792,#12508,#12509);
#10907=AXIS2_PLACEMENT_3D('',#15793,#12510,#12511);
#10908=AXIS2_PLACEMENT_3D('',#15796,#12513,#12514);
#10909=AXIS2_PLACEMENT_3D('',#15797,#12515,#12516);
#10910=AXIS2_PLACEMENT_3D('',#15800,#12518,#12519);
#10911=AXIS2_PLACEMENT_3D('',#15801,#12520,#12521);
#10912=AXIS2_PLACEMENT_3D('',#15804,#12523,#12524);
#10913=AXIS2_PLACEMENT_3D('',#15805,#12525,#12526);
#10914=AXIS2_PLACEMENT_3D('',#15808,#12528,#12529);
#10915=AXIS2_PLACEMENT_3D('',#15809,#12530,#12531);
#10916=AXIS2_PLACEMENT_3D('',#15812,#12533,#12534);
#10917=AXIS2_PLACEMENT_3D('',#15813,#12535,#12536);
#10918=AXIS2_PLACEMENT_3D('',#15816,#12538,#12539);
#10919=AXIS2_PLACEMENT_3D('',#15817,#12540,#12541);
#10920=AXIS2_PLACEMENT_3D('',#15820,#12543,#12544);
#10921=AXIS2_PLACEMENT_3D('',#15821,#12545,#12546);
#10922=AXIS2_PLACEMENT_3D('',#15822,#12547,#12548);
#10923=AXIS2_PLACEMENT_3D('',#15823,#12549,#12550);
#10924=AXIS2_PLACEMENT_3D('',#15824,#12551,#12552);
#10925=AXIS2_PLACEMENT_3D('',#15825,#12553,#12554);
#10926=AXIS2_PLACEMENT_3D('',#15826,#12555,#12556);
#10927=AXIS2_PLACEMENT_3D('',#15827,#12557,#12558);
#10928=AXIS2_PLACEMENT_3D('',#15848,#12561,#12562);
#10929=AXIS2_PLACEMENT_3D('',#15849,#12563,#12564);
#10930=AXIS2_PLACEMENT_3D('',#15853,#12566,#12567);
#10931=AXIS2_PLACEMENT_3D('',#15854,#12568,#12569);
#10932=AXIS2_PLACEMENT_3D('',#15855,#12570,#12571);
#10933=AXIS2_PLACEMENT_3D('',#15859,#12573,#12574);
#10934=AXIS2_PLACEMENT_3D('',#15877,#12576,#12577);
#10935=AXIS2_PLACEMENT_3D('',#15878,#12578,#12579);
#10936=AXIS2_PLACEMENT_3D('',#15882,#12581,#12582);
#10937=AXIS2_PLACEMENT_3D('',#15883,#12583,#12584);
#10938=AXIS2_PLACEMENT_3D('',#15884,#12585,#12586);
#10939=AXIS2_PLACEMENT_3D('',#15888,#12588,#12589);
#10940=AXIS2_PLACEMENT_3D('',#15904,#12592,#12593);
#10941=AXIS2_PLACEMENT_3D('',#15907,#12595,#12596);
#10942=AXIS2_PLACEMENT_3D('',#15934,#12599,#12600);
#10943=AXIS2_PLACEMENT_3D('',#15937,#12602,#12603);
#10944=AXIS2_PLACEMENT_3D('',#15938,#12604,#12605);
#10945=AXIS2_PLACEMENT_3D('',#15941,#12607,#12608);
#10946=AXIS2_PLACEMENT_3D('',#15968,#12611,#12612);
#10947=AXIS2_PLACEMENT_3D('',#15971,#12614,#12615);
#10948=AXIS2_PLACEMENT_3D('',#15972,#12616,#12617);
#10949=AXIS2_PLACEMENT_3D('',#15975,#12619,#12620);
#10950=AXIS2_PLACEMENT_3D('',#15976,#12621,#12622);
#10951=AXIS2_PLACEMENT_3D('',#15980,#12625,#12626);
#10952=AXIS2_PLACEMENT_3D('',#15983,#12628,#12629);
#10953=AXIS2_PLACEMENT_3D('',#15984,#12630,#12631);
#10954=AXIS2_PLACEMENT_3D('',#15987,#12633,#12634);
#10955=AXIS2_PLACEMENT_3D('',#16014,#12637,#12638);
#10956=AXIS2_PLACEMENT_3D('',#16043,#12641,#12642);
#10957=AXIS2_PLACEMENT_3D('',#16044,#12643,#12644);
#10958=AXIS2_PLACEMENT_3D('',#16045,#12645,#12646);
#10959=AXIS2_PLACEMENT_3D('',#16048,#12648,#12649);
#10960=AXIS2_PLACEMENT_3D('',#16064,#12652,#12653);
#10961=AXIS2_PLACEMENT_3D('',#16068,#12656,#12657);
#10962=AXIS2_PLACEMENT_3D('',#16072,#12660,#12661);
#10963=AXIS2_PLACEMENT_3D('',#16076,#12664,#12665);
#10964=AXIS2_PLACEMENT_3D('',#16080,#12668,#12669);
#10965=AXIS2_PLACEMENT_3D('',#16083,#12671,#12672);
#10966=AXIS2_PLACEMENT_3D('',#16084,#12673,#12674);
#10967=AXIS2_PLACEMENT_3D('',#16087,#12676,#12677);
#10968=AXIS2_PLACEMENT_3D('',#16114,#12680,#12681);
#10969=AXIS2_PLACEMENT_3D('',#16117,#12683,#12684);
#10970=AXIS2_PLACEMENT_3D('',#16131,#12686,#12687);
#10971=AXIS2_PLACEMENT_3D('',#16135,#12690,#12691);
#10972=AXIS2_PLACEMENT_3D('',#16139,#12694,#12695);
#10973=AXIS2_PLACEMENT_3D('',#16143,#12698,#12699);
#10974=AXIS2_PLACEMENT_3D('',#16147,#12702,#12703);
#10975=AXIS2_PLACEMENT_3D('',#16151,#12706,#12707);
#10976=AXIS2_PLACEMENT_3D('',#16155,#12710,#12711);
#10977=AXIS2_PLACEMENT_3D('',#16159,#12714,#12715);
#10978=AXIS2_PLACEMENT_3D('',#16162,#12717,#12718);
#10979=AXIS2_PLACEMENT_3D('',#16187,#12720,#12721);
#10980=AXIS2_PLACEMENT_3D('',#16203,#12724,#12725);
#10981=AXIS2_PLACEMENT_3D('',#16206,#12727,#12728);
#10982=AXIS2_PLACEMENT_3D('',#16233,#12731,#12732);
#10983=AXIS2_PLACEMENT_3D('',#16236,#12734,#12735);
#10984=AXIS2_PLACEMENT_3D('',#16276,#12739,#12740);
#10985=AXIS2_PLACEMENT_3D('',#16280,#12743,#12744);
#10986=AXIS2_PLACEMENT_3D('',#16284,#12747,#12748);
#10987=AXIS2_PLACEMENT_3D('',#16288,#12751,#12752);
#10988=AXIS2_PLACEMENT_3D('',#16291,#12754,#12755);
#10989=AXIS2_PLACEMENT_3D('',#16318,#12758,#12759);
#10990=AXIS2_PLACEMENT_3D('',#16321,#12761,#12762);
#10991=AXIS2_PLACEMENT_3D('',#16348,#12765,#12766);
#10992=AXIS2_PLACEMENT_3D('',#16351,#12768,#12769);
#10993=AXIS2_PLACEMENT_3D('',#16365,#12771,#12772);
#10994=AXIS2_PLACEMENT_3D('',#16368,#12774,#12775);
#10995=AXIS2_PLACEMENT_3D('',#16369,#12776,#12777);
#10996=AXIS2_PLACEMENT_3D('',#16372,#12779,#12780);
#10997=AXIS2_PLACEMENT_3D('',#16373,#12781,#12782);
#10998=AXIS2_PLACEMENT_3D('',#16377,#12785,#12786);
#10999=AXIS2_PLACEMENT_3D('',#16381,#12789,#12790);
#11000=AXIS2_PLACEMENT_3D('',#16385,#12793,#12794);
#11001=AXIS2_PLACEMENT_3D('',#16388,#12796,#12797);
#11002=AXIS2_PLACEMENT_3D('',#16400,#12798,#12799);
#11003=AXIS2_PLACEMENT_3D('',#16401,#12800,#12801);
#11004=AXIS2_PLACEMENT_3D('',#16407,#12805,#12806);
#11005=AXIS2_PLACEMENT_3D('',#16411,#12809,#12810);
#11006=AXIS2_PLACEMENT_3D('',#16415,#12813,#12814);
#11007=AXIS2_PLACEMENT_3D('',#16419,#12817,#12818);
#11008=AXIS2_PLACEMENT_3D('',#16423,#12821,#12822);
#11009=AXIS2_PLACEMENT_3D('',#16427,#12825,#12826);
#11010=AXIS2_PLACEMENT_3D('',#16431,#12829,#12830);
#11011=AXIS2_PLACEMENT_3D('',#16433,#12832,#12833);
#11012=AXIS2_PLACEMENT_3D('',#16434,#12834,#12835);
#11013=AXIS2_PLACEMENT_3D('',#16437,#12837,#12838);
#11014=AXIS2_PLACEMENT_3D('',#16440,#12840,#12841);
#11015=AXIS2_PLACEMENT_3D('',#16443,#12843,#12844);
#11016=AXIS2_PLACEMENT_3D('',#16444,#12845,#12846);
#11017=AXIS2_PLACEMENT_3D('',#16447,#12848,#12849);
#11018=AXIS2_PLACEMENT_3D('',#16448,#12850,#12851);
#11019=AXIS2_PLACEMENT_3D('',#16451,#12853,#12854);
#11020=AXIS2_PLACEMENT_3D('',#16452,#12855,#12856);
#11021=AXIS2_PLACEMENT_3D('',#16455,#12858,#12859);
#11022=AXIS2_PLACEMENT_3D('',#16456,#12860,#12861);
#11023=AXIS2_PLACEMENT_3D('',#16459,#12863,#12864);
#11024=AXIS2_PLACEMENT_3D('',#16460,#12865,#12866);
#11025=AXIS2_PLACEMENT_3D('',#16463,#12868,#12869);
#11026=AXIS2_PLACEMENT_3D('',#16464,#12870,#12871);
#11027=AXIS2_PLACEMENT_3D('',#16465,#12872,#12873);
#11028=AXIS2_PLACEMENT_3D('',#16466,#12874,#12875);
#11029=AXIS2_PLACEMENT_3D('',#16467,#12876,#12877);
#11030=AXIS2_PLACEMENT_3D('',#16470,#12879,#12880);
#11031=AXIS2_PLACEMENT_3D('',#16473,#12882,#12883);
#11032=AXIS2_PLACEMENT_3D('',#16476,#12885,#12886);
#11033=AXIS2_PLACEMENT_3D('',#16477,#12887,#12888);
#11034=AXIS2_PLACEMENT_3D('',#16481,#12891,#12892);
#11035=AXIS2_PLACEMENT_3D('',#16485,#12895,#12896);
#11036=AXIS2_PLACEMENT_3D('',#16489,#12899,#12900);
#11037=AXIS2_PLACEMENT_3D('',#16493,#12903,#12904);
#11038=AXIS2_PLACEMENT_3D('',#16497,#12907,#12908);
#11039=AXIS2_PLACEMENT_3D('',#16500,#12910,#12911);
#11040=AXIS2_PLACEMENT_3D('',#16501,#12912,#12913);
#11041=AXIS2_PLACEMENT_3D('',#16504,#12915,#12916);
#11042=AXIS2_PLACEMENT_3D('',#16505,#12917,#12918);
#11043=AXIS2_PLACEMENT_3D('',#16508,#12920,#12921);
#11044=AXIS2_PLACEMENT_3D('',#16509,#12922,#12923);
#11045=AXIS2_PLACEMENT_3D('',#16512,#12925,#12926);
#11046=AXIS2_PLACEMENT_3D('',#16513,#12927,#12928);
#11047=AXIS2_PLACEMENT_3D('',#16516,#12930,#12931);
#11048=AXIS2_PLACEMENT_3D('',#16543,#12934,#12935);
#11049=AXIS2_PLACEMENT_3D('',#16544,#12936,#12937);
#11050=AXIS2_PLACEMENT_3D('',#16549,#12939,#12940);
#11051=AXIS2_PLACEMENT_3D('',#16586,#12944,#12945);
#11052=AXIS2_PLACEMENT_3D('',#16587,#12946,#12947);
#11053=AXIS2_PLACEMENT_3D('',#16591,#12949,#12950);
#11054=AXIS2_PLACEMENT_3D('',#16609,#12952,#12953);
#11055=AXIS2_PLACEMENT_3D('',#16610,#12954,#12955);
#11056=AXIS2_PLACEMENT_3D('',#16614,#12957,#12958);
#11057=AXIS2_PLACEMENT_3D('',#16615,#12959,#12960);
#11058=AXIS2_PLACEMENT_3D('',#16616,#12961,#12962);
#11059=AXIS2_PLACEMENT_3D('',#16620,#12964,#12965);
#11060=AXIS2_PLACEMENT_3D('',#16621,#12966,#12967);
#11061=AXIS2_PLACEMENT_3D('',#16627,#12971,#12972);
#11062=AXIS2_PLACEMENT_3D('',#16628,#12973,#12974);
#11063=AXIS2_PLACEMENT_3D('',#16629,#12975,#12976);
#11064=AXIS2_PLACEMENT_3D('',#16630,#12977,#12978);
#11065=AXIS2_PLACEMENT_3D('',#16631,#12979,#12980);
#11066=AXIS2_PLACEMENT_3D('',#16632,#12981,#12982);
#11067=AXIS2_PLACEMENT_3D('',#16633,#12983,#12984);
#11068=AXIS2_PLACEMENT_3D('',#16649,#12987,#12988);
#11069=AXIS2_PLACEMENT_3D('',#16652,#12990,#12991);
#11070=AXIS2_PLACEMENT_3D('',#16679,#12994,#12995);
#11071=AXIS2_PLACEMENT_3D('',#16682,#12997,#12998);
#11072=AXIS2_PLACEMENT_3D('',#16722,#13002,#13003);
#11073=AXIS2_PLACEMENT_3D('',#16726,#13006,#13007);
#11074=AXIS2_PLACEMENT_3D('',#16730,#13010,#13011);
#11075=AXIS2_PLACEMENT_3D('',#16734,#13014,#13015);
#11076=AXIS2_PLACEMENT_3D('',#16737,#13017,#13018);
#11077=AXIS2_PLACEMENT_3D('',#16764,#13021,#13022);
#11078=AXIS2_PLACEMENT_3D('',#16767,#13024,#13025);
#11079=AXIS2_PLACEMENT_3D('',#16794,#13028,#13029);
#11080=AXIS2_PLACEMENT_3D('',#16797,#13031,#13032);
#11081=AXIS2_PLACEMENT_3D('',#16811,#13034,#13035);
#11082=AXIS2_PLACEMENT_3D('',#16814,#13037,#13038);
#11083=AXIS2_PLACEMENT_3D('',#16815,#13039,#13040);
#11084=AXIS2_PLACEMENT_3D('',#16818,#13042,#13043);
#11085=AXIS2_PLACEMENT_3D('',#16819,#13044,#13045);
#11086=AXIS2_PLACEMENT_3D('',#16823,#13048,#13049);
#11087=AXIS2_PLACEMENT_3D('',#16827,#13052,#13053);
#11088=AXIS2_PLACEMENT_3D('',#16831,#13056,#13057);
#11089=AXIS2_PLACEMENT_3D('',#16834,#13059,#13060);
#11090=AXIS2_PLACEMENT_3D('',#16846,#13061,#13062);
#11091=AXIS2_PLACEMENT_3D('',#16847,#13063,#13064);
#11092=AXIS2_PLACEMENT_3D('',#16848,#13065,#13066);
#11093=AXIS2_PLACEMENT_3D('',#16853,#13068,#13069);
#11094=AXIS2_PLACEMENT_3D('',#16856,#13071,#13072);
#11095=AXIS2_PLACEMENT_3D('',#16879,#13077,#13078);
#11096=AXIS2_PLACEMENT_3D('',#16880,#13079,#13080);
#11097=AXIS2_PLACEMENT_3D('',#16884,#13082,#13083);
#11098=AXIS2_PLACEMENT_3D('',#16902,#13085,#13086);
#11099=AXIS2_PLACEMENT_3D('',#16903,#13087,#13088);
#11100=AXIS2_PLACEMENT_3D('',#16907,#13090,#13091);
#11101=AXIS2_PLACEMENT_3D('',#16925,#13093,#13094);
#11102=AXIS2_PLACEMENT_3D('',#16926,#13095,#13096);
#11103=AXIS2_PLACEMENT_3D('',#16930,#13098,#13099);
#11104=AXIS2_PLACEMENT_3D('',#16931,#13100,#13101);
#11105=AXIS2_PLACEMENT_3D('',#16937,#13105,#13106);
#11106=AXIS2_PLACEMENT_3D('',#16941,#13109,#13110);
#11107=AXIS2_PLACEMENT_3D('',#16945,#13113,#13114);
#11108=AXIS2_PLACEMENT_3D('',#16949,#13117,#13118);
#11109=AXIS2_PLACEMENT_3D('',#16952,#13120,#13121);
#11110=AXIS2_PLACEMENT_3D('',#16953,#13122,#13123);
#11111=AXIS2_PLACEMENT_3D('',#16956,#13125,#13126);
#11112=AXIS2_PLACEMENT_3D('',#16957,#13127,#13128);
#11113=AXIS2_PLACEMENT_3D('',#16960,#13130,#13131);
#11114=AXIS2_PLACEMENT_3D('',#16961,#13132,#13133);
#11115=AXIS2_PLACEMENT_3D('',#16964,#13135,#13136);
#11116=AXIS2_PLACEMENT_3D('',#16978,#13138,#13139);
#11117=AXIS2_PLACEMENT_3D('',#16981,#13141,#13142);
#11118=AXIS2_PLACEMENT_3D('',#16995,#13144,#13145);
#11119=AXIS2_PLACEMENT_3D('',#16999,#13148,#13149);
#11120=AXIS2_PLACEMENT_3D('',#17003,#13152,#13153);
#11121=AXIS2_PLACEMENT_3D('',#17005,#13155,#13156);
#11122=AXIS2_PLACEMENT_3D('',#17006,#13157,#13158);
#11123=AXIS2_PLACEMENT_3D('',#17007,#13159,#13160);
#11124=AXIS2_PLACEMENT_3D('',#17008,#13161,#13162);
#11125=AXIS2_PLACEMENT_3D('',#17009,#13163,#13164);
#11126=AXIS2_PLACEMENT_3D('',#17010,#13165,#13166);
#11127=AXIS2_PLACEMENT_3D('',#17016,#13170,#13171);
#11128=AXIS2_PLACEMENT_3D('',#17020,#13174,#13175);
#11129=AXIS2_PLACEMENT_3D('',#17024,#13178,#13179);
#11130=AXIS2_PLACEMENT_3D('',#17028,#13182,#13183);
#11131=AXIS2_PLACEMENT_3D('',#17032,#13186,#13187);
#11132=AXIS2_PLACEMENT_3D('',#17036,#13190,#13191);
#11133=AXIS2_PLACEMENT_3D('',#17040,#13194,#13195);
#11134=AXIS2_PLACEMENT_3D('',#17042,#13197,#13198);
#11135=AXIS2_PLACEMENT_3D('',#17058,#13201,#13202);
#11136=AXIS2_PLACEMENT_3D('',#17061,#13204,#13205);
#11137=AXIS2_PLACEMENT_3D('',#17062,#13206,#13207);
#11138=AXIS2_PLACEMENT_3D('',#17065,#13209,#13210);
#11139=AXIS2_PLACEMENT_3D('',#17066,#13211,#13212);
#11140=AXIS2_PLACEMENT_3D('',#17070,#13215,#13216);
#11141=AXIS2_PLACEMENT_3D('',#17074,#13219,#13220);
#11142=AXIS2_PLACEMENT_3D('',#17078,#13223,#13224);
#11143=AXIS2_PLACEMENT_3D('',#17081,#13226,#13227);
#11144=AXIS2_PLACEMENT_3D('',#17082,#13228,#13229);
#11145=AXIS2_PLACEMENT_3D('',#17085,#13231,#13232);
#11146=AXIS2_PLACEMENT_3D('',#17138,#13237,#13238);
#11147=AXIS2_PLACEMENT_3D('',#17141,#13240,#13241);
#11148=AXIS2_PLACEMENT_3D('',#17142,#13242,#13243);
#11149=AXIS2_PLACEMENT_3D('',#17145,#13245,#13246);
#11150=AXIS2_PLACEMENT_3D('',#17146,#13247,#13248);
#11151=AXIS2_PLACEMENT_3D('',#17149,#13250,#13251);
#11152=AXIS2_PLACEMENT_3D('',#17150,#13252,#13253);
#11153=AXIS2_PLACEMENT_3D('',#17154,#13256,#13257);
#11154=AXIS2_PLACEMENT_3D('',#17158,#13260,#13261);
#11155=AXIS2_PLACEMENT_3D('',#17162,#13264,#13265);
#11156=AXIS2_PLACEMENT_3D('',#17165,#13267,#13268);
#11157=AXIS2_PLACEMENT_3D('',#17179,#13270,#13271);
#11158=AXIS2_PLACEMENT_3D('',#17182,#13273,#13274);
#11159=AXIS2_PLACEMENT_3D('',#17207,#13276,#13277);
#11160=AXIS2_PLACEMENT_3D('',#17208,#13278,#13279);
#11161=AXIS2_PLACEMENT_3D('',#17214,#13283,#13284);
#11162=AXIS2_PLACEMENT_3D('',#17218,#13287,#13288);
#11163=AXIS2_PLACEMENT_3D('',#17222,#13291,#13292);
#11164=AXIS2_PLACEMENT_3D('',#17226,#13295,#13296);
#11165=AXIS2_PLACEMENT_3D('',#17230,#13299,#13300);
#11166=AXIS2_PLACEMENT_3D('',#17234,#13303,#13304);
#11167=AXIS2_PLACEMENT_3D('',#17238,#13307,#13308);
#11168=AXIS2_PLACEMENT_3D('',#17242,#13311,#13312);
#11169=AXIS2_PLACEMENT_3D('',#17246,#13315,#13316);
#11170=AXIS2_PLACEMENT_3D('',#17250,#13319,#13320);
#11171=AXIS2_PLACEMENT_3D('',#17254,#13323,#13324);
#11172=AXIS2_PLACEMENT_3D('',#17258,#13327,#13328);
#11173=AXIS2_PLACEMENT_3D('',#17260,#13330,#13331);
#11174=AXIS2_PLACEMENT_3D('',#17261,#13332,#13333);
#11175=AXIS2_PLACEMENT_3D('',#17270,#13338,#13339);
#11176=AXIS2_PLACEMENT_3D('',#17276,#13343,#13344);
#11177=AXIS2_PLACEMENT_3D('',#17282,#13348,#13349);
#11178=AXIS2_PLACEMENT_3D('',#17286,#13352,#13353);
#11179=AXIS2_PLACEMENT_3D('',#17290,#13356,#13357);
#11180=AXIS2_PLACEMENT_3D('',#17294,#13360,#13361);
#11181=AXIS2_PLACEMENT_3D('',#17298,#13364,#13365);
#11182=AXIS2_PLACEMENT_3D('',#17302,#13368,#13369);
#11183=AXIS2_PLACEMENT_3D('',#17306,#13372,#13373);
#11184=AXIS2_PLACEMENT_3D('',#17308,#13375,#13376);
#11185=AXIS2_PLACEMENT_3D('',#17311,#13379,#13380);
#11186=AXIS2_PLACEMENT_3D('',#17312,#13381,#13382);
#11187=AXIS2_PLACEMENT_3D('',#17328,#13385,#13386);
#11188=AXIS2_PLACEMENT_3D('',#17332,#13389,#13390);
#11189=AXIS2_PLACEMENT_3D('',#17335,#13392,#13393);
#11190=AXIS2_PLACEMENT_3D('',#17336,#13394,#13395);
#11191=AXIS2_PLACEMENT_3D('',#17339,#13397,#13398);
#11192=AXIS2_PLACEMENT_3D('',#17340,#13399,#13400);
#11193=AXIS2_PLACEMENT_3D('',#17343,#13402,#13403);
#11194=AXIS2_PLACEMENT_3D('',#17344,#13404,#13405);
#11195=AXIS2_PLACEMENT_3D('',#17347,#13407,#13408);
#11196=AXIS2_PLACEMENT_3D('',#17348,#13409,#13410);
#11197=AXIS2_PLACEMENT_3D('',#17351,#13412,#13413);
#11198=AXIS2_PLACEMENT_3D('',#17352,#13414,#13415);
#11199=AXIS2_PLACEMENT_3D('',#17355,#13417,#13418);
#11200=AXIS2_PLACEMENT_3D('',#17356,#13419,#13420);
#11201=AXIS2_PLACEMENT_3D('',#17360,#13423,#13424);
#11202=AXIS2_PLACEMENT_3D('',#17363,#13426,#13427);
#11203=AXIS2_PLACEMENT_3D('',#17377,#13429,#13430);
#11204=AXIS2_PLACEMENT_3D('',#17380,#13432,#13433);
#11205=AXIS2_PLACEMENT_3D('',#17381,#13434,#13435);
#11206=AXIS2_PLACEMENT_3D('',#17384,#13437,#13438);
#11207=AXIS2_PLACEMENT_3D('',#17385,#13439,#13440);
#11208=AXIS2_PLACEMENT_3D('',#17388,#13442,#13443);
#11209=AXIS2_PLACEMENT_3D('',#17389,#13444,#13445);
#11210=AXIS2_PLACEMENT_3D('',#17392,#13447,#13448);
#11211=AXIS2_PLACEMENT_3D('',#17393,#13449,#13450);
#11212=AXIS2_PLACEMENT_3D('',#17396,#13452,#13453);
#11213=AXIS2_PLACEMENT_3D('',#17397,#13454,#13455);
#11214=AXIS2_PLACEMENT_3D('',#17400,#13457,#13458);
#11215=AXIS2_PLACEMENT_3D('',#17401,#13459,#13460);
#11216=AXIS2_PLACEMENT_3D('',#17404,#13462,#13463);
#11217=AXIS2_PLACEMENT_3D('',#17405,#13464,#13465);
#11218=AXIS2_PLACEMENT_3D('',#17408,#13467,#13468);
#11219=AXIS2_PLACEMENT_3D('',#17422,#13470,#13471);
#11220=AXIS2_PLACEMENT_3D('',#17425,#13473,#13474);
#11221=AXIS2_PLACEMENT_3D('',#17426,#13475,#13476);
#11222=AXIS2_PLACEMENT_3D('',#17430,#13479,#13480);
#11223=AXIS2_PLACEMENT_3D('',#17433,#13482,#13483);
#11224=AXIS2_PLACEMENT_3D('',#17434,#13484,#13485);
#11225=AXIS2_PLACEMENT_3D('',#17437,#13487,#13488);
#11226=AXIS2_PLACEMENT_3D('',#17438,#13489,#13490);
#11227=AXIS2_PLACEMENT_3D('',#17441,#13492,#13493);
#11228=AXIS2_PLACEMENT_3D('',#17442,#13494,#13495);
#11229=AXIS2_PLACEMENT_3D('',#17445,#13497,#13498);
#11230=AXIS2_PLACEMENT_3D('',#17446,#13499,#13500);
#11231=AXIS2_PLACEMENT_3D('',#17449,#13502,#13503);
#11232=AXIS2_PLACEMENT_3D('',#17450,#13504,#13505);
#11233=AXIS2_PLACEMENT_3D('',#17453,#13507,#13508);
#11234=AXIS2_PLACEMENT_3D('',#17454,#13509,#13510);
#11235=AXIS2_PLACEMENT_3D('',#17458,#13513,#13514);
#11236=AXIS2_PLACEMENT_3D('',#17461,#13516,#13517);
#11237=AXIS2_PLACEMENT_3D('',#17462,#13518,#13519);
#11238=AXIS2_PLACEMENT_3D('',#17465,#13521,#13522);
#11239=AXIS2_PLACEMENT_3D('',#17466,#13523,#13524);
#11240=AXIS2_PLACEMENT_3D('',#17469,#13526,#13527);
#11241=AXIS2_PLACEMENT_3D('',#17470,#13528,#13529);
#11242=AXIS2_PLACEMENT_3D('',#17473,#13531,#13532);
#11243=AXIS2_PLACEMENT_3D('',#17474,#13533,#13534);
#11244=AXIS2_PLACEMENT_3D('',#17477,#13536,#13537);
#11245=AXIS2_PLACEMENT_3D('',#17478,#13538,#13539);
#11246=AXIS2_PLACEMENT_3D('',#17481,#13541,#13542);
#11247=AXIS2_PLACEMENT_3D('',#17482,#13543,#13544);
#11248=AXIS2_PLACEMENT_3D('',#17486,#13547,#13548);
#11249=AXIS2_PLACEMENT_3D('',#17489,#13550,#13551);
#11250=AXIS2_PLACEMENT_3D('',#17490,#13552,#13553);
#11251=AXIS2_PLACEMENT_3D('',#17493,#13555,#13556);
#11252=AXIS2_PLACEMENT_3D('',#17494,#13557,#13558);
#11253=AXIS2_PLACEMENT_3D('',#17497,#13560,#13561);
#11254=AXIS2_PLACEMENT_3D('',#17498,#13562,#13563);
#11255=AXIS2_PLACEMENT_3D('',#17501,#13565,#13566);
#11256=AXIS2_PLACEMENT_3D('',#17502,#13567,#13568);
#11257=AXIS2_PLACEMENT_3D('',#17505,#13570,#13571);
#11258=AXIS2_PLACEMENT_3D('',#17506,#13572,#13573);
#11259=AXIS2_PLACEMENT_3D('',#17509,#13575,#13576);
#11260=AXIS2_PLACEMENT_3D('',#17510,#13577,#13578);
#11261=AXIS2_PLACEMENT_3D('',#17513,#13580,#13581);
#11262=AXIS2_PLACEMENT_3D('',#17514,#13582,#13583);
#11263=AXIS2_PLACEMENT_3D('',#17517,#13585,#13586);
#11264=AXIS2_PLACEMENT_3D('',#17518,#13587,#13588);
#11265=AXIS2_PLACEMENT_3D('',#17521,#13590,#13591);
#11266=AXIS2_PLACEMENT_3D('',#17522,#13592,#13593);
#11267=AXIS2_PLACEMENT_3D('',#17525,#13595,#13596);
#11268=AXIS2_PLACEMENT_3D('',#17526,#13597,#13598);
#11269=AXIS2_PLACEMENT_3D('',#17529,#13600,#13601);
#11270=AXIS2_PLACEMENT_3D('',#17530,#13602,#13603);
#11271=AXIS2_PLACEMENT_3D('',#17533,#13605,#13606);
#11272=AXIS2_PLACEMENT_3D('',#17534,#13607,#13608);
#11273=AXIS2_PLACEMENT_3D('',#17538,#13611,#13612);
#11274=AXIS2_PLACEMENT_3D('',#17541,#13614,#13615);
#11275=AXIS2_PLACEMENT_3D('',#17555,#13617,#13618);
#11276=AXIS2_PLACEMENT_3D('',#17556,#13619,#13620);
#11277=AXIS2_PLACEMENT_3D('',#17557,#13621,#13622);
#11278=AXIS2_PLACEMENT_3D('',#17558,#13623,#13624);
#11279=AXIS2_PLACEMENT_3D('',#17564,#13628,#13629);
#11280=AXIS2_PLACEMENT_3D('',#17568,#13632,#13633);
#11281=AXIS2_PLACEMENT_3D('',#17572,#13636,#13637);
#11282=AXIS2_PLACEMENT_3D('',#17576,#13640,#13641);
#11283=AXIS2_PLACEMENT_3D('',#17580,#13644,#13645);
#11284=AXIS2_PLACEMENT_3D('',#17584,#13648,#13649);
#11285=AXIS2_PLACEMENT_3D('',#17588,#13652,#13653);
#11286=AXIS2_PLACEMENT_3D('',#17590,#13655,#13656);
#11287=AXIS2_PLACEMENT_3D('',#17591,#13657,#13658);
#11288=AXIS2_PLACEMENT_3D('',#17597,#13662,#13663);
#11289=AXIS2_PLACEMENT_3D('',#17601,#13666,#13667);
#11290=AXIS2_PLACEMENT_3D('',#17605,#13670,#13671);
#11291=AXIS2_PLACEMENT_3D('',#17609,#13674,#13675);
#11292=AXIS2_PLACEMENT_3D('',#17613,#13678,#13679);
#11293=AXIS2_PLACEMENT_3D('',#17617,#13682,#13683);
#11294=AXIS2_PLACEMENT_3D('',#17621,#13686,#13687);
#11295=AXIS2_PLACEMENT_3D('',#17625,#13690,#13691);
#11296=AXIS2_PLACEMENT_3D('',#17629,#13694,#13695);
#11297=AXIS2_PLACEMENT_3D('',#17633,#13698,#13699);
#11298=AXIS2_PLACEMENT_3D('',#17637,#13702,#13703);
#11299=AXIS2_PLACEMENT_3D('',#17639,#13705,#13706);
#11300=AXIS2_PLACEMENT_3D('',#17640,#13707,#13708);
#11301=AXIS2_PLACEMENT_3D('',#17646,#13712,#13713);
#11302=AXIS2_PLACEMENT_3D('',#17650,#13716,#13717);
#11303=AXIS2_PLACEMENT_3D('',#17654,#13720,#13721);
#11304=AXIS2_PLACEMENT_3D('',#17658,#13724,#13725);
#11305=AXIS2_PLACEMENT_3D('',#17662,#13728,#13729);
#11306=AXIS2_PLACEMENT_3D('',#17666,#13732,#13733);
#11307=AXIS2_PLACEMENT_3D('',#17670,#13736,#13737);
#11308=AXIS2_PLACEMENT_3D('',#17674,#13740,#13741);
#11309=AXIS2_PLACEMENT_3D('',#17678,#13744,#13745);
#11310=AXIS2_PLACEMENT_3D('',#17682,#13748,#13749);
#11311=AXIS2_PLACEMENT_3D('',#17686,#13752,#13753);
#11312=AXIS2_PLACEMENT_3D('',#17690,#13756,#13757);
#11313=AXIS2_PLACEMENT_3D('',#17692,#13759,#13760);
#11314=AXIS2_PLACEMENT_3D('',#17708,#13763,#13764);
#11315=AXIS2_PLACEMENT_3D('',#17712,#13767,#13768);
#11316=AXIS2_PLACEMENT_3D('',#17715,#13770,#13771);
#11317=AXIS2_PLACEMENT_3D('',#17716,#13772,#13773);
#11318=AXIS2_PLACEMENT_3D('',#17719,#13775,#13776);
#11319=AXIS2_PLACEMENT_3D('',#17720,#13777,#13778);
#11320=AXIS2_PLACEMENT_3D('',#17723,#13780,#13781);
#11321=AXIS2_PLACEMENT_3D('',#17724,#13782,#13783);
#11322=AXIS2_PLACEMENT_3D('',#17727,#13785,#13786);
#11323=AXIS2_PLACEMENT_3D('',#17728,#13787,#13788);
#11324=AXIS2_PLACEMENT_3D('',#17731,#13790,#13791);
#11325=AXIS2_PLACEMENT_3D('',#17732,#13792,#13793);
#11326=AXIS2_PLACEMENT_3D('',#17735,#13795,#13796);
#11327=AXIS2_PLACEMENT_3D('',#17736,#13797,#13798);
#11328=AXIS2_PLACEMENT_3D('',#17740,#13801,#13802);
#11329=AXIS2_PLACEMENT_3D('',#17743,#13804,#13805);
#11330=AXIS2_PLACEMENT_3D('',#17757,#13807,#13808);
#11331=AXIS2_PLACEMENT_3D('',#17760,#13810,#13811);
#11332=AXIS2_PLACEMENT_3D('',#17761,#13812,#13813);
#11333=AXIS2_PLACEMENT_3D('',#17764,#13815,#13816);
#11334=AXIS2_PLACEMENT_3D('',#17765,#13817,#13818);
#11335=AXIS2_PLACEMENT_3D('',#17768,#13820,#13821);
#11336=AXIS2_PLACEMENT_3D('',#17769,#13822,#13823);
#11337=AXIS2_PLACEMENT_3D('',#17772,#13825,#13826);
#11338=AXIS2_PLACEMENT_3D('',#17773,#13827,#13828);
#11339=AXIS2_PLACEMENT_3D('',#17776,#13830,#13831);
#11340=AXIS2_PLACEMENT_3D('',#17777,#13832,#13833);
#11341=AXIS2_PLACEMENT_3D('',#17780,#13835,#13836);
#11342=AXIS2_PLACEMENT_3D('',#17781,#13837,#13838);
#11343=AXIS2_PLACEMENT_3D('',#17784,#13840,#13841);
#11344=AXIS2_PLACEMENT_3D('',#17785,#13842,#13843);
#11345=AXIS2_PLACEMENT_3D('',#17788,#13845,#13846);
#11346=AXIS2_PLACEMENT_3D('',#17802,#13848,#13849);
#11347=AXIS2_PLACEMENT_3D('',#17805,#13851,#13852);
#11348=AXIS2_PLACEMENT_3D('',#17806,#13853,#13854);
#11349=AXIS2_PLACEMENT_3D('',#17810,#13857,#13858);
#11350=AXIS2_PLACEMENT_3D('',#17813,#13860,#13861);
#11351=AXIS2_PLACEMENT_3D('',#17814,#13862,#13863);
#11352=AXIS2_PLACEMENT_3D('',#17817,#13865,#13866);
#11353=AXIS2_PLACEMENT_3D('',#17818,#13867,#13868);
#11354=AXIS2_PLACEMENT_3D('',#17821,#13870,#13871);
#11355=AXIS2_PLACEMENT_3D('',#17822,#13872,#13873);
#11356=AXIS2_PLACEMENT_3D('',#17825,#13875,#13876);
#11357=AXIS2_PLACEMENT_3D('',#17826,#13877,#13878);
#11358=AXIS2_PLACEMENT_3D('',#17829,#13880,#13881);
#11359=AXIS2_PLACEMENT_3D('',#17830,#13882,#13883);
#11360=AXIS2_PLACEMENT_3D('',#17833,#13885,#13886);
#11361=AXIS2_PLACEMENT_3D('',#17834,#13887,#13888);
#11362=AXIS2_PLACEMENT_3D('',#17838,#13891,#13892);
#11363=AXIS2_PLACEMENT_3D('',#17841,#13894,#13895);
#11364=AXIS2_PLACEMENT_3D('',#17842,#13896,#13897);
#11365=AXIS2_PLACEMENT_3D('',#17845,#13899,#13900);
#11366=AXIS2_PLACEMENT_3D('',#17846,#13901,#13902);
#11367=AXIS2_PLACEMENT_3D('',#17849,#13904,#13905);
#11368=AXIS2_PLACEMENT_3D('',#17850,#13906,#13907);
#11369=AXIS2_PLACEMENT_3D('',#17853,#13909,#13910);
#11370=AXIS2_PLACEMENT_3D('',#17854,#13911,#13912);
#11371=AXIS2_PLACEMENT_3D('',#17857,#13914,#13915);
#11372=AXIS2_PLACEMENT_3D('',#17858,#13916,#13917);
#11373=AXIS2_PLACEMENT_3D('',#17861,#13919,#13920);
#11374=AXIS2_PLACEMENT_3D('',#17862,#13921,#13922);
#11375=AXIS2_PLACEMENT_3D('',#17866,#13925,#13926);
#11376=AXIS2_PLACEMENT_3D('',#17869,#13928,#13929);
#11377=AXIS2_PLACEMENT_3D('',#17870,#13930,#13931);
#11378=AXIS2_PLACEMENT_3D('',#17873,#13933,#13934);
#11379=AXIS2_PLACEMENT_3D('',#17874,#13935,#13936);
#11380=AXIS2_PLACEMENT_3D('',#17877,#13938,#13939);
#11381=AXIS2_PLACEMENT_3D('',#17878,#13940,#13941);
#11382=AXIS2_PLACEMENT_3D('',#17881,#13943,#13944);
#11383=AXIS2_PLACEMENT_3D('',#17882,#13945,#13946);
#11384=AXIS2_PLACEMENT_3D('',#17885,#13948,#13949);
#11385=AXIS2_PLACEMENT_3D('',#17886,#13950,#13951);
#11386=AXIS2_PLACEMENT_3D('',#17889,#13953,#13954);
#11387=AXIS2_PLACEMENT_3D('',#17890,#13955,#13956);
#11388=AXIS2_PLACEMENT_3D('',#17893,#13958,#13959);
#11389=AXIS2_PLACEMENT_3D('',#17894,#13960,#13961);
#11390=AXIS2_PLACEMENT_3D('',#17897,#13963,#13964);
#11391=AXIS2_PLACEMENT_3D('',#17898,#13965,#13966);
#11392=AXIS2_PLACEMENT_3D('',#17901,#13968,#13969);
#11393=AXIS2_PLACEMENT_3D('',#17902,#13970,#13971);
#11394=AXIS2_PLACEMENT_3D('',#17905,#13973,#13974);
#11395=AXIS2_PLACEMENT_3D('',#17906,#13975,#13976);
#11396=AXIS2_PLACEMENT_3D('',#17909,#13978,#13979);
#11397=AXIS2_PLACEMENT_3D('',#17910,#13980,#13981);
#11398=AXIS2_PLACEMENT_3D('',#17913,#13983,#13984);
#11399=AXIS2_PLACEMENT_3D('',#17914,#13985,#13986);
#11400=AXIS2_PLACEMENT_3D('',#17918,#13989,#13990);
#11401=AXIS2_PLACEMENT_3D('',#17921,#13992,#13993);
#11402=AXIS2_PLACEMENT_3D('',#17935,#13995,#13996);
#11403=AXIS2_PLACEMENT_3D('',#17936,#13997,#13998);
#11404=AXIS2_PLACEMENT_3D('',#17937,#13999,#14000);
#11405=AXIS2_PLACEMENT_3D('',#17938,#14001,#14002);
#11406=AXIS2_PLACEMENT_3D('',#17939,#14003,#14004);
#11407=AXIS2_PLACEMENT_3D('',#17944,#14006,#14007);
#11408=AXIS2_PLACEMENT_3D('',#17947,#14009,#14010);
#11409=AXIS2_PLACEMENT_3D('',#17953,#14014,#14015);
#11410=AXIS2_PLACEMENT_3D('',#17954,#14016,#14017);
#11411=AXIS2_PLACEMENT_3D('',#17958,#14019,#14020);
#11412=AXIS2_PLACEMENT_3D('',#17959,#14021,#14022);
#11413=AXIS2_PLACEMENT_3D('',#17960,#14023,#14024);
#11414=AXIS2_PLACEMENT_3D('',#17964,#14026,#14027);
#11415=AXIS2_PLACEMENT_3D('',#17965,#14028,#14029);
#11416=AXIS2_PLACEMENT_3D('',#17966,#14030,#14031);
#11417=AXIS2_PLACEMENT_3D('',#17970,#14033,#14034);
#11418=AXIS2_PLACEMENT_3D('',#17971,#14035,#14036);
#11419=AXIS2_PLACEMENT_3D('',#17972,#14037,#14038);
#11420=AXIS2_PLACEMENT_3D('',#17976,#14040,#14041);
#11421=AXIS2_PLACEMENT_3D('',#17977,#14042,#14043);
#11422=AXIS2_PLACEMENT_3D('',#17978,#14044,#14045);
#11423=AXIS2_PLACEMENT_3D('',#17982,#14047,#14048);
#11424=AXIS2_PLACEMENT_3D('',#17983,#14049,#14050);
#11425=AXIS2_PLACEMENT_3D('',#17984,#14051,#14052);
#11426=AXIS2_PLACEMENT_3D('',#17988,#14054,#14055);
#11427=AXIS2_PLACEMENT_3D('',#17989,#14056,#14057);
#11428=AXIS2_PLACEMENT_3D('',#17990,#14058,#14059);
#11429=AXIS2_PLACEMENT_3D('',#17994,#14061,#14062);
#11430=AXIS2_PLACEMENT_3D('',#17995,#14063,#14064);
#11431=AXIS2_PLACEMENT_3D('',#17996,#14065,#14066);
#11432=AXIS2_PLACEMENT_3D('',#18000,#14068,#14069);
#11433=AXIS2_PLACEMENT_3D('',#18001,#14070,#14071);
#11434=AXIS2_PLACEMENT_3D('',#18002,#14072,#14073);
#11435=AXIS2_PLACEMENT_3D('',#18006,#14075,#14076);
#11436=AXIS2_PLACEMENT_3D('',#18007,#14077,#14078);
#11437=AXIS2_PLACEMENT_3D('',#18008,#14079,#14080);
#11438=AXIS2_PLACEMENT_3D('',#18012,#14082,#14083);
#11439=AXIS2_PLACEMENT_3D('',#18013,#14084,#14085);
#11440=AXIS2_PLACEMENT_3D('',#18014,#14086,#14087);
#11441=AXIS2_PLACEMENT_3D('',#18018,#14089,#14090);
#11442=AXIS2_PLACEMENT_3D('',#18019,#14091,#14092);
#11443=AXIS2_PLACEMENT_3D('',#18020,#14093,#14094);
#11444=AXIS2_PLACEMENT_3D('',#18024,#14096,#14097);
#11445=AXIS2_PLACEMENT_3D('',#18025,#14098,#14099);
#11446=AXIS2_PLACEMENT_3D('',#18031,#14103,#14104);
#11447=AXIS2_PLACEMENT_3D('',#18032,#14105,#14106);
#11448=AXIS2_PLACEMENT_3D('',#18036,#14108,#14109);
#11449=AXIS2_PLACEMENT_3D('',#18037,#14110,#14111);
#11450=AXIS2_PLACEMENT_3D('',#18038,#14112,#14113);
#11451=AXIS2_PLACEMENT_3D('',#18042,#14115,#14116);
#11452=AXIS2_PLACEMENT_3D('',#18043,#14117,#14118);
#11453=AXIS2_PLACEMENT_3D('',#18044,#14119,#14120);
#11454=AXIS2_PLACEMENT_3D('',#18048,#14122,#14123);
#11455=AXIS2_PLACEMENT_3D('',#18049,#14124,#14125);
#11456=AXIS2_PLACEMENT_3D('',#18050,#14126,#14127);
#11457=AXIS2_PLACEMENT_3D('',#18054,#14129,#14130);
#11458=AXIS2_PLACEMENT_3D('',#18055,#14131,#14132);
#11459=AXIS2_PLACEMENT_3D('',#18056,#14133,#14134);
#11460=AXIS2_PLACEMENT_3D('',#18060,#14136,#14137);
#11461=AXIS2_PLACEMENT_3D('',#18061,#14138,#14139);
#11462=AXIS2_PLACEMENT_3D('',#18062,#14140,#14141);
#11463=AXIS2_PLACEMENT_3D('',#18066,#14143,#14144);
#11464=AXIS2_PLACEMENT_3D('',#18067,#14145,#14146);
#11465=AXIS2_PLACEMENT_3D('',#18068,#14147,#14148);
#11466=AXIS2_PLACEMENT_3D('',#18072,#14150,#14151);
#11467=AXIS2_PLACEMENT_3D('',#18073,#14152,#14153);
#11468=AXIS2_PLACEMENT_3D('',#18074,#14154,#14155);
#11469=AXIS2_PLACEMENT_3D('',#18078,#14157,#14158);
#11470=AXIS2_PLACEMENT_3D('',#18079,#14159,#14160);
#11471=AXIS2_PLACEMENT_3D('',#18080,#14161,#14162);
#11472=AXIS2_PLACEMENT_3D('',#18084,#14164,#14165);
#11473=AXIS2_PLACEMENT_3D('',#18085,#14166,#14167);
#11474=AXIS2_PLACEMENT_3D('',#18086,#14168,#14169);
#11475=AXIS2_PLACEMENT_3D('',#18090,#14171,#14172);
#11476=AXIS2_PLACEMENT_3D('',#18091,#14173,#14174);
#11477=AXIS2_PLACEMENT_3D('',#18094,#14176,#14177);
#11478=AXIS2_PLACEMENT_3D('',#18097,#14179,#14180);
#11479=AXIS2_PLACEMENT_3D('',#18101,#14183,#14184);
#11480=AXIS2_PLACEMENT_3D('',#18104,#14186,#14187);
#11481=AXIS2_PLACEMENT_3D('',#18118,#14189,#14190);
#11482=AXIS2_PLACEMENT_3D('',#18121,#14192,#14193);
#11483=AXIS2_PLACEMENT_3D('',#18122,#14194,#14195);
#11484=AXIS2_PLACEMENT_3D('',#18125,#14197,#14198);
#11485=AXIS2_PLACEMENT_3D('',#18126,#14199,#14200);
#11486=AXIS2_PLACEMENT_3D('',#18129,#14202,#14203);
#11487=AXIS2_PLACEMENT_3D('',#18130,#14204,#14205);
#11488=AXIS2_PLACEMENT_3D('',#18133,#14207,#14208);
#11489=AXIS2_PLACEMENT_3D('',#18134,#14209,#14210);
#11490=AXIS2_PLACEMENT_3D('',#18137,#14212,#14213);
#11491=AXIS2_PLACEMENT_3D('',#18138,#14214,#14215);
#11492=AXIS2_PLACEMENT_3D('',#18141,#14217,#14218);
#11493=AXIS2_PLACEMENT_3D('',#18142,#14219,#14220);
#11494=AXIS2_PLACEMENT_3D('',#18145,#14222,#14223);
#11495=AXIS2_PLACEMENT_3D('',#18146,#14224,#14225);
#11496=AXIS2_PLACEMENT_3D('',#18149,#14227,#14228);
#11497=AXIS2_PLACEMENT_3D('',#18163,#14230,#14231);
#11498=AXIS2_PLACEMENT_3D('',#18166,#14233,#14234);
#11499=AXIS2_PLACEMENT_3D('',#18167,#14235,#14236);
#11500=AXIS2_PLACEMENT_3D('',#18171,#14239,#14240);
#11501=AXIS2_PLACEMENT_3D('',#18174,#14242,#14243);
#11502=AXIS2_PLACEMENT_3D('',#18188,#14245,#14246);
#11503=AXIS2_PLACEMENT_3D('',#18191,#14248,#14249);
#11504=AXIS2_PLACEMENT_3D('',#18192,#14250,#14251);
#11505=AXIS2_PLACEMENT_3D('',#18195,#14253,#14254);
#11506=AXIS2_PLACEMENT_3D('',#18196,#14255,#14256);
#11507=AXIS2_PLACEMENT_3D('',#18199,#14258,#14259);
#11508=AXIS2_PLACEMENT_3D('',#18200,#14260,#14261);
#11509=AXIS2_PLACEMENT_3D('',#18203,#14263,#14264);
#11510=AXIS2_PLACEMENT_3D('',#18204,#14265,#14266);
#11511=AXIS2_PLACEMENT_3D('',#18207,#14268,#14269);
#11512=AXIS2_PLACEMENT_3D('',#18208,#14270,#14271);
#11513=AXIS2_PLACEMENT_3D('',#18211,#14273,#14274);
#11514=AXIS2_PLACEMENT_3D('',#18212,#14275,#14276);
#11515=AXIS2_PLACEMENT_3D('',#18215,#14278,#14279);
#11516=AXIS2_PLACEMENT_3D('',#18216,#14280,#14281);
#11517=AXIS2_PLACEMENT_3D('',#18219,#14283,#14284);
#11518=AXIS2_PLACEMENT_3D('',#18231,#14285,#14286);
#11519=AXIS2_PLACEMENT_3D('',#18232,#14287,#14288);
#11520=AXIS2_PLACEMENT_3D('',#18233,#14289,#14290);
#11521=AXIS2_PLACEMENT_3D('',#18234,#14291,#14292);
#11522=AXIS2_PLACEMENT_3D('',#18235,#14293,#14294);
#11523=AXIS2_PLACEMENT_3D('',#18236,#14295,#14296);
#11524=AXIS2_PLACEMENT_3D('',#18237,#14297,#14298);
#11525=AXIS2_PLACEMENT_3D('',#18246,#14303,#14304);
#11526=AXIS2_PLACEMENT_3D('',#18252,#14308,#14309);
#11527=AXIS2_PLACEMENT_3D('',#18258,#14313,#14314);
#11528=AXIS2_PLACEMENT_3D('',#18261,#14317,#14318);
#11529=AXIS2_PLACEMENT_3D('',#18262,#14319,#14320);
#11530=AXIS2_PLACEMENT_3D('',#18263,#14321,#14322);
#11531=AXIS2_PLACEMENT_3D('',#18264,#14323,#14324);
#11532=AXIS2_PLACEMENT_3D('',#18273,#14329,#14330);
#11533=AXIS2_PLACEMENT_3D('',#18279,#14334,#14335);
#11534=AXIS2_PLACEMENT_3D('',#18285,#14339,#14340);
#11535=AXIS2_PLACEMENT_3D('',#18288,#14343,#14344);
#11536=AXIS2_PLACEMENT_3D('',#18289,#14345,#14346);
#11537=AXIS2_PLACEMENT_3D('',#18290,#14347,#14348);
#11538=AXIS2_PLACEMENT_3D('',#18291,#14349,#14350);
#11539=AXIS2_PLACEMENT_3D('',#18292,#14351,#14352);
#11540=AXIS2_PLACEMENT_3D('',#18310,#14361,#14362);
#11541=AXIS2_PLACEMENT_3D('',#18316,#14366,#14367);
#11542=AXIS2_PLACEMENT_3D('',#18320,#14370,#14371);
#11543=AXIS2_PLACEMENT_3D('',#18329,#14377,#14378);
#11544=AXIS2_PLACEMENT_3D('',#18331,#14380,#14381);
#11545=AXIS2_PLACEMENT_3D('',#18332,#14382,#14383);
#11546=AXIS2_PLACEMENT_3D('',#18333,#14384,#14385);
#11547=AXIS2_PLACEMENT_3D('',#18335,#14386,#14387);
#11548=AXIS2_PLACEMENT_3D('',#18336,#14388,#14389);
#11549=AXIS2_PLACEMENT_3D('',#18340,#14392,#14393);
#11550=AXIS2_PLACEMENT_3D('',#18344,#14396,#14397);
#11551=AXIS2_PLACEMENT_3D('',#18346,#14399,#14400);
#11552=AXIS2_PLACEMENT_3D('',#18347,#14401,#14402);
#11553=DIRECTION('',(0.,0.,1.));
#11554=DIRECTION('',(1.,0.,0.));
#11555=DIRECTION('',(1.,0.,0.));
#11556=DIRECTION('',(0.,0.,-1.));
#11557=DIRECTION('',(0.,1.,0.));
#11558=DIRECTION('',(0.,0.,1.));
#11559=DIRECTION('',(0.,1.,0.));
#11560=DIRECTION('',(0.,0.,1.));
#11561=DIRECTION('',(0.,-1.,0.));
#11562=DIRECTION('',(0.,0.,-1.));
#11563=DIRECTION('',(1.,0.,0.));
#11564=DIRECTION('',(1.,0.,0.));
#11565=DIRECTION('',(0.,0.,1.));
#11566=DIRECTION('',(1.,1.0842021724855E-16,0.));
#11567=DIRECTION('',(-1.0842021724855E-16,1.,0.));
#11568=DIRECTION('',(-1.0842021724855E-16,1.,0.));
#11569=DIRECTION('',(-1.0842021724855E-16,1.,0.));
#11570=DIRECTION('',(0.,0.,1.));
#11571=DIRECTION('',(0.,-1.,0.));
#11572=DIRECTION('',(0.,0.,-1.));
#11573=DIRECTION('',(1.,0.,0.));
#11574=DIRECTION('',(1.,0.,0.));
#11575=DIRECTION('',(0.,0.,1.));
#11576=DIRECTION('',(1.,0.,0.));
#11577=DIRECTION('',(0.,0.,1.));
#11578=DIRECTION('',(1.,0.,0.));
#11579=DIRECTION('',(3.8842094933091E-33,-1.,1.11022302462516E-16));
#11580=DIRECTION('',(-9.71445146547012E-17,-1.11022302462516E-16,-1.));
#11581=DIRECTION('',(-0.00424362130113768,0.999990995798588,0.));
#11582=DIRECTION('',(-0.999990995798589,-0.00424362130113768,0.));
#11583=DIRECTION('',(0.00424362130113768,-0.999990995798588,0.));
#11584=DIRECTION('',(0.999990995798589,0.00424362130113768,0.));
#11585=DIRECTION('',(0.00424362130113768,-0.999990995798588,0.));
#11586=DIRECTION('',(0.999990995798589,0.00424362130113768,0.));
#11587=DIRECTION('',(0.00424362130113768,-0.999990995798588,0.));
#11588=DIRECTION('',(0.999990995798589,0.00424362130113768,0.));
#11589=DIRECTION('',(0.00424362130113768,-0.999990995798588,0.));
#11590=DIRECTION('',(0.999990995798589,0.00424362130113768,0.));
#11591=DIRECTION('',(0.00424362130113768,-0.999990995798588,0.));
#11592=DIRECTION('',(0.999990995798589,0.00424362130113768,0.));
#11593=DIRECTION('',(0.00424362130113768,-0.999990995798588,0.));
#11594=DIRECTION('',(0.999990995798589,0.00424362130113768,0.));
#11595=DIRECTION('',(0.00424362130113768,-0.999990995798588,0.));
#11596=DIRECTION('',(0.999990995798589,0.00424362130113768,0.));
#11597=DIRECTION('',(0.00424362130113768,-0.999990995798588,0.));
#11598=DIRECTION('',(0.999990995798589,0.00424362130113768,0.));
#11599=DIRECTION('',(0.00424362130113768,-0.999990995798588,0.));
#11600=DIRECTION('',(0.999990995798589,0.00424362130113768,0.));
#11601=DIRECTION('',(0.00424362130113768,-0.999990995798588,0.));
#11602=DIRECTION('',(0.999990995798589,0.00424362130113768,0.));
#11603=DIRECTION('',(0.999990995798589,0.00424362130113768,0.));
#11604=DIRECTION('',(0.00424362130113768,-0.999990995798588,0.));
#11605=DIRECTION('',(0.999990995798589,0.00424362130113768,0.));
#11606=DIRECTION('',(0.00424362130113768,-0.999990995798588,0.));
#11607=DIRECTION('',(0.999990995798589,0.00424362130113768,0.));
#11608=DIRECTION('',(0.00424362130113768,-0.999990995798588,0.));
#11609=DIRECTION('',(0.999990995798589,0.00424362130113768,0.));
#11610=DIRECTION('',(0.00424362130113768,-0.999990995798588,0.));
#11611=DIRECTION('',(0.999990995798589,0.00424362130113768,0.));
#11612=DIRECTION('',(0.00424362130113768,-0.999990995798588,0.));
#11613=DIRECTION('',(0.999990995798589,0.00424362130113768,0.));
#11614=DIRECTION('',(0.00424362130113768,-0.999990995798588,0.));
#11615=DIRECTION('',(0.999990995798589,0.00424362130113768,0.));
#11616=DIRECTION('',(0.00424362130113768,-0.999990995798588,0.));
#11617=DIRECTION('',(0.999990995798589,0.00424362130113768,0.));
#11618=DIRECTION('',(0.00424362130113768,-0.999990995798588,0.));
#11619=DIRECTION('',(0.999990995798589,0.00424362130113768,0.));
#11620=DIRECTION('',(0.00424362130113768,-0.999990995798588,0.));
#11621=DIRECTION('',(0.999990995798589,0.00424362130113768,0.));
#11622=DIRECTION('',(0.00424362130113768,-0.999990995798588,0.));
#11623=DIRECTION('',(0.999990995798589,0.00424362130113768,0.));
#11624=DIRECTION('',(-0.999990995798589,-0.00424362130113768,0.));
#11625=DIRECTION('',(0.00424362130113768,-0.999990995798588,0.));
#11626=DIRECTION('',(0.999990995798589,0.00424362130113768,0.));
#11627=DIRECTION('',(0.00424362130113768,-0.999990995798588,0.));
#11628=DIRECTION('',(0.999990995798589,0.00424362130113768,0.));
#11629=DIRECTION('',(0.999990995798589,0.00424362130113768,0.));
#11630=DIRECTION('',(0.00424362130113768,-0.999990995798588,0.));
#11631=DIRECTION('',(0.999990995798589,0.00424362130113768,0.));
#11632=DIRECTION('',(0.00424362130113768,-0.999990995798588,0.));
#11633=DIRECTION('',(0.999990995798589,0.00424362130113768,0.));
#11634=DIRECTION('',(0.00424362130113768,-0.999990995798588,0.));
#11635=DIRECTION('',(0.999990995798589,0.00424362130113768,0.));
#11636=DIRECTION('',(0.00424362130113768,-0.999990995798588,0.));
#11637=DIRECTION('',(0.999990995798589,0.00424362130113768,0.));
#11638=DIRECTION('',(0.00424362130113768,-0.999990995798588,0.));
#11639=DIRECTION('',(0.999990995798589,0.00424362130113768,0.));
#11640=DIRECTION('',(0.00424362130113768,-0.999990995798588,0.));
#11641=DIRECTION('',(0.999990995798589,0.00424362130113768,0.));
#11642=DIRECTION('',(0.00424362130113768,-0.999990995798588,0.));
#11643=DIRECTION('',(0.999990995798589,0.00424362130113768,0.));
#11644=DIRECTION('',(0.00424362130113768,-0.999990995798588,0.));
#11645=DIRECTION('',(0.999990995798589,0.00424362130113768,0.));
#11646=DIRECTION('',(0.00424362130113768,-0.999990995798588,0.));
#11647=DIRECTION('',(0.999990995798589,0.00424362130113768,0.));
#11648=DIRECTION('',(0.00424362130113768,-0.999990995798588,0.));
#11649=DIRECTION('',(0.999990995798589,0.00424362130113768,0.));
#11650=DIRECTION('',(0.00424362130113768,-0.999990995798588,0.));
#11651=DIRECTION('',(0.999990995798589,0.00424362130113768,0.));
#11652=DIRECTION('',(0.00424362130113768,-0.999990995798588,0.));
#11653=DIRECTION('',(0.999990995798589,0.00424362130113768,0.));
#11654=DIRECTION('',(-0.999990995798589,-0.00424362130113768,0.));
#11655=DIRECTION('',(0.00424362130113768,-0.999990995798588,0.));
#11656=DIRECTION('',(0.999990995798589,0.00424362130113768,0.));
#11657=DIRECTION('',(0.00424362130113768,-0.999990995798588,0.));
#11658=DIRECTION('',(0.999990995798589,0.00424362130113768,0.));
#11659=DIRECTION('',(0.00424362130113768,-0.999990995798588,0.));
#11660=DIRECTION('',(0.999990995798589,0.00424362130113768,0.));
#11661=DIRECTION('',(0.00424362130113768,-0.999990995798588,0.));
#11662=DIRECTION('',(0.999990995798589,0.00424362130113768,0.));
#11663=DIRECTION('',(0.00424362130113768,-0.999990995798588,0.));
#11664=DIRECTION('',(0.999990995798589,0.00424362130113768,0.));
#11665=DIRECTION('',(0.00424362130113768,-0.999990995798588,0.));
#11666=DIRECTION('',(0.999990995798589,0.00424362130113768,0.));
#11667=DIRECTION('',(-0.999990995798589,-0.00424362130113768,0.));
#11668=DIRECTION('',(0.00424362130113768,-0.999990995798588,0.));
#11669=DIRECTION('',(0.999990995798589,0.00424362130113768,0.));
#11670=DIRECTION('',(0.00424362130113768,-0.999990995798588,0.));
#11671=DIRECTION('',(0.999990995798589,0.00424362130113768,0.));
#11672=DIRECTION('',(0.00424362130113768,-0.999990995798588,0.));
#11673=DIRECTION('',(0.999990995798589,0.00424362130113768,0.));
#11674=DIRECTION('',(0.00424362130113768,-0.999990995798588,0.));
#11675=DIRECTION('',(0.999990995798589,0.00424362130113768,0.));
#11676=DIRECTION('',(0.00424362130113768,-0.999990995798588,0.));
#11677=DIRECTION('',(0.999990995798589,0.00424362130113768,0.));
#11678=DIRECTION('',(0.00424362130113768,-0.999990995798588,0.));
#11679=DIRECTION('',(0.999990995798589,0.00424362130113768,0.));
#11680=DIRECTION('',(0.999990995798589,0.00424362130113768,0.));
#11681=DIRECTION('',(0.00424362130113768,-0.999990995798588,0.));
#11682=DIRECTION('',(0.999990995798589,0.00424362130113768,0.));
#11683=DIRECTION('',(0.00424362130113768,-0.999990995798588,0.));
#11684=DIRECTION('',(0.999990995798589,0.00424362130113768,0.));
#11685=DIRECTION('',(0.00424362130113768,-0.999990995798588,0.));
#11686=DIRECTION('',(0.999990995798589,0.00424362130113768,0.));
#11687=DIRECTION('',(0.00424362130113768,-0.999990995798588,0.));
#11688=DIRECTION('',(0.999990995798589,0.00424362130113768,0.));
#11689=DIRECTION('',(0.00424362130113768,-0.999990995798588,0.));
#11690=DIRECTION('',(0.999990995798589,0.00424362130113768,0.));
#11691=DIRECTION('',(0.00424362130113768,-0.999990995798588,0.));
#11692=DIRECTION('',(0.999990995798589,0.00424362130113768,0.));
#11693=DIRECTION('',(0.00424362130113768,-0.999990995798588,0.));
#11694=DIRECTION('',(0.999990995798589,0.00424362130113768,0.));
#11695=DIRECTION('',(0.00424362130113768,-0.999990995798588,0.));
#11696=DIRECTION('',(0.999990995798589,0.00424362130113768,0.));
#11697=DIRECTION('',(0.00424362130113768,-0.999990995798588,0.));
#11698=DIRECTION('',(0.999990995798589,0.00424362130113768,0.));
#11699=DIRECTION('',(0.00424362130113768,-0.999990995798588,0.));
#11700=DIRECTION('',(0.999990995798589,0.00424362130113768,0.));
#11701=DIRECTION('',(-0.999990995798589,-0.00424362130113768,0.));
#11702=DIRECTION('',(0.00424362130113768,-0.999990995798588,0.));
#11703=DIRECTION('',(0.999990995798589,0.00424362130113768,0.));
#11704=DIRECTION('',(0.00424362130113768,-0.999990995798588,0.));
#11705=DIRECTION('',(0.999990995798589,0.00424362130113768,0.));
#11706=DIRECTION('',(0.00424362130113768,-0.999990995798588,0.));
#11707=DIRECTION('',(0.999990995798589,0.00424362130113768,0.));
#11708=DIRECTION('',(0.00424362130113768,-0.999990995798588,0.));
#11709=DIRECTION('',(0.999990995798589,0.00424362130113768,0.));
#11710=DIRECTION('',(0.00424362130113768,-0.999990995798588,0.));
#11711=DIRECTION('',(0.999990995798589,0.00424362130113768,0.));
#11712=DIRECTION('',(0.00424362130113768,-0.999990995798588,0.));
#11713=DIRECTION('',(0.999990995798589,0.00424362130113768,0.));
#11714=DIRECTION('',(0.999990995798589,0.00424362130113768,0.));
#11715=DIRECTION('',(-0.999990995798589,-0.00424362130113768,0.));
#11716=DIRECTION('',(0.82262005254216,0.00349091941065239,-0.568580744166738));
#11717=DIRECTION('',(-0.819224543989826,-0.00347651002848653,-0.573462344363328));
#11718=DIRECTION('',(0.999990995798589,0.00424362130113768,0.));
#11719=DIRECTION('',(0.82403450435991,0.00349692186256292,0.566528822887066));
#11720=DIRECTION('',(0.999990995798589,0.00424362130113768,0.));
#11721=DIRECTION('',(0.,0.,-1.));
#11722=DIRECTION('',(0.999990995798589,0.00424362130113768,0.));
#11723=DIRECTION('',(0.,0.,1.));
#11724=DIRECTION('',(-0.999990995798589,-0.00424362130113768,0.));
#11725=DIRECTION('',(0.,0.,-1.));
#11726=DIRECTION('',(-0.999990995798589,-0.00424362130113768,0.));
#11727=DIRECTION('',(-0.827911235741691,-0.0035133733905663,0.560848145169515));
#11728=DIRECTION('',(0.,0.,1.));
#11729=DIRECTION('',(-0.999990995798589,-0.00424362130113768,0.));
#11730=DIRECTION('',(0.,0.,-1.));
#11731=DIRECTION('',(0.999990995798589,0.00424362130113768,0.));
#11732=DIRECTION('',(0.,0.,-1.));
#11733=DIRECTION('',(-0.999990995798589,-0.00424362130113768,0.));
#11734=DIRECTION('',(0.,0.,-1.));
#11735=DIRECTION('',(0.999990995798589,0.00424362130113768,0.));
#11736=DIRECTION('',(0.,0.,-1.));
#11737=DIRECTION('',(-0.999990995798589,-0.00424362130113768,0.));
#11738=DIRECTION('',(0.,0.,-1.));
#11739=DIRECTION('',(0.999990995798589,0.00424362130113768,0.));
#11740=DIRECTION('',(0.,0.,-1.));
#11741=DIRECTION('',(0.999990995798589,0.00424362130113768,0.));
#11742=DIRECTION('',(0.,0.,-1.));
#11743=DIRECTION('',(0.999990995798589,0.00424362130113768,0.));
#11744=DIRECTION('',(0.,0.,1.));
#11745=DIRECTION('',(0.999990995798589,0.00424362130113768,0.));
#11746=DIRECTION('',(0.,0.,1.));
#11747=DIRECTION('',(-0.999990995798589,-0.00424362130113768,0.));
#11748=DIRECTION('',(0.00424362130113768,-0.999990995798588,0.));
#11749=DIRECTION('',(0.999990995798589,0.00424362130113768,0.));
#11750=DIRECTION('',(0.00424362130113768,-0.999990995798588,0.));
#11751=DIRECTION('',(0.999990995798589,0.00424362130113768,0.));
#11752=DIRECTION('',(0.999990995798589,0.00424362130113768,0.));
#11753=DIRECTION('',(0.00424362130113768,-0.999990995798588,0.));
#11754=DIRECTION('',(0.999990995798589,0.00424362130113768,0.));
#11755=DIRECTION('',(0.00424362130113768,-0.999990995798588,0.));
#11756=DIRECTION('',(0.999990995798589,0.00424362130113768,0.));
#11757=DIRECTION('',(0.00424362130113768,-0.999990995798588,0.));
#11758=DIRECTION('',(0.999990995798589,0.00424362130113768,0.));
#11759=DIRECTION('',(0.00424362130113768,-0.999990995798588,0.));
#11760=DIRECTION('',(0.999990995798589,0.00424362130113768,0.));
#11761=DIRECTION('',(0.00424362130113768,-0.999990995798588,0.));
#11762=DIRECTION('',(0.999990995798589,0.00424362130113768,0.));
#11763=DIRECTION('',(0.00424362130113768,-0.999990995798588,0.));
#11764=DIRECTION('',(0.999990995798589,0.00424362130113768,0.));
#11765=DIRECTION('',(0.00424362130113768,-0.999990995798588,0.));
#11766=DIRECTION('',(0.999990995798589,0.00424362130113768,0.));
#11767=DIRECTION('',(0.00424362130113768,-0.999990995798588,0.));
#11768=DIRECTION('',(0.999990995798589,0.00424362130113768,0.));
#11769=DIRECTION('',(0.00424362130113768,-0.999990995798588,0.));
#11770=DIRECTION('',(0.999990995798589,0.00424362130113768,0.));
#11771=DIRECTION('',(0.00424362130113768,-0.999990995798588,0.));
#11772=DIRECTION('',(0.999990995798589,0.00424362130113768,0.));
#11773=DIRECTION('',(0.00424362130113768,-0.999990995798588,0.));
#11774=DIRECTION('',(0.999990995798589,0.00424362130113768,0.));
#11775=DIRECTION('',(0.00424362130113768,-0.999990995798588,0.));
#11776=DIRECTION('',(0.999990995798589,0.00424362130113768,0.));
#11777=DIRECTION('',(-0.999990995798589,-0.00424362130113768,0.));
#11778=DIRECTION('',(0.00424362130113768,-0.999990995798588,0.));
#11779=DIRECTION('',(0.999990995798589,0.00424362130113768,0.));
#11780=DIRECTION('',(0.00424362130113768,-0.999990995798588,0.));
#11781=DIRECTION('',(0.999990995798589,0.00424362130113768,0.));
#11782=DIRECTION('',(0.00424362130113768,-0.999990995798588,0.));
#11783=DIRECTION('',(0.999990995798589,0.00424362130113768,0.));
#11784=DIRECTION('',(0.00424362130113768,-0.999990995798588,0.));
#11785=DIRECTION('',(0.999990995798589,0.00424362130113768,0.));
#11786=DIRECTION('',(0.00424362130113768,-0.999990995798588,0.));
#11787=DIRECTION('',(0.999990995798589,0.00424362130113768,0.));
#11788=DIRECTION('',(0.00424362130113768,-0.999990995798588,0.));
#11789=DIRECTION('',(0.999990995798589,0.00424362130113768,0.));
#11790=DIRECTION('',(-0.999990995798589,-0.00424362130113768,0.));
#11791=DIRECTION('',(0.00424362130113768,-0.999990995798588,0.));
#11792=DIRECTION('',(0.999990995798589,0.00424362130113768,0.));
#11793=DIRECTION('',(0.00424362130113768,-0.999990995798588,0.));
#11794=DIRECTION('',(0.999990995798589,0.00424362130113768,0.));
#11795=DIRECTION('',(0.00424362130113768,-0.999990995798588,0.));
#11796=DIRECTION('',(0.999990995798589,0.00424362130113768,0.));
#11797=DIRECTION('',(0.00424362130113768,-0.999990995798588,0.));
#11798=DIRECTION('',(0.999990995798589,0.00424362130113768,0.));
#11799=DIRECTION('',(0.00424362130113768,-0.999990995798588,0.));
#11800=DIRECTION('',(0.999990995798589,0.00424362130113768,0.));
#11801=DIRECTION('',(0.00424362130113768,-0.999990995798588,0.));
#11802=DIRECTION('',(0.999990995798589,0.00424362130113768,0.));
#11803=DIRECTION('',(0.999990995798589,0.00424362130113768,0.));
#11804=DIRECTION('',(0.00424362130113768,-0.999990995798588,0.));
#11805=DIRECTION('',(0.999990995798589,0.00424362130113768,0.));
#11806=DIRECTION('',(0.00424362130113768,-0.999990995798588,0.));
#11807=DIRECTION('',(0.999990995798589,0.00424362130113768,0.));
#11808=DIRECTION('',(0.00424362130113768,-0.999990995798588,0.));
#11809=DIRECTION('',(0.999990995798589,0.00424362130113768,0.));
#11810=DIRECTION('',(0.00424362130113768,-0.999990995798588,0.));
#11811=DIRECTION('',(0.999990995798589,0.00424362130113768,0.));
#11812=DIRECTION('',(0.00424362130113768,-0.999990995798588,0.));
#11813=DIRECTION('',(0.999990995798589,0.00424362130113768,0.));
#11814=DIRECTION('',(0.00424362130113768,-0.999990995798588,0.));
#11815=DIRECTION('',(0.999990995798589,0.00424362130113768,0.));
#11816=DIRECTION('',(0.00424362130113768,-0.999990995798588,0.));
#11817=DIRECTION('',(0.999990995798589,0.00424362130113768,0.));
#11818=DIRECTION('',(0.00424362130113768,-0.999990995798588,0.));
#11819=DIRECTION('',(0.999990995798589,0.00424362130113768,0.));
#11820=DIRECTION('',(0.00424362130113768,-0.999990995798588,0.));
#11821=DIRECTION('',(0.999990995798589,0.00424362130113768,0.));
#11822=DIRECTION('',(0.00424362130113768,-0.999990995798588,0.));
#11823=DIRECTION('',(0.999990995798589,0.00424362130113768,0.));
#11824=DIRECTION('',(-0.999990995798589,-0.00424362130113768,0.));
#11825=DIRECTION('',(0.00424362130113768,-0.999990995798588,0.));
#11826=DIRECTION('',(0.999990995798589,0.00424362130113768,0.));
#11827=DIRECTION('',(0.00424362130113768,-0.999990995798588,0.));
#11828=DIRECTION('',(0.999990995798589,0.00424362130113768,0.));
#11829=DIRECTION('',(0.00424362130113768,-0.999990995798588,0.));
#11830=DIRECTION('',(0.999990995798589,0.00424362130113768,0.));
#11831=DIRECTION('',(0.00424362130113768,-0.999990995798588,0.));
#11832=DIRECTION('',(0.999990995798589,0.00424362130113768,0.));
#11833=DIRECTION('',(0.00424362130113768,-0.999990995798588,0.));
#11834=DIRECTION('',(0.999990995798589,0.00424362130113768,0.));
#11835=DIRECTION('',(0.00424362130113768,-0.999990995798588,0.));
#11836=DIRECTION('',(0.999990995798589,0.00424362130113768,0.));
#11837=DIRECTION('',(0.999990995798589,0.00424362130113768,0.));
#11838=DIRECTION('',(0.999990995798589,0.00424362130113768,0.));
#11839=DIRECTION('',(0.478847818999547,0.00203206710185126,-0.877895572914382));
#11840=DIRECTION('',(0.999990995798589,0.00424362130113768,0.));
#11841=DIRECTION('',(-0.503866488567887,-0.0021382378169401,0.863778900898434));
#11842=DIRECTION('',(-0.999990995798589,-0.00424362130113768,0.));
#11843=DIRECTION('',(-0.503866488567888,-0.00213823781694011,-0.863778900898433));
#11844=DIRECTION('',(0.999990995798589,0.00424362130113768,0.));
#11845=DIRECTION('',(0.478847818999543,0.00203206710185125,0.877895572914384));
#11846=DIRECTION('',(0.,0.,-1.));
#11847=DIRECTION('',(0.999990995798589,0.00424362130113768,0.));
#11848=DIRECTION('',(0.,0.,1.));
#11849=DIRECTION('',(-0.999990995798589,-0.00424362130113768,0.));
#11850=DIRECTION('',(-0.554283548352236,-0.00235219065225612,-0.832324585258173));
#11851=DIRECTION('',(-0.554283548352236,-0.00235219065225612,0.832324585258173));
#11852=DIRECTION('',(-0.999990995798589,-0.00424362130113768,0.));
#11853=DIRECTION('',(0.,0.,-1.));
#11854=DIRECTION('',(0.999990995798589,0.00424362130113768,0.));
#11855=DIRECTION('',(0.,0.,1.));
#11856=DIRECTION('',(0.549434503221481,0.00233161295576335,-0.835533536281333));
#11857=DIRECTION('',(0.999990995798589,0.00424362130113768,0.));
#11858=DIRECTION('',(0.54951390132699,0.00233194989428902,0.835481318916277));
#11859=DIRECTION('',(0.00424362130113768,-0.999990995798588,0.));
#11860=DIRECTION('',(0.999990995798589,0.00424362130113768,0.));
#11861=DIRECTION('',(0.00424362130113768,-0.999990995798588,0.));
#11862=DIRECTION('',(0.999990995798589,0.00424362130113768,0.));
#11863=DIRECTION('',(0.151243967124527,0.000641827899705893,-0.988496257183294));
#11864=DIRECTION('',(0.999990995798589,0.00424362130113768,0.));
#11865=DIRECTION('',(0.,0.,1.));
#11866=DIRECTION('',(0.00424362130113768,-0.999990995798588,0.));
#11867=DIRECTION('',(0.999990995798589,0.00424362130113768,0.));
#11868=DIRECTION('',(0.00424362130113768,-0.999990995798588,0.));
#11869=DIRECTION('',(0.999990995798589,0.00424362130113768,0.));
#11870=DIRECTION('',(0.00424362130113768,-0.999990995798588,0.));
#11871=DIRECTION('',(0.999990995798589,0.00424362130113768,0.));
#11872=DIRECTION('',(0.00424362130113768,-0.999990995798588,0.));
#11873=DIRECTION('',(0.999990995798589,0.00424362130113768,0.));
#11874=DIRECTION('',(0.00424362130113768,-0.999990995798588,0.));
#11875=DIRECTION('',(0.999990995798589,0.00424362130113768,0.));
#11876=DIRECTION('',(-0.337282812319871,-0.00143131341470249,0.941402281628586));
#11877=DIRECTION('',(-0.999990995798589,-0.00424362130113768,0.));
#11878=DIRECTION('',(0.190547501643687,0.000808618717819518,-0.981677643502753));
#11879=DIRECTION('',(0.00424362130113768,-0.999990995798588,0.));
#11880=DIRECTION('',(0.999990995798589,0.00424362130113768,0.));
#11881=DIRECTION('',(0.00424362130113768,-0.999990995798588,0.));
#11882=DIRECTION('',(0.999990995798589,0.00424362130113768,0.));
#11883=DIRECTION('',(-0.98760685463265,-0.0041910672226821,-0.156892114646143));
#11884=DIRECTION('',(0.174580455250387,0.000740860009515599,-0.984642633533108));
#11885=DIRECTION('',(0.999990995798589,0.00424362130113768,0.));
#11886=DIRECTION('',(-0.172520157664623,-0.000732116808068421,0.985005715315578));
#11887=DIRECTION('',(0.983110993953979,0.00417198832074887,0.182962750526631));
#11888=DIRECTION('',(-0.174580455250387,-0.000740860009515599,0.984642633533108));
#11889=DIRECTION('',(-0.999990995798589,-0.00424362130113768,0.));
#11890=DIRECTION('',(0.172865420869207,0.000733581987550664,-0.984945180263947));
#11891=DIRECTION('',(-0.97643790746284,-0.004143670013787,-0.215758760814958));
#11892=DIRECTION('',(0.174580455250387,0.000740860009515599,-0.984642633533108));
#11893=DIRECTION('',(0.999990995798589,0.00424362130113768,0.));
#11894=DIRECTION('',(-0.183313774255932,-0.000777921241783961,0.983054146528352));
#11895=DIRECTION('',(0.00424362130113768,-0.999990995798588,0.));
#11896=DIRECTION('',(0.999990995798589,0.00424362130113768,0.));
#11897=DIRECTION('',(0.00424362130113768,-0.999990995798588,0.));
#11898=DIRECTION('',(0.999990995798589,0.00424362130113768,0.));
#11899=DIRECTION('',(0.00424362130113768,-0.999990995798588,0.));
#11900=DIRECTION('',(0.999990995798589,0.00424362130113768,0.));
#11901=DIRECTION('',(0.00424362130113768,-0.999990995798588,0.));
#11902=DIRECTION('',(0.999990995798589,0.00424362130113768,0.));
#11903=DIRECTION('',(0.00424362130113768,-0.999990995798588,0.));
#11904=DIRECTION('',(0.999990995798589,0.00424362130113768,0.));
#11905=DIRECTION('',(-0.796590283449265,-0.0033804579334487,0.60451012631583));
#11906=DIRECTION('',(-0.999990995798589,-0.00424362130113768,0.));
#11907=DIRECTION('',(0.17528449909817,0.000743847731887039,-0.984517542284776));
#11908=DIRECTION('',(0.00424362130113768,-0.999990995798588,0.));
#11909=DIRECTION('',(0.999990995798589,0.00424362130113768,0.));
#11910=DIRECTION('',(-0.178148913313521,-0.000756003330518046,0.984003248543508));
#11911=DIRECTION('',(-0.999990995798589,-0.00424362130113768,0.));
#11912=DIRECTION('',(-0.122609863239782,-0.000520314512390585,-0.992454810411603));
#11913=DIRECTION('',(0.00424362130113768,-0.999990995798588,0.));
#11914=DIRECTION('',(0.999990995798589,0.00424362130113768,0.));
#11915=DIRECTION('',(0.00424362130113768,-0.999990995798588,0.));
#11916=DIRECTION('',(0.999990995798589,0.00424362130113768,0.));
#11917=DIRECTION('',(0.00424362130113768,-0.999990995798588,0.));
#11918=DIRECTION('',(0.999990995798589,0.00424362130113768,0.));
#11919=DIRECTION('',(0.00424362130113768,-0.999990995798588,0.));
#11920=DIRECTION('',(0.999990995798589,0.00424362130113768,0.));
#11921=DIRECTION('',(0.00424362130113768,-0.999990995798588,0.));
#11922=DIRECTION('',(0.999990995798589,0.00424362130113768,0.));
#11923=DIRECTION('',(0.174901838821665,0.000742223851964822,-0.984585596015173));
#11924=DIRECTION('',(0.999990995798589,0.00424362130113768,0.));
#11925=DIRECTION('',(0.126200631483391,0.000535552510202611,0.992004593636896));
#11926=DIRECTION('',(0.00424362130113768,-0.999990995798588,0.));
#11927=DIRECTION('',(0.999990995798589,0.00424362130113768,0.));
#11928=DIRECTION('',(0.00424362130113768,-0.999990995798588,0.));
#11929=DIRECTION('',(0.999990995798589,0.00424362130113768,0.));
#11930=DIRECTION('',(0.00424362130113768,-0.999990995798588,0.));
#11931=DIRECTION('',(0.999990995798589,0.00424362130113768,0.));
#11932=DIRECTION('',(0.00424362130113768,-0.999990995798588,0.));
#11933=DIRECTION('',(0.999990995798589,0.00424362130113768,0.));
#11934=DIRECTION('',(0.00424362130113768,-0.999990995798588,0.));
#11935=DIRECTION('',(0.999990995798589,0.00424362130113768,0.));
#11936=DIRECTION('',(0.00424362130113768,-0.999990995798588,0.));
#11937=DIRECTION('',(0.999990995798589,0.00424362130113768,0.));
#11938=DIRECTION('',(0.00424362130113768,-0.999990995798588,0.));
#11939=DIRECTION('',(0.999990995798589,0.00424362130113768,0.));
#11940=DIRECTION('',(0.00424362130113768,-0.999990995798588,0.));
#11941=DIRECTION('',(0.999990995798589,0.00424362130113768,0.));
#11942=DIRECTION('',(0.00424362130113768,-0.999990995798588,0.));
#11943=DIRECTION('',(0.999990995798589,0.00424362130113768,0.));
#11944=DIRECTION('',(0.177980160452796,0.00075528720083547,-0.984033786018773));
#11945=DIRECTION('',(-0.980870114457829,-0.00416247879116001,-0.194618838589175));
#11946=DIRECTION('',(0.16765916446881,0.000711488408055716,-0.985844763821295));
#11947=DIRECTION('',(0.999990995798589,0.00424362130113768,0.));
#11948=DIRECTION('',(-0.17764758958136,-0.000753875883293515,0.984093880474361));
#11949=DIRECTION('',(0.00424362130113768,-0.999990995798588,0.));
#11950=DIRECTION('',(0.999990995798589,0.00424362130113768,0.));
#11951=DIRECTION('',(0.00424362130113768,-0.999990995798588,0.));
#11952=DIRECTION('',(0.999990995798589,0.00424362130113768,0.));
#11953=DIRECTION('',(0.00424362130113768,-0.999990995798588,0.));
#11954=DIRECTION('',(0.999990995798589,0.00424362130113768,0.));
#11955=DIRECTION('',(0.00424362130113768,-0.999990995798588,0.));
#11956=DIRECTION('',(0.999990995798589,0.00424362130113768,0.));
#11957=DIRECTION('',(0.00424362130113768,-0.999990995798588,0.));
#11958=DIRECTION('',(0.999990995798589,0.00424362130113768,0.));
#11959=DIRECTION('',(0.00424362130113768,-0.999990995798588,0.));
#11960=DIRECTION('',(0.999990995798589,0.00424362130113768,0.));
#11961=DIRECTION('',(0.00424362130113768,-0.999990995798588,0.));
#11962=DIRECTION('',(0.999990995798589,0.00424362130113768,0.));
#11963=DIRECTION('',(0.00424362130113768,-0.999990995798588,0.));
#11964=DIRECTION('',(0.999990995798589,0.00424362130113768,0.));
#11965=DIRECTION('',(0.00424362130113768,-0.999990995798588,0.));
#11966=DIRECTION('',(0.999990995798589,0.00424362130113768,0.));
#11967=DIRECTION('',(-0.987557195352093,-0.00419085648560382,-0.157204397617319));
#11968=DIRECTION('',(0.174580455250387,0.000740860009515599,-0.984642633533108));
#11969=DIRECTION('',(0.999990995798589,0.00424362130113768,0.));
#11970=DIRECTION('',(-0.173143154696439,-0.000734760595348376,0.984896394606373));
#11971=DIRECTION('',(0.981771010446763,0.00416630188699268,0.190021906565869));
#11972=DIRECTION('',(-0.174580455250387,-0.000740860009515599,0.984642633533108));
#11973=DIRECTION('',(-0.999990995798589,-0.00424362130113768,0.));
#11974=DIRECTION('',(0.173143154696439,0.000734760595348376,-0.984896394606373));
#11975=DIRECTION('',(0.00424362130113768,-0.999990995798588,0.));
#11976=DIRECTION('',(0.999990995798589,0.00424362130113768,0.));
#11977=DIRECTION('',(-0.178148913313521,-0.000756003330518046,0.984003248543508));
#11978=DIRECTION('',(-0.999990995798589,-0.00424362130113768,0.));
#11979=DIRECTION('',(-0.122609863239782,-0.000520314512390585,-0.992454810411603));
#11980=DIRECTION('',(0.00424362130113768,-0.999990995798588,0.));
#11981=DIRECTION('',(0.999990995798589,0.00424362130113768,0.));
#11982=DIRECTION('',(0.00424362130113768,-0.999990995798588,0.));
#11983=DIRECTION('',(0.999990995798589,0.00424362130113768,0.));
#11984=DIRECTION('',(0.00424362130113768,-0.999990995798588,0.));
#11985=DIRECTION('',(0.999990995798589,0.00424362130113768,0.));
#11986=DIRECTION('',(0.00424362130113768,-0.999990995798588,0.));
#11987=DIRECTION('',(0.999990995798589,0.00424362130113768,0.));
#11988=DIRECTION('',(0.00424362130113768,-0.999990995798588,0.));
#11989=DIRECTION('',(0.999990995798589,0.00424362130113768,0.));
#11990=DIRECTION('',(0.174901838821665,0.000742223851964822,-0.984585596015173));
#11991=DIRECTION('',(0.999990995798589,0.00424362130113768,0.));
#11992=DIRECTION('',(0.126200631483391,0.000535552510202611,0.992004593636896));
#11993=DIRECTION('',(0.00424362130113768,-0.999990995798588,0.));
#11994=DIRECTION('',(0.999990995798589,0.00424362130113768,0.));
#11995=DIRECTION('',(0.00424362130113768,-0.999990995798588,0.));
#11996=DIRECTION('',(0.999990995798589,0.00424362130113768,0.));
#11997=DIRECTION('',(0.00424362130113768,-0.999990995798588,0.));
#11998=DIRECTION('',(0.999990995798589,0.00424362130113768,0.));
#11999=DIRECTION('',(0.00424362130113768,-0.999990995798588,0.));
#12000=DIRECTION('',(0.999990995798589,0.00424362130113768,0.));
#12001=DIRECTION('',(-0.173044058236413,-0.000734340063713189,0.984913810774193));
#12002=DIRECTION('',(-0.999990995798589,-0.00424362130113768,0.));
#12003=DIRECTION('',(0.173143154696439,0.000734760595348376,-0.984896394606373));
#12004=DIRECTION('',(-0.978258008020267,-0.00415139390083014,-0.207350031764887));
#12005=DIRECTION('',(0.174580455250468,0.000740860009515942,-0.984642633533093));
#12006=DIRECTION('',(0.999990995798589,0.00424362130113768,0.));
#12007=DIRECTION('',(-0.137969975028503,-0.000585497596886677,0.990436238827719));
#12008=DIRECTION('',(0.00424362130113768,-0.999990995798588,0.));
#12009=DIRECTION('',(0.999990995798589,0.00424362130113768,0.));
#12010=DIRECTION('',(0.00424362130113768,-0.999990995798588,0.));
#12011=DIRECTION('',(0.999990995798589,0.00424362130113768,0.));
#12012=DIRECTION('',(0.00424362130113768,-0.999990995798588,0.));
#12013=DIRECTION('',(0.999990995798589,0.00424362130113768,0.));
#12014=DIRECTION('',(0.977421087094476,0.0041478422933827,0.211260062262988));
#12015=DIRECTION('',(-0.174580455250468,-0.000740860009515942,0.984642633533093));
#12016=DIRECTION('',(-0.999990995798589,-0.00424362130113768,0.));
#12017=DIRECTION('',(0.173010227186222,0.000734196496255249,-0.984919754215782));
#12018=DIRECTION('',(0.0569245746398876,0.000241568512631571,-0.998378452515238));
#12019=DIRECTION('',(0.00424362130113768,-0.999990995798588,0.));
#12020=DIRECTION('',(0.999990995798589,0.00424362130113768,0.));
#12021=DIRECTION('',(0.00424362130113768,-0.999990995798588,0.));
#12022=DIRECTION('',(0.999990995798589,0.00424362130113768,0.));
#12023=DIRECTION('',(-0.570508156266784,-0.00242104236395958,-0.821288367254125));
#12024=DIRECTION('',(0.00424362130113768,-0.999990995798588,0.));
#12025=DIRECTION('',(0.999990995798589,0.00424362130113768,0.));
#12026=DIRECTION('',(0.00424362130113768,-0.999990995798588,0.));
#12027=DIRECTION('',(0.999990995798589,0.00424362130113768,0.));
#12028=DIRECTION('',(0.00424362130113768,-0.999990995798588,0.));
#12029=DIRECTION('',(0.999990995798589,0.00424362130113768,0.));
#12030=DIRECTION('',(0.00424362130113768,-0.999990995798588,0.));
#12031=DIRECTION('',(0.999990995798589,0.00424362130113768,0.));
#12032=DIRECTION('',(0.00424362130113768,-0.999990995798588,0.));
#12033=DIRECTION('',(0.999990995798589,0.00424362130113768,0.));
#12034=DIRECTION('',(-0.999990995798589,-0.00424362130113768,0.));
#12035=DIRECTION('',(0.00424362130113768,-0.999990995798588,0.));
#12036=DIRECTION('',(0.999990995798589,0.00424362130113768,0.));
#12037=DIRECTION('',(0.00424362130113768,-0.999990995798588,0.));
#12038=DIRECTION('',(0.999990995798589,0.00424362130113768,0.));
#12039=DIRECTION('',(0.00424362130113768,-0.999990995798588,0.));
#12040=DIRECTION('',(0.999990995798589,0.00424362130113768,0.));
#12041=DIRECTION('',(0.00424362130113768,-0.999990995798588,0.));
#12042=DIRECTION('',(0.999990995798589,0.00424362130113768,0.));
#12043=DIRECTION('',(0.00424362130113768,-0.999990995798588,0.));
#12044=DIRECTION('',(0.999990995798589,0.00424362130113768,0.));
#12045=DIRECTION('',(0.00424362130113768,-0.999990995798588,0.));
#12046=DIRECTION('',(0.999990995798589,0.00424362130113768,0.));
#12047=DIRECTION('',(0.00424362130113768,-0.999990995798588,0.));
#12048=DIRECTION('',(0.999990995798589,0.00424362130113768,0.));
#12049=DIRECTION('',(0.00424362130113768,-0.999990995798588,0.));
#12050=DIRECTION('',(0.999990995798589,0.00424362130113768,0.));
#12051=DIRECTION('',(0.00424362130113768,-0.999990995798588,0.));
#12052=DIRECTION('',(0.999990995798589,0.00424362130113768,0.));
#12053=DIRECTION('',(0.00424362130113768,-0.999990995798588,0.));
#12054=DIRECTION('',(0.999990995798589,0.00424362130113768,0.));
#12055=DIRECTION('',(0.00424362130113768,-0.999990995798588,0.));
#12056=DIRECTION('',(0.999990995798589,0.00424362130113768,0.));
#12057=DIRECTION('',(0.999990995798589,0.00424362130113768,0.));
#12058=DIRECTION('',(0.,0.,-1.));
#12059=DIRECTION('',(0.999990995798589,0.00424362130113768,0.));
#12060=DIRECTION('',(0.,0.,1.));
#12061=DIRECTION('',(-0.00424362130113768,0.999990995798589,0.));
#12062=DIRECTION('',(-0.999990995798589,-0.00424362130113768,0.));
#12063=DIRECTION('',(0.,0.,-1.));
#12064=DIRECTION('',(-0.999990995798589,-0.00424362130113768,0.));
#12065=DIRECTION('',(0.,0.,-1.));
#12066=DIRECTION('',(0.999990995798589,0.00424362130113768,0.));
#12067=DIRECTION('',(-1.,0.,0.));
#12068=DIRECTION('',(0.,0.,1.));
#12069=DIRECTION('',(0.,0.,-1.));
#12070=DIRECTION('',(0.,-1.,0.));
#12071=DIRECTION('',(0.,0.,-1.));
#12072=DIRECTION('',(0.,-1.,0.));
#12073=DIRECTION('',(0.,0.,-1.));
#12074=DIRECTION('',(0.,-1.,0.));
#12075=DIRECTION('',(0.,0.707106781186548,0.707106781186547));
#12076=DIRECTION('',(0.,1.70536172736021E-16,1.));
#12077=DIRECTION('',(0.,0.707106781186548,-0.707106781186547));
#12078=DIRECTION('',(-1.,0.,0.));
#12079=DIRECTION('',(0.,0.,1.));
#12080=DIRECTION('',(0.,0.,-1.));
#12081=DIRECTION('',(0.,-1.,0.));
#12082=DIRECTION('',(0.,0.,-1.));
#12083=DIRECTION('',(0.,0.707106781186548,-0.707106781186547));
#12084=DIRECTION('',(0.,0.,-1.));
#12085=DIRECTION('',(0.,0.707106781186548,0.707106781186547));
#12086=DIRECTION('',(0.,-1.,0.));
#12087=DIRECTION('',(0.,0.,-1.));
#12088=DIRECTION('',(0.,-1.,0.));
#12089=DIRECTION('',(0.,0.,-1.));
#12090=DIRECTION('',(-1.,0.,0.));
#12091=DIRECTION('',(0.,0.,-1.));
#12092=DIRECTION('',(0.,0.707106781186547,-0.707106781186548));
#12093=DIRECTION('',(0.,-0.707106781186548,-0.707106781186547));
#12094=DIRECTION('',(0.,-0.707106781186547,-0.707106781186548));
#12095=DIRECTION('',(0.,0.707106781186548,-0.707106781186547));
#12096=DIRECTION('',(1.70536172736021E-16,-1.70536172736021E-16,-1.));
#12097=DIRECTION('',(-1.,0.,-1.70536172736021E-16));
#12098=DIRECTION('',(0.,0.707106781186547,-0.707106781186548));
#12099=DIRECTION('',(2.41174568358482E-16,-0.707106781186548,-0.707106781186547));
#12100=DIRECTION('',(-1.70536172736021E-16,0.,1.));
#12101=DIRECTION('',(0.,-0.707106781186547,-0.707106781186548));
#12102=DIRECTION('',(2.41174568358482E-16,0.707106781186548,-0.707106781186547));
#12103=DIRECTION('',(0.,-1.,0.));
#12104=DIRECTION('',(0.,0.,-1.));
#12105=DIRECTION('',(-1.,0.,0.));
#12106=DIRECTION('',(1.,0.,0.));
#12107=DIRECTION('',(0.,0.,1.));
#12108=DIRECTION('',(0.,-1.,0.));
#12109=DIRECTION('',(0.,0.,-1.));
#12110=DIRECTION('',(1.,0.,0.));
#12111=DIRECTION('',(0.,0.,1.));
#12112=DIRECTION('',(1.,0.,0.));
#12113=DIRECTION('',(0.,0.,-1.));
#12114=DIRECTION('',(0.,0.,1.));
#12115=DIRECTION('',(1.,0.,0.));
#12116=DIRECTION('',(1.,0.,0.));
#12117=DIRECTION('',(1.,0.,0.));
#12118=DIRECTION('',(0.707106781186547,-0.707106781186548,0.));
#12119=DIRECTION('',(0.,-1.,0.));
#12120=DIRECTION('',(0.70560483937499,0.708605539528583,0.));
#12121=DIRECTION('',(0.999990995798589,0.00424362130113768,0.));
#12122=DIRECTION('',(0.,-1.,0.));
#12123=DIRECTION('',(0.621874029320602,-0.783117291123469,0.));
#12124=DIRECTION('',(0.,-1.,0.));
#12125=DIRECTION('',(-0.698471401819357,-0.715637967718667,0.));
#12126=DIRECTION('',(-1.,0.,0.));
#12127=DIRECTION('',(0.707106781186566,-0.707106781186529,0.));
#12128=DIRECTION('',(-4.87597950004292E-14,1.,0.));
#12129=DIRECTION('',(0.,0.,1.));
#12130=DIRECTION('',(1.,0.,0.));
#12131=DIRECTION('',(0.,0.,1.));
#12132=DIRECTION('',(1.,0.,0.));
#12133=DIRECTION('',(1.,0.,0.));
#12134=DIRECTION('',(0.,-1.,0.));
#12135=DIRECTION('',(1.,0.,0.));
#12136=DIRECTION('',(0.,-1.,0.));
#12137=DIRECTION('',(0.,0.,1.));
#12138=DIRECTION('',(1.,0.,0.));
#12139=DIRECTION('',(0.,0.,1.));
#12140=DIRECTION('',(1.,0.,0.));
#12141=DIRECTION('',(4.8661821854643E-14,-1.,0.));
#12142=DIRECTION('',(1.,0.,0.));
#12143=DIRECTION('',(0.,1.,0.));
#12144=DIRECTION('',(-1.,0.,0.));
#12145=DIRECTION('',(0.,-1.,0.));
#12146=DIRECTION('',(-0.999990995798589,-0.00424362130113768,0.));
#12147=DIRECTION('',(0.,-1.,0.));
#12148=DIRECTION('',(1.,0.,0.));
#12149=DIRECTION('',(0.,-1.,0.));
#12150=DIRECTION('',(1.,0.,0.));
#12151=DIRECTION('',(0.,0.,-1.));
#12152=DIRECTION('',(1.,0.,0.));
#12153=DIRECTION('',(1.,0.,0.));
#12154=DIRECTION('',(0.,1.,0.));
#12155=DIRECTION('',(0.,1.,0.));
#12156=DIRECTION('',(-1.,0.,0.));
#12157=DIRECTION('',(0.,1.,0.));
#12158=DIRECTION('',(0.,1.,0.));
#12159=DIRECTION('',(0.,0.,-1.));
#12160=DIRECTION('',(-1.,0.,0.));
#12161=DIRECTION('',(-4.87597950004292E-14,1.,0.));
#12162=DIRECTION('',(-0.707106781186566,0.707106781186529,0.));
#12163=DIRECTION('',(-1.,0.,0.));
#12164=DIRECTION('',(-0.698471401819357,-0.715637967718666,0.));
#12165=DIRECTION('',(0.,-1.,0.));
#12166=DIRECTION('',(0.621874029320602,-0.783117291123468,0.));
#12167=DIRECTION('',(0.,-1.,0.));
#12168=DIRECTION('',(-0.999990995798589,-0.00424362130113768,0.));
#12169=DIRECTION('',(-0.70560483937499,-0.708605539528583,0.));
#12170=DIRECTION('',(0.,-1.,0.));
#12171=DIRECTION('',(-0.707106781186547,0.707106781186548,0.));
#12172=DIRECTION('',(0.,0.,-1.));
#12173=DIRECTION('',(-1.,0.,0.));
#12174=DIRECTION('',(0.,0.,1.));
#12175=DIRECTION('',(0.707106781186548,0.707106781186547,0.));
#12176=DIRECTION('',(0.,0.,1.));
#12177=DIRECTION('',(0.,0.,-1.));
#12178=DIRECTION('',(0.,0.,1.));
#12179=DIRECTION('',(-0.783117291123468,-0.621874029320602,0.));
#12180=DIRECTION('',(0.621874029320602,-0.783117291123468,0.));
#12181=DIRECTION('',(0.,0.,-1.));
#12182=DIRECTION('',(0.,0.,-1.));
#12183=DIRECTION('',(-1.,0.,0.));
#12184=DIRECTION('',(0.,0.,1.));
#12185=DIRECTION('',(0.,0.,-1.));
#12186=DIRECTION('',(-0.00424362130113768,0.999990995798588,0.));
#12187=DIRECTION('',(-0.999990995798589,-0.00424362130113768,0.));
#12188=DIRECTION('',(-0.00424362130113768,0.999990995798588,0.));
#12189=DIRECTION('',(-0.999990995798589,-0.00424362130113768,0.));
#12190=DIRECTION('',(0.,0.,-1.));
#12191=DIRECTION('',(-0.715637967718666,0.698471401819357,0.));
#12192=DIRECTION('',(-0.698471401819357,-0.715637967718666,0.));
#12193=DIRECTION('',(0.,0.,-1.));
#12194=DIRECTION('',(0.,0.,-1.));
#12195=DIRECTION('',(-1.,0.,0.));
#12196=DIRECTION('',(0.,0.,1.));
#12197=DIRECTION('',(-0.708605539528583,0.70560483937499,0.));
#12198=DIRECTION('',(-0.70560483937499,-0.708605539528583,0.));
#12199=DIRECTION('',(0.,0.,-1.));
#12200=DIRECTION('',(-1.,0.,0.));
#12201=DIRECTION('',(0.,0.,1.));
#12202=DIRECTION('',(0.,-1.,0.));
#12203=DIRECTION('',(0.,0.,-1.));
#12204=DIRECTION('',(0.,0.,-1.));
#12205=DIRECTION('',(1.,4.87597950004292E-14,0.));
#12206=DIRECTION('',(-4.87597950004292E-14,1.,0.));
#12207=DIRECTION('',(0.,0.,-1.));
#12208=DIRECTION('',(0.707106781186529,0.707106781186566,0.));
#12209=DIRECTION('',(-0.707106781186566,0.707106781186529,0.));
#12210=DIRECTION('',(0.,0.,-1.));
#12211=DIRECTION('',(0.,1.,0.));
#12212=DIRECTION('',(0.,0.,1.));
#12213=DIRECTION('',(-0.00424362130113768,0.999990995798588,0.));
#12214=DIRECTION('',(-0.999990995798589,-0.00424362130113768,0.));
#12215=DIRECTION('',(0.,1.,0.));
#12216=DIRECTION('',(0.,0.,1.));
#12217=DIRECTION('',(0.,0.,-1.));
#12218=DIRECTION('',(-1.,0.,0.));
#12219=DIRECTION('',(0.,0.,-1.));
#12220=DIRECTION('',(1.,0.,0.));
#12221=DIRECTION('',(-0.715637967718666,0.698471401819357,0.));
#12222=DIRECTION('',(-0.698471401819357,-0.715637967718666,0.));
#12223=DIRECTION('',(-0.568006045859949,-0.581966120949728,-0.581966120949727));
#12224=DIRECTION('',(-0.572620984626757,-0.586694482614389,0.572620984626757));
#12225=DIRECTION('',(0.,0.,-1.));
#12226=DIRECTION('',(-0.572620984626757,-0.586694482614389,-0.572620984626757));
#12227=DIRECTION('',(-0.568006045859949,-0.581966120949727,0.581966120949727));
#12228=DIRECTION('',(-1.,0.,0.));
#12229=DIRECTION('',(0.,0.,1.));
#12230=DIRECTION('',(0.,-1.,0.));
#12231=DIRECTION('',(0.,1.,0.));
#12232=DIRECTION('',(-0.708605539528583,0.70560483937499,0.));
#12233=DIRECTION('',(-0.70560483937499,-0.708605539528583,0.));
#12234=DIRECTION('',(-0.576531846941819,-0.578983643053651,-0.576531846941848));
#12235=DIRECTION('',(-0.576531846941819,-0.578983643053651,0.576531846941847));
#12236=DIRECTION('',(0.,0.,1.));
#12237=DIRECTION('',(-0.576531846941818,-0.57898364305365,0.576531846941849));
#12238=DIRECTION('',(-1.,-4.8661821854643E-14,0.));
#12239=DIRECTION('',(4.8661821854643E-14,-1.,0.));
#12240=DIRECTION('',(4.8661821854643E-14,-1.,0.));
#12241=DIRECTION('',(0.,0.,1.));
#12242=DIRECTION('',(-4.8661821854643E-14,1.,0.));
#12243=DIRECTION('',(0.,0.,-1.));
#12244=DIRECTION('',(0.,-1.,0.));
#12245=DIRECTION('',(0.,0.,-1.));
#12246=DIRECTION('',(1.,0.,0.));
#12247=DIRECTION('',(-1.,0.,0.));
#12248=DIRECTION('',(0.,0.,-1.));
#12249=DIRECTION('',(1.,0.,0.));
#12250=DIRECTION('',(0.,0.,-1.));
#12251=DIRECTION('',(0.,0.,-1.));
#12252=DIRECTION('',(0.,1.,0.));
#12253=DIRECTION('',(0.,0.,-1.));
#12254=DIRECTION('',(0.,-1.,0.));
#12255=DIRECTION('',(0.707106781186529,0.707106781186566,0.));
#12256=DIRECTION('',(-0.707106781186566,0.707106781186529,0.));
#12257=DIRECTION('',(-0.577350269189636,0.577350269189606,-0.577350269189636));
#12258=DIRECTION('',(-0.577350269189646,0.577350269189616,0.577350269189615));
#12259=DIRECTION('',(-0.577350269189646,0.577350269189616,-0.577350269189616));
#12260=DIRECTION('',(-0.577350269189636,0.577350269189606,0.577350269189636));
#12261=DIRECTION('',(0.,0.,1.));
#12262=DIRECTION('',(1.,0.,0.));
#12263=DIRECTION('',(0.,-1.,0.));
#12264=DIRECTION('',(-1.,0.,0.));
#12265=DIRECTION('',(-4.8661821854643E-14,1.,0.));
#12266=DIRECTION('',(0.999990995798589,0.00424362130113768,0.));
#12267=DIRECTION('',(0.,1.,0.));
#12268=DIRECTION('',(1.,0.,0.));
#12269=DIRECTION('',(0.70710678118655,0.707106781186545,0.));
#12270=DIRECTION('',(0.,0.,-1.));
#12271=DIRECTION('',(-0.577350269189634,0.577350269189638,0.577350269189605));
#12272=DIRECTION('',(-0.577350269189623,0.577350269189628,-0.577350269189627));
#12273=DIRECTION('',(-0.577350269189623,0.577350269189627,0.577350269189627));
#12274=DIRECTION('',(-0.577350269189634,0.577350269189638,-0.577350269189605));
#12275=DIRECTION('',(0.,0.,1.));
#12276=DIRECTION('',(-0.707106781186548,0.707106781186547,0.));
#12277=DIRECTION('',(0.,0.,-1.));
#12278=DIRECTION('',(-0.577350269189626,-0.577350269189626,0.577350269189625));
#12279=DIRECTION('',(-0.577350269189626,-0.577350269189626,-0.577350269189626));
#12280=DIRECTION('',(-0.577350269189626,-0.577350269189626,0.577350269189626));
#12281=DIRECTION('',(-0.577350269189626,-0.577350269189626,-0.577350269189626));
#12282=DIRECTION('',(-0.707106781186547,-3.44091042183099E-14,-0.707106781186548));
#12283=DIRECTION('',(4.8661821854643E-14,-1.,0.));
#12284=DIRECTION('',(-0.577350269189607,-0.577350269189636,0.577350269189635));
#12285=DIRECTION('',(-0.357406744336616,0.862856209461016,0.357406744336573));
#12286=DIRECTION('',(-0.356607699916918,-0.86351716643035,0.35660769991696));
#12287=DIRECTION('',(0.578165225712914,-0.575716895316355,-0.578165225712886));
#12288=DIRECTION('',(0.707106781186548,0.,-0.707106781186548));
#12289=DIRECTION('',(0.,1.,0.));
#12290=DIRECTION('',(-0.578165225712896,0.575716895316364,-0.578165225712896));
#12291=DIRECTION('',(-0.577350269189626,0.577350269189626,-0.577350269189626));
#12292=DIRECTION('',(-0.923879532511278,-0.38268343236511,0.));
#12293=DIRECTION('',(0.,0.,-1.));
#12294=DIRECTION('',(-0.357406744336616,0.862856209461016,-0.357406744336573));
#12295=DIRECTION('',(0.924285004619413,-0.381703065530906,0.));
#12296=DIRECTION('',(0.,0.,-1.));
#12297=DIRECTION('',(0.280535450561677,0.679310002023845,-0.67811339916604));
#12298=DIRECTION('',(0.356607699916918,0.86351716643035,0.35660769991696));
#12299=DIRECTION('',(0.00300069339882214,-0.707100414254671,-0.707106781186547));
#12300=DIRECTION('',(0.999990995798589,0.00424362130113768,0.));
#12301=DIRECTION('',(-0.578165225712915,0.575716895316354,-0.578165225712886));
#12302=DIRECTION('',(0.,-0.707106781186548,-0.707106781186548));
#12303=DIRECTION('',(1.,0.,0.));
#12304=DIRECTION('',(0.577350269189626,0.577350269189626,-0.577350269189626));
#12305=DIRECTION('',(0.707106781186547,3.44091042183099E-14,-0.707106781186548));
#12306=DIRECTION('',(-4.8661821854643E-14,1.,0.));
#12307=DIRECTION('',(-0.577350269189607,-0.577350269189635,-0.577350269189635));
#12308=DIRECTION('',(-0.707106781186548,0.,-0.707106781186548));
#12309=DIRECTION('',(0.,-1.,0.));
#12310=DIRECTION('',(0.577350269189626,-0.577350269189626,-0.577350269189626));
#12311=DIRECTION('',(0.,0.707106781186547,-0.707106781186548));
#12312=DIRECTION('',(-1.,0.,0.));
#12313=DIRECTION('',(-1.,0.,0.));
#12314=DIRECTION('',(-0.00300069339882214,0.70710041425467,-0.707106781186548));
#12315=DIRECTION('',(-0.999990995798589,-0.00424362130113768,0.));
#12316=DIRECTION('',(0.578165225712895,-0.575716895316365,-0.578165225712895));
#12317=DIRECTION('',(-0.707106781186548,0.,-0.707106781186548));
#12318=DIRECTION('',(0.,-1.,0.));
#12319=DIRECTION('',(-0.577350269189625,0.577350269189627,0.577350269189625));
#12320=DIRECTION('',(0.,0.707106781186547,-0.707106781186548));
#12321=DIRECTION('',(-1.,0.,0.));
#12322=DIRECTION('',(0.577350269189625,0.577350269189627,0.577350269189625));
#12323=DIRECTION('',(0.707106781186548,0.,-0.707106781186548));
#12324=DIRECTION('',(0.,1.,0.));
#12325=DIRECTION('',(0.577350269189625,-0.577350269189626,0.577350269189625));
#12326=DIRECTION('',(0.,-0.707106781186547,-0.707106781186548));
#12327=DIRECTION('',(1.,0.,0.));
#12328=DIRECTION('',(1.,0.,0.));
#12329=DIRECTION('',(0.,0.,1.));
#12330=DIRECTION('',(1.,0.,0.));
#12331=DIRECTION('',(0.,-1.,0.));
#12332=DIRECTION('',(0.,0.,-1.));
#12333=DIRECTION('',(0.,0.,1.));
#12334=DIRECTION('',(0.,0.,1.));
#12335=DIRECTION('',(-1.,0.,0.));
#12336=DIRECTION('',(0.,0.,1.));
#12337=DIRECTION('',(0.,0.,1.));
#12338=DIRECTION('',(0.,-1.,0.));
#12339=DIRECTION('',(0.,0.,-1.));
#12340=DIRECTION('',(0.,0.,1.));
#12341=DIRECTION('',(-1.,0.,0.));
#12342=DIRECTION('',(0.,0.,1.));
#12343=DIRECTION('',(0.,-1.,0.));
#12344=DIRECTION('',(1.,0.,0.));
#12345=DIRECTION('',(1.,0.,0.));
#12346=DIRECTION('',(0.,-1.,0.));
#12347=DIRECTION('',(1.,0.,0.));
#12348=DIRECTION('',(0.,0.,-1.));
#12349=DIRECTION('',(1.,0.,0.));
#12350=DIRECTION('',(0.,0.,-1.));
#12351=DIRECTION('',(-1.,0.,0.));
#12352=DIRECTION('',(0.,0.,1.));
#12353=DIRECTION('',(0.,0.,-1.));
#12354=DIRECTION('',(0.,-1.,0.));
#12355=DIRECTION('',(-1.,0.,0.));
#12356=DIRECTION('',(0.,0.,1.));
#12357=DIRECTION('',(0.,0.,-1.));
#12358=DIRECTION('',(0.,-1.,0.));
#12359=DIRECTION('',(0.,0.,-1.));
#12360=DIRECTION('',(-1.,0.,0.));
#12361=DIRECTION('',(0.,0.,-1.));
#12362=DIRECTION('',(-1.,0.,0.));
#12363=DIRECTION('',(1.,0.,0.));
#12364=DIRECTION('',(0.,1.,0.));
#12365=DIRECTION('',(0.,0.,1.));
#12366=DIRECTION('',(0.,0.,-1.));
#12367=DIRECTION('',(1.,0.,0.));
#12368=DIRECTION('',(0.,0.,-1.));
#12369=DIRECTION('',(1.,0.,0.));
#12370=DIRECTION('',(0.,0.,-1.));
#12371=DIRECTION('',(0.,-1.,0.));
#12372=DIRECTION('',(0.,1.,0.));
#12373=DIRECTION('',(0.,0.,1.));
#12374=DIRECTION('',(1.,0.,0.));
#12375=DIRECTION('',(1.,0.,0.));
#12376=DIRECTION('',(0.,0.,-1.));
#12377=DIRECTION('',(0.,-1.,0.));
#12378=DIRECTION('',(0.,0.,1.));
#12379=DIRECTION('',(1.,0.,0.));
#12380=DIRECTION('',(0.,0.,1.));
#12381=DIRECTION('',(1.,0.,0.));
#12382=DIRECTION('',(-0.999990995798589,-0.00424362130113768,0.));
#12383=DIRECTION('',(0.00424362130113768,-0.999990995798588,0.));
#12384=DIRECTION('',(-0.999990995798589,-0.00424362130113768,0.));
#12385=DIRECTION('',(0.00424362130113768,-0.999990995798588,0.));
#12386=DIRECTION('',(-0.999990995798588,-0.00424362130113768,0.));
#12387=DIRECTION('',(0.00424362130113768,-0.999990995798589,0.));
#12388=DIRECTION('',(0.,0.,-1.));
#12389=DIRECTION('',(0.00424362130113768,-0.999990995798588,0.));
#12390=DIRECTION('',(0.,0.,-1.));
#12391=DIRECTION('',(0.,0.,-1.));
#12392=DIRECTION('',(-1.,0.,0.));
#12393=DIRECTION('',(0.999990995798589,0.00424362130113768,0.));
#12394=DIRECTION('',(0.00424362130113768,-0.999990995798588,0.));
#12395=DIRECTION('',(0.999990995798589,0.00424362130113768,0.));
#12396=DIRECTION('',(0.00424362130113768,-0.999990995798588,0.));
#12397=DIRECTION('',(-0.0151332150354632,-6.42202119309682E-5,0.999885484282303));
#12398=DIRECTION('',(0.00424362130113768,-0.999990995798588,0.));
#12399=DIRECTION('',(0.999990995798589,0.00424362130113768,0.));
#12400=DIRECTION('',(0.00424362130113768,-0.999990995798588,0.));
#12401=DIRECTION('',(0.00424362130113768,-0.999990995798588,0.));
#12402=DIRECTION('',(0.999990995798589,0.00424362130113768,0.));
#12403=DIRECTION('',(0.00424362130113768,-0.999990995798588,0.));
#12404=DIRECTION('',(-0.0972903964965987,-0.000412867316509846,0.995255951145289));
#12405=DIRECTION('',(0.00424362130113768,-0.999990995798588,0.));
#12406=DIRECTION('',(0.999990995798589,0.00424362130113768,0.));
#12407=DIRECTION('',(0.00424362130113768,-0.999990995798588,0.));
#12408=DIRECTION('',(0.00424362130113768,-0.999990995798588,0.));
#12409=DIRECTION('',(0.999990995798589,0.00424362130113768,0.));
#12410=DIRECTION('',(0.00424362130113768,-0.999990995798588,0.));
#12411=DIRECTION('',(-0.330013079677416,-0.0014004631446245,0.943975320622742));
#12412=DIRECTION('',(0.00424362130113768,-0.999990995798588,0.));
#12413=DIRECTION('',(0.999990995798589,0.00424362130113768,0.));
#12414=DIRECTION('',(0.00424362130113768,-0.999990995798588,0.));
#12415=DIRECTION('',(0.00424362130113768,-0.999990995798588,0.));
#12416=DIRECTION('',(0.999990995798589,0.00424362130113768,0.));
#12417=DIRECTION('',(0.00424362130113768,-0.999990995798588,0.));
#12418=DIRECTION('',(-0.748225476798872,-0.0031752141616661,0.663436925324576));
#12419=DIRECTION('',(0.00424362130113768,-0.999990995798588,0.));
#12420=DIRECTION('',(0.999990995798589,0.00424362130113768,0.));
#12421=DIRECTION('',(0.00424362130113768,-0.999990995798588,0.));
#12422=DIRECTION('',(0.00424362130113768,-0.999990995798588,0.));
#12423=DIRECTION('',(0.999990995798589,0.00424362130113768,0.));
#12424=DIRECTION('',(0.00424362130113768,-0.999990995798588,0.));
#12425=DIRECTION('',(-0.975811181203351,-0.00414101040093628,0.218575823620499));
#12426=DIRECTION('',(0.00424362130113768,-0.999990995798588,0.));
#12427=DIRECTION('',(0.999990995798589,0.00424362130113768,0.));
#12428=DIRECTION('',(0.00424362130113768,-0.999990995798588,0.));
#12429=DIRECTION('',(0.00424362130113768,-0.999990995798588,0.));
#12430=DIRECTION('',(0.999990995798589,0.00424362130113768,0.));
#12431=DIRECTION('',(0.00424362130113768,-0.999990995798588,0.));
#12432=DIRECTION('',(-0.999697219892576,-0.00424237461621991,0.0242377968609074));
#12433=DIRECTION('',(0.00424362130113768,-0.999990995798588,0.));
#12434=DIRECTION('',(0.999990995798589,0.00424362130113768,0.));
#12435=DIRECTION('',(0.00424362130113768,-0.999990995798588,0.));
#12436=DIRECTION('',(0.00424362130113768,-0.999990995798588,0.));
#12437=DIRECTION('',(0.999990995798589,0.00424362130113768,0.));
#12438=DIRECTION('',(0.00424362130113768,-0.999990995798588,0.));
#12439=DIRECTION('',(-0.999736400968397,-0.00424254088736478,-0.0225638965069483));
#12440=DIRECTION('',(0.00424362130113768,-0.999990995798588,0.));
#12441=DIRECTION('',(0.999990995798589,0.00424362130113768,0.));
#12442=DIRECTION('',(0.00424362130113768,-0.999990995798588,0.));
#12443=DIRECTION('',(0.00424362130113768,-0.999990995798588,0.));
#12444=DIRECTION('',(0.999990995798589,0.00424362130113768,0.));
#12445=DIRECTION('',(0.00424362130113768,-0.999990995798588,0.));
#12446=DIRECTION('',(-0.979853650027989,-0.00415816526221501,-0.199673569078333));
#12447=DIRECTION('',(0.00424362130113768,-0.999990995798588,0.));
#12448=DIRECTION('',(0.999990995798589,0.00424362130113768,0.));
#12449=DIRECTION('',(0.00424362130113768,-0.999990995798588,0.));
#12450=DIRECTION('',(0.00424362130113768,-0.999990995798588,0.));
#12451=DIRECTION('',(0.999990995798589,0.00424362130113768,0.));
#12452=DIRECTION('',(0.00424362130113768,-0.999990995798588,0.));
#12453=DIRECTION('',(-0.787024288844538,-0.00333986310945241,-0.616912971239185));
#12454=DIRECTION('',(0.00424362130113768,-0.999990995798588,0.));
#12455=DIRECTION('',(0.999990995798589,0.00424362130113768,0.));
#12456=DIRECTION('',(0.00424362130113768,-0.999990995798588,0.));
#12457=DIRECTION('',(0.00424362130113768,-0.999990995798588,0.));
#12458=DIRECTION('',(0.999990995798589,0.00424362130113768,0.));
#12459=DIRECTION('',(0.00424362130113768,-0.999990995798588,0.));
#12460=DIRECTION('',(-0.374155022369161,-0.00158778651960253,-0.927364813959372));
#12461=DIRECTION('',(0.00424362130113768,-0.999990995798588,0.));
#12462=DIRECTION('',(0.999990995798589,0.00424362130113768,0.));
#12463=DIRECTION('',(0.00424362130113768,-0.999990995798588,0.));
#12464=DIRECTION('',(0.00424362130113768,-0.999990995798588,0.));
#12465=DIRECTION('',(0.999990995798589,0.00424362130113768,0.));
#12466=DIRECTION('',(0.00424362130113768,-0.999990995798588,0.));
#12467=DIRECTION('',(-0.11828061791784,-0.000501942669300873,-0.992980082115714));
#12468=DIRECTION('',(0.00424362130113768,-0.999990995798588,0.));
#12469=DIRECTION('',(0.999990995798589,0.00424362130113768,0.));
#12470=DIRECTION('',(0.00424362130113768,-0.999990995798588,0.));
#12471=DIRECTION('',(0.00424362130113768,-0.999990995798588,0.));
#12472=DIRECTION('',(0.999990995798589,0.00424362130113768,0.));
#12473=DIRECTION('',(0.,0.,1.));
#12474=DIRECTION('',(1.,0.,0.));
#12475=DIRECTION('',(0.00424362130113768,-0.999990995798588,0.));
#12476=DIRECTION('',(-0.999990995798589,-0.00424362130113768,0.));
#12477=DIRECTION('',(0.00424362130113768,-0.999990995798588,0.));
#12478=DIRECTION('',(0.999990995798588,0.00424362130113768,0.));
#12479=DIRECTION('',(-0.00424362130113768,0.999990995798589,0.));
#12480=DIRECTION('',(0.00424362130113768,-0.999990995798588,0.));
#12481=DIRECTION('',(0.,0.,1.));
#12482=DIRECTION('',(0.,0.,-1.));
#12483=DIRECTION('',(-1.,0.,0.));
#12484=DIRECTION('',(0.00424362130113768,-0.999990995798588,0.));
#12485=DIRECTION('',(0.999990995798589,0.00424362130113768,0.));
#12486=DIRECTION('',(-0.999990995798588,-0.00424362130113768,0.));
#12487=DIRECTION('',(0.00424362130113768,-0.999990995798589,0.));
#12488=DIRECTION('',(0.00424362130113768,-0.999990995798588,0.));
#12489=DIRECTION('',(0.,0.,-1.));
#12490=DIRECTION('',(0.,0.,-1.));
#12491=DIRECTION('',(-1.,0.,0.));
#12492=DIRECTION('',(0.00424362130113768,-0.999990995798588,0.));
#12493=DIRECTION('',(0.999990995798589,0.00424362130113768,0.));
#12494=DIRECTION('',(0.00424362130113768,-0.999990995798588,0.));
#12495=DIRECTION('',(-0.0508332359137937,-0.000215718945106305,-0.998707132042156));
#12496=DIRECTION('',(0.00424362130113768,-0.999990995798588,0.));
#12497=DIRECTION('',(0.00424362130113768,-0.999990995798588,0.));
#12498=DIRECTION('',(0.999990995798589,0.00424362130113768,0.));
#12499=DIRECTION('',(0.00424362130113768,-0.999990995798588,0.));
#12500=DIRECTION('',(-0.20781735508873,-0.000881906095661004,-0.978167250098654));
#12501=DIRECTION('',(0.00424362130113768,-0.999990995798588,0.));
#12502=DIRECTION('',(0.00424362130113768,-0.999990995798588,0.));
#12503=DIRECTION('',(0.999990995798589,0.00424362130113768,0.));
#12504=DIRECTION('',(0.00424362130113768,-0.999990995798588,0.));
#12505=DIRECTION('',(0.00424362130113768,-0.999990995798588,0.));
#12506=DIRECTION('',(-0.835908865411143,-0.00354731260778541,-0.548856798537031));
#12507=DIRECTION('',(0.00424362130113768,-0.999990995798588,0.));
#12508=DIRECTION('',(0.00424362130113768,-0.999990995798588,0.));
#12509=DIRECTION('',(0.999990995798589,0.00424362130113768,0.));
#12510=DIRECTION('',(0.00424362130113768,-0.999990995798588,0.));
#12511=DIRECTION('',(-0.981220312594365,-0.00416396491281317,-0.192845429161342));
#12512=DIRECTION('',(0.00424362130113768,-0.999990995798588,0.));
#12513=DIRECTION('',(0.00424362130113768,-0.999990995798588,0.));
#12514=DIRECTION('',(0.999990995798589,0.00424362130113768,0.));
#12515=DIRECTION('',(0.00424362130113768,-0.999990995798588,0.));
#12516=DIRECTION('',(-0.999674204430889,-0.00424227694643691,-0.0251691891362839));
#12517=DIRECTION('',(0.00424362130113768,-0.999990995798588,0.));
#12518=DIRECTION('',(0.00424362130113768,-0.999990995798588,0.));
#12519=DIRECTION('',(0.999990995798589,0.00424362130113768,0.));
#12520=DIRECTION('',(0.00424362130113768,-0.999990995798588,0.));
#12521=DIRECTION('',(-0.999804440364941,-0.00424282962339706,0.0193152639985753));
#12522=DIRECTION('',(0.00424362130113768,-0.999990995798588,0.));
#12523=DIRECTION('',(0.00424362130113768,-0.999990995798588,0.));
#12524=DIRECTION('',(0.999990995798589,0.00424362130113768,0.));
#12525=DIRECTION('',(0.00424362130113768,-0.999990995798588,0.));
#12526=DIRECTION('',(-0.985907291750781,-0.0041838548564921,0.167240268569446));
#12527=DIRECTION('',(0.00424362130113768,-0.999990995798588,0.));
#12528=DIRECTION('',(0.00424362130113768,-0.999990995798588,0.));
#12529=DIRECTION('',(0.999990995798589,0.00424362130113768,0.));
#12530=DIRECTION('',(0.00424362130113768,-0.999990995798588,0.));
#12531=DIRECTION('',(-0.864710335485583,-0.00366953624022466,0.502257474019245));
#12532=DIRECTION('',(0.00424362130113768,-0.999990995798588,0.));
#12533=DIRECTION('',(0.00424362130113768,-0.999990995798588,0.));
#12534=DIRECTION('',(0.999990995798589,0.00424362130113768,0.));
#12535=DIRECTION('',(0.00424362130113768,-0.999990995798588,0.));
#12536=DIRECTION('',(-0.543348501412902,-0.00230578603629875,0.839504073464274));
#12537=DIRECTION('',(0.00424362130113768,-0.999990995798588,0.));
#12538=DIRECTION('',(0.00424362130113768,-0.999990995798588,0.));
#12539=DIRECTION('',(0.999990995798589,0.00424362130113768,0.));
#12540=DIRECTION('',(0.00424362130113768,-0.999990995798588,0.));
#12541=DIRECTION('',(-0.23146610303948,-0.000982263329846605,0.972842473529228));
#12542=DIRECTION('',(0.00424362130113768,-0.999990995798588,0.));
#12543=DIRECTION('',(0.00424362130113768,-0.999990995798588,0.));
#12544=DIRECTION('',(0.999990995798589,0.00424362130113768,0.));
#12545=DIRECTION('',(0.00424362130113768,-0.999990995798588,0.));
#12546=DIRECTION('',(-0.055196863516121,-0.000234236694887468,0.998475463589944));
#12547=DIRECTION('',(0.00424362130113768,-0.999990995798588,0.));
#12548=DIRECTION('',(0.999990995798589,0.00424362130113768,0.));
#12549=DIRECTION('',(0.00424362130113768,-0.999990995798588,0.));
#12550=DIRECTION('',(-0.0222963036915244,-9.46179212408093E-5,-0.9997514020441));
#12551=DIRECTION('',(0.00424362130113768,-0.999990995798588,0.));
#12552=DIRECTION('',(0.999990995798589,0.00424362130113768,0.));
#12553=DIRECTION('',(0.00424362130113768,-0.999990995798588,0.));
#12554=DIRECTION('',(0.999990995798589,0.00424362130113768,0.));
#12555=DIRECTION('',(-0.00424362130113768,0.999990995798589,0.));
#12556=DIRECTION('',(-0.999990995798589,-0.00424362130113768,0.));
#12557=DIRECTION('',(-0.00424362130113768,0.999990995798588,0.));
#12558=DIRECTION('',(-0.999990995798589,-0.00424362130113768,0.));
#12559=DIRECTION('',(0.00424362130113768,-0.999990995798588,0.));
#12560=DIRECTION('',(0.00424362130113768,-0.999990995798588,0.));
#12561=DIRECTION('',(0.00424362130113768,-0.999990995798588,0.));
#12562=DIRECTION('',(0.949256452349101,0.00402832117324608,0.314477281058781));
#12563=DIRECTION('',(0.00424362130113768,-0.999990995798588,0.));
#12564=DIRECTION('',(0.999990995798589,0.00424362130113768,0.));
#12565=DIRECTION('',(0.00424362130113768,-0.999990995798588,0.));
#12566=DIRECTION('',(0.00424362130113768,-0.999990995798588,0.));
#12567=DIRECTION('',(0.999990995798589,0.00424362130113768,0.));
#12568=DIRECTION('',(0.00424362130113768,-0.999990995798588,0.));
#12569=DIRECTION('',(0.79781735291062,0.00338566519844109,0.602889715176711));
#12570=DIRECTION('',(0.00424362130113768,-0.999990995798588,0.));
#12571=DIRECTION('',(0.999990995798589,0.00424362130113768,0.));
#12572=DIRECTION('',(0.00424362130113768,-0.999990995798588,0.));
#12573=DIRECTION('',(0.00424362130113768,-0.999990995798588,0.));
#12574=DIRECTION('',(0.999990995798589,0.00424362130113768,0.));
#12575=DIRECTION('',(0.00424362130113768,-0.999990995798588,0.));
#12576=DIRECTION('',(0.00424362130113768,-0.999990995798588,0.));
#12577=DIRECTION('',(-0.393184429093922,-0.00166854084245957,0.91945811252582));
#12578=DIRECTION('',(0.00424362130113768,-0.999990995798588,0.));
#12579=DIRECTION('',(0.999990995798589,0.00424362130113768,0.));
#12580=DIRECTION('',(0.00424362130113768,-0.999990995798588,0.));
#12581=DIRECTION('',(0.00424362130113768,-0.999990995798588,0.));
#12582=DIRECTION('',(0.999990995798589,0.00424362130113768,0.));
#12583=DIRECTION('',(0.00424362130113768,-0.999990995798588,0.));
#12584=DIRECTION('',(-0.945405308041575,-0.00401197822807418,0.325872225814831));
#12585=DIRECTION('',(0.00424362130113768,-0.999990995798588,0.));
#12586=DIRECTION('',(0.999990995798589,0.00424362130113768,0.));
#12587=DIRECTION('',(0.00424362130113768,-0.999990995798588,0.));
#12588=DIRECTION('',(0.00424362130113768,-0.999990995798588,0.));
#12589=DIRECTION('',(0.999990995798589,0.00424362130113768,0.));
#12590=DIRECTION('',(0.00424362130113768,-0.999990995798588,0.));
#12591=DIRECTION('',(0.00424362130113768,-0.999990995798588,0.));
#12592=DIRECTION('',(0.00424362130113768,-0.999990995798588,0.));
#12593=DIRECTION('',(-0.89448316907689,-0.00379588200869097,0.447085508060751));
#12594=DIRECTION('',(0.00424362130113768,-0.999990995798588,0.));
#12595=DIRECTION('',(0.00424362130113768,-0.999990995798588,0.));
#12596=DIRECTION('',(0.999990995798589,0.00424362130113768,0.));
#12597=DIRECTION('',(0.00424362130113768,-0.999990995798588,0.));
#12598=DIRECTION('',(0.00424362130113768,-0.999990995798588,0.));
#12599=DIRECTION('',(0.00424362130113768,-0.999990995798588,0.));
#12600=DIRECTION('',(0.766230766504121,0.00325162248058755,0.642557265474254));
#12601=DIRECTION('',(0.00424362130113768,-0.999990995798588,0.));
#12602=DIRECTION('',(0.00424362130113768,-0.999990995798588,0.));
#12603=DIRECTION('',(0.999990995798589,0.00424362130113768,0.));
#12604=DIRECTION('',(0.00424362130113768,-0.999990995798588,0.));
#12605=DIRECTION('',(0.974950531778224,0.00413735809781512,0.222383324134991));
#12606=DIRECTION('',(0.00424362130113768,-0.999990995798588,0.));
#12607=DIRECTION('',(0.00424362130113768,-0.999990995798588,0.));
#12608=DIRECTION('',(0.999990995798589,0.00424362130113768,0.));
#12609=DIRECTION('',(0.00424362130113768,-0.999990995798588,0.));
#12610=DIRECTION('',(0.00424362130113768,-0.999990995798588,0.));
#12611=DIRECTION('',(0.00424362130113768,-0.999990995798588,0.));
#12612=DIRECTION('',(-0.205451362526992,-0.000871865628820215,-0.978666938997189));
#12613=DIRECTION('',(0.00424362130113768,-0.999990995798588,0.));
#12614=DIRECTION('',(0.00424362130113768,-0.999990995798588,0.));
#12615=DIRECTION('',(0.999990995798589,0.00424362130113768,0.));
#12616=DIRECTION('',(0.00424362130113768,-0.999990995798588,0.));
#12617=DIRECTION('',(-0.523493578514786,-0.00222152850388385,-0.852026723797376));
#12618=DIRECTION('',(0.00424362130113768,-0.999990995798588,0.));
#12619=DIRECTION('',(0.00424362130113768,-0.999990995798588,0.));
#12620=DIRECTION('',(0.999990995798589,0.00424362130113768,0.));
#12621=DIRECTION('',(-0.821280972208249,-0.00348523680965619,0.570513293283385));
#12622=DIRECTION('',(0.570516758291958,0.,0.8212859602526));
#12623=DIRECTION('',(0.00424362130113768,-0.999990995798588,0.));
#12624=DIRECTION('',(-0.570508156266784,-0.00242104236395958,-0.821288367254125));
#12625=DIRECTION('',(0.00424362130113768,-0.999990995798588,0.));
#12626=DIRECTION('',(-0.440257405371356,-0.00186830252598946,-0.897869660062836));
#12627=DIRECTION('',(0.00424362130113768,-0.999990995798588,0.));
#12628=DIRECTION('',(0.00424362130113768,-0.999990995798588,0.));
#12629=DIRECTION('',(0.999990995798589,0.00424362130113768,0.));
#12630=DIRECTION('',(0.00424362130113768,-0.999990995798588,0.));
#12631=DIRECTION('',(-0.183231550820522,-0.000777572313520202,-0.983069475757031));
#12632=DIRECTION('',(0.00424362130113768,-0.999990995798588,0.));
#12633=DIRECTION('',(0.00424362130113768,-0.999990995798588,0.));
#12634=DIRECTION('',(0.999990995798589,0.00424362130113768,0.));
#12635=DIRECTION('',(0.00424362130113768,-0.999990995798588,0.));
#12636=DIRECTION('',(0.00424362130113768,-0.999990995798588,0.));
#12637=DIRECTION('',(-0.998369462914567,-0.00423674006769054,-0.0569250872048381));
#12638=DIRECTION('',(-0.0569255981134176,0.,0.998378423384355));
#12639=DIRECTION('',(0.00424362130113768,-0.999990995798588,0.));
#12640=DIRECTION('',(0.0569245746398876,0.000241568512631571,-0.998378452515238));
#12641=DIRECTION('',(-0.00424362130113768,0.999990995798589,0.));
#12642=DIRECTION('',(-0.999990995798589,-0.00424362130113768,0.));
#12643=DIRECTION('',(-0.00424362130113768,0.999990995798588,0.));
#12644=DIRECTION('',(-0.999990995798589,-0.00424362130113768,0.));
#12645=DIRECTION('',(0.00424362130113768,-0.999990995798588,0.));
#12646=DIRECTION('',(0.945603861604907,0.00401282082179121,-0.325295610463682));
#12647=DIRECTION('',(0.00424362130113768,-0.999990995798588,0.));
#12648=DIRECTION('',(0.00424362130113768,-0.999990995798588,0.));
#12649=DIRECTION('',(0.999990995798589,0.00424362130113768,0.));
#12650=DIRECTION('',(0.00424362130113768,-0.999990995798588,0.));
#12651=DIRECTION('',(0.00424362130113768,-0.999990995798588,0.));
#12652=DIRECTION('',(-0.984910885799941,-0.00417962644890138,-0.173011785019181));
#12653=DIRECTION('',(-0.173013296234401,0.,0.984919488753323));
#12654=DIRECTION('',(0.00424362130113768,-0.999990995798588,0.));
#12655=DIRECTION('',(0.173010227186222,0.000734196496255249,-0.984919754215782));
#12656=DIRECTION('',(0.,0.,1.));
#12657=DIRECTION('',(1.,0.,0.));
#12658=DIRECTION('',(0.00424362130113768,-0.999990995798588,0.));
#12659=DIRECTION('',(-0.999990995798589,-0.00424362130113768,0.));
#12660=DIRECTION('',(0.984633767612503,0.00417845045366934,0.174582027222203));
#12661=DIRECTION('',(0.17458355129509,0.,-0.984642363306188));
#12662=DIRECTION('',(0.00424362130113768,-0.999990995798588,0.));
#12663=DIRECTION('',(-0.174580455250468,-0.000740860009515942,0.984642633533093));
#12664=DIRECTION('',(0.211258160034837,0.000896507700298891,-0.977429888070054));
#12665=DIRECTION('',(-0.977430280863226,0.,-0.211258244931733));
#12666=DIRECTION('',(0.00424362130113768,-0.999990995798588,0.));
#12667=DIRECTION('',(0.977421087094476,0.0041478422933827,0.211260062262988));
#12668=DIRECTION('',(0.00424362130113768,-0.999990995798588,0.));
#12669=DIRECTION('',(0.985900388150527,0.0041838255599635,0.167280962002031));
#12670=DIRECTION('',(0.00424362130113768,-0.999990995798588,0.));
#12671=DIRECTION('',(0.00424362130113768,-0.999990995798588,0.));
#12672=DIRECTION('',(0.999990995798589,0.00424362130113768,0.));
#12673=DIRECTION('',(0.00424362130113768,-0.999990995798588,0.));
#12674=DIRECTION('',(0.995644244517701,0.00422517516871861,0.0931379957566693));
#12675=DIRECTION('',(0.00424362130113768,-0.999990995798588,0.));
#12676=DIRECTION('',(0.00424362130113768,-0.999990995798588,0.));
#12677=DIRECTION('',(0.999990995798589,0.00424362130113768,0.));
#12678=DIRECTION('',(0.00424362130113768,-0.999990995798588,0.));
#12679=DIRECTION('',(0.00424362130113768,-0.999990995798588,0.));
#12680=DIRECTION('',(0.00424362130113768,-0.999990995798588,0.));
#12681=DIRECTION('',(-0.286836784194409,-0.00121723764761028,-0.957978693690793));
#12682=DIRECTION('',(0.00424362130113768,-0.999990995798588,0.));
#12683=DIRECTION('',(0.00424362130113768,-0.999990995798588,0.));
#12684=DIRECTION('',(0.999990995798589,0.00424362130113768,0.));
#12685=DIRECTION('',(0.00424362130113768,-0.999990995798588,0.));
#12686=DIRECTION('',(0.990427320740339,0.00420303632050799,0.137971217349133));
#12687=DIRECTION('',(0.137972436031537,0.,-0.990436069060252));
#12688=DIRECTION('',(0.00424362130113768,-0.999990995798588,0.));
#12689=DIRECTION('',(-0.137969975028503,-0.000585497596886677,0.990436238827719));
#12690=DIRECTION('',(0.,0.,-1.));
#12691=DIRECTION('',(-1.,0.,0.));
#12692=DIRECTION('',(0.00424362130113768,-0.999990995798588,0.));
#12693=DIRECTION('',(0.999990995798589,0.00424362130113768,0.));
#12694=DIRECTION('',(-0.984633767612503,-0.00417845045366934,-0.174582027222203));
#12695=DIRECTION('',(-0.17458355129509,0.,0.984642363306188));
#12696=DIRECTION('',(0.00424362130113768,-0.999990995798588,0.));
#12697=DIRECTION('',(0.174580455250468,0.000740860009515942,-0.984642633533093));
#12698=DIRECTION('',(-0.207348164743438,-0.000879915011589046,0.978266816531717));
#12699=DIRECTION('',(0.978267195243688,0.,0.207348245013187));
#12700=DIRECTION('',(0.00424362130113768,-0.999990995798588,0.));
#12701=DIRECTION('',(-0.978258008020267,-0.00415139390083014,-0.207350031764887));
#12702=DIRECTION('',(-0.984887526400866,-0.00417952731956531,-0.173144713726315));
#12703=DIRECTION('',(-0.173146226030895,0.,0.984896128742142));
#12704=DIRECTION('',(0.00424362130113768,-0.999990995798588,0.));
#12705=DIRECTION('',(0.173143154696439,0.000734760595348376,-0.984896394606373));
#12706=DIRECTION('',(0.,0.,1.));
#12707=DIRECTION('',(1.,0.,0.));
#12708=DIRECTION('',(0.00424362130113768,-0.999990995798588,0.));
#12709=DIRECTION('',(-0.999990995798589,-0.00424362130113768,0.));
#12710=DIRECTION('',(0.984904942411868,0.00417960122718605,0.173045616373996));
#12711=DIRECTION('',(0.173047127866482,0.,-0.984913545209508));
#12712=DIRECTION('',(0.00424362130113768,-0.999990995798588,0.));
#12713=DIRECTION('',(-0.173044058236413,-0.000734340063713189,0.984913810774193));
#12714=DIRECTION('',(0.00424362130113768,-0.999990995798588,0.));
#12715=DIRECTION('',(-0.731825354049629,-0.00310561762476448,-0.681485147533901));
#12716=DIRECTION('',(0.00424362130113768,-0.999990995798588,0.));
#12717=DIRECTION('',(0.00424362130113768,-0.999990995798588,0.));
#12718=DIRECTION('',(0.999990995798589,0.00424362130113768,0.));
#12719=DIRECTION('',(0.00424362130113768,-0.999990995798588,0.));
#12720=DIRECTION('',(-0.00424362130113768,0.999990995798589,0.));
#12721=DIRECTION('',(-0.999990995798589,-0.00424362130113768,0.));
#12722=DIRECTION('',(0.00424362130113768,-0.999990995798588,0.));
#12723=DIRECTION('',(0.00424362130113768,-0.999990995798588,0.));
#12724=DIRECTION('',(0.00424362130113768,-0.999990995798588,0.));
#12725=DIRECTION('',(-0.947285069512667,-0.00401995529572185,0.320366722737867));
#12726=DIRECTION('',(0.00424362130113768,-0.999990995798588,0.));
#12727=DIRECTION('',(0.00424362130113768,-0.999990995798588,0.));
#12728=DIRECTION('',(0.999990995798589,0.00424362130113768,0.));
#12729=DIRECTION('',(0.00424362130113768,-0.999990995798588,0.));
#12730=DIRECTION('',(0.00424362130113768,-0.999990995798588,0.));
#12731=DIRECTION('',(0.00424362130113768,-0.999990995798588,0.));
#12732=DIRECTION('',(0.916960931168712,0.00389126997759411,-0.398958028780183));
#12733=DIRECTION('',(0.00424362130113768,-0.999990995798588,0.));
#12734=DIRECTION('',(0.00424362130113768,-0.999990995798588,0.));
#12735=DIRECTION('',(0.999990995798589,0.00424362130113768,0.));
#12736=DIRECTION('',(0.00424362130113768,-0.999990995798588,0.));
#12737=DIRECTION('',(0.00424362130113768,-0.999990995798588,0.));
#12738=DIRECTION('',(0.00424362130113768,-0.999990995798588,0.));
#12739=DIRECTION('',(0.991995661427733,0.00420969182438396,-0.126201767829527));
#12740=DIRECTION('',(-0.126202886087036,0.,-0.992004451372726));
#12741=DIRECTION('',(0.00424362130113768,-0.999990995798588,0.));
#12742=DIRECTION('',(0.126200631483391,0.000535552510202611,0.992004593636896));
#12743=DIRECTION('',(0.,0.,-1.));
#12744=DIRECTION('',(-1.,0.,0.));
#12745=DIRECTION('',(0.00424362130113768,-0.999990995798588,0.));
#12746=DIRECTION('',(0.999990995798589,0.00424362130113768,0.));
#12747=DIRECTION('',(-0.98457673060816,-0.00417820840804333,-0.17490341368723));
#12748=DIRECTION('',(-0.174904940388876,0.,0.984585324808147));
#12749=DIRECTION('',(0.00424362130113768,-0.999990995798588,0.));
#12750=DIRECTION('',(0.174901838821665,0.000742223851964822,-0.984585596015173));
#12751=DIRECTION('',(0.00424362130113768,-0.999990995798588,0.));
#12752=DIRECTION('',(-0.124150940608507,-0.0005268543200252,0.992263204180498));
#12753=DIRECTION('',(0.00424362130113768,-0.999990995798588,0.));
#12754=DIRECTION('',(0.00424362130113768,-0.999990995798588,0.));
#12755=DIRECTION('',(0.999990995798589,0.00424362130113768,0.));
#12756=DIRECTION('',(0.00424362130113768,-0.999990995798588,0.));
#12757=DIRECTION('',(0.00424362130113768,-0.999990995798588,0.));
#12758=DIRECTION('',(0.00424362130113768,-0.999990995798588,0.));
#12759=DIRECTION('',(0.942461342492782,0.00399948504067122,-0.334291223375836));
#12760=DIRECTION('',(0.00424362130113768,-0.999990995798588,0.));
#12761=DIRECTION('',(0.00424362130113768,-0.999990995798588,0.));
#12762=DIRECTION('',(0.999990995798589,0.00424362130113768,0.));
#12763=DIRECTION('',(0.00424362130113768,-0.999990995798588,0.));
#12764=DIRECTION('',(0.00424362130113768,-0.999990995798588,0.));
#12765=DIRECTION('',(0.00424362130113768,-0.999990995798588,0.));
#12766=DIRECTION('',(-0.917403131021392,-0.00389314652320968,0.397940119367595));
#12767=DIRECTION('',(0.00424362130113768,-0.999990995798588,0.));
#12768=DIRECTION('',(0.00424362130113768,-0.999990995798588,0.));
#12769=DIRECTION('',(0.999990995798589,0.00424362130113768,0.));
#12770=DIRECTION('',(0.00424362130113768,-0.999990995798588,0.));
#12771=DIRECTION('',(0.00424362130113768,-0.999990995798588,0.));
#12772=DIRECTION('',(0.205950066556819,0.000873981958920549,-0.978562111590663));
#12773=DIRECTION('',(0.00424362130113768,-0.999990995798588,0.));
#12774=DIRECTION('',(0.00424362130113768,-0.999990995798588,0.));
#12775=DIRECTION('',(0.999990995798589,0.00424362130113768,0.));
#12776=DIRECTION('',(0.00424362130113768,-0.999990995798588,0.));
#12777=DIRECTION('',(0.570570684255647,0.00242130771145625,-0.82124492786075));
#12778=DIRECTION('',(0.00424362130113768,-0.999990995798588,0.));
#12779=DIRECTION('',(0.00424362130113768,-0.999990995798588,0.));
#12780=DIRECTION('',(0.999990995798589,0.00424362130113768,0.));
#12781=DIRECTION('',(-0.992445874148598,-0.00421160237387923,0.122610967253627));
#12782=DIRECTION('',(0.122612054679906,0.,0.992454676066959));
#12783=DIRECTION('',(0.00424362130113768,-0.999990995798588,0.));
#12784=DIRECTION('',(-0.122609863239782,-0.000520314512390585,-0.992454810411603));
#12785=DIRECTION('',(0.,0.,1.));
#12786=DIRECTION('',(1.,0.,0.));
#12787=DIRECTION('',(0.00424362130113768,-0.999990995798588,0.));
#12788=DIRECTION('',(-0.999990995798589,-0.00424362130113768,0.));
#12789=DIRECTION('',(0.983994388380068,0.00417573714590791,0.178150517416662));
#12790=DIRECTION('',(0.178152070622727,0.,-0.984002967339446));
#12791=DIRECTION('',(0.00424362130113768,-0.999990995798588,0.));
#12792=DIRECTION('',(-0.178148913313521,-0.000756003330518046,0.984003248543508));
#12793=DIRECTION('',(0.00424362130113768,-0.999990995798588,0.));
#12794=DIRECTION('',(0.212400807517228,0.000901356707156846,-0.97718221664238));
#12795=DIRECTION('',(0.00424362130113768,-0.999990995798588,0.));
#12796=DIRECTION('',(0.00424362130113768,-0.999990995798588,0.));
#12797=DIRECTION('',(0.999990995798589,0.00424362130113768,0.));
#12798=DIRECTION('',(-0.00424362130113768,0.999990995798589,0.));
#12799=DIRECTION('',(-0.999990995798589,-0.00424362130113768,0.));
#12800=DIRECTION('',(-0.15720298211726,-0.000667115930361375,0.987566087596053));
#12801=DIRECTION('',(0.987566307351142,0.,0.157203017098368));
#12802=DIRECTION('',(0.00424362130113768,-0.999990995798588,0.));
#12803=DIRECTION('',(-0.987557195352093,-0.00419085648560382,-0.157204397617319));
#12804=DIRECTION('',(0.00424362130113768,-0.999990995798588,0.));
#12805=DIRECTION('',(-0.984887526400866,-0.00417952731956531,-0.173144713726315));
#12806=DIRECTION('',(-0.173146226030895,0.,0.984896128742142));
#12807=DIRECTION('',(0.00424362130113768,-0.999990995798588,0.));
#12808=DIRECTION('',(0.173143154696439,0.000734760595348376,-0.984896394606373));
#12809=DIRECTION('',(0.,0.,1.));
#12810=DIRECTION('',(1.,0.,0.));
#12811=DIRECTION('',(0.00424362130113768,-0.999990995798588,0.));
#12812=DIRECTION('',(-0.999990995798589,-0.00424362130113768,0.));
#12813=DIRECTION('',(0.984633767612517,0.0041784504536694,0.174582027222123));
#12814=DIRECTION('',(0.17458355129501,0.,-0.984642363306202));
#12815=DIRECTION('',(0.00424362130113768,-0.999990995798588,0.));
#12816=DIRECTION('',(-0.174580455250387,-0.000740860009515599,0.984642633533108));
#12817=DIRECTION('',(0.190020195570349,0.000806381010385715,-0.98177985059028));
#12818=DIRECTION('',(-0.981780169791774,0.,-0.190020257350728));
#12819=DIRECTION('',(0.00424362130113768,-0.999990995798588,0.));
#12820=DIRECTION('',(0.981771010446763,0.00416630188699268,0.190021906565869));
#12821=DIRECTION('',(0.984887526400866,0.00417952731956531,0.173144713726315));
#12822=DIRECTION('',(0.173146226030895,0.,-0.984896128742142));
#12823=DIRECTION('',(0.00424362130113768,-0.999990995798588,0.));
#12824=DIRECTION('',(-0.173143154696439,-0.000734760595348376,0.984896394606373));
#12825=DIRECTION('',(0.,0.,-1.));
#12826=DIRECTION('',(-1.,0.,0.));
#12827=DIRECTION('',(0.00424362130113768,-0.999990995798588,0.));
#12828=DIRECTION('',(0.999990995798589,0.00424362130113768,0.));
#12829=DIRECTION('',(-0.984633767612517,-0.0041784504536694,-0.174582027222123));
#12830=DIRECTION('',(-0.17458355129501,0.,0.984642363306202));
#12831=DIRECTION('',(0.174580455250387,0.000740860009515599,-0.984642633533108));
#12832=DIRECTION('',(-0.00424362130113768,0.999990995798589,0.));
#12833=DIRECTION('',(-0.999990995798589,-0.00424362130113768,0.));
#12834=DIRECTION('',(0.00424362130113768,-0.999990995798588,0.));
#12835=DIRECTION('',(-0.922647491866702,-0.00391540180499052,-0.385624526425369));
#12836=DIRECTION('',(0.00424362130113768,-0.999990995798588,0.));
#12837=DIRECTION('',(0.00424362130113768,-0.999990995798588,0.));
#12838=DIRECTION('',(0.999990995798589,0.00424362130113768,0.));
#12839=DIRECTION('',(0.00424362130113768,-0.999990995798588,0.));
#12840=DIRECTION('',(0.00424362130113768,-0.999990995798588,0.));
#12841=DIRECTION('',(-0.923722626765918,-0.00391996431143765,0.383041959425427));
#12842=DIRECTION('',(0.00424362130113768,-0.999990995798588,0.));
#12843=DIRECTION('',(0.00424362130113768,-0.999990995798588,0.));
#12844=DIRECTION('',(0.999990995798589,0.00424362130113768,0.));
#12845=DIRECTION('',(0.00424362130113768,-0.999990995798588,0.));
#12846=DIRECTION('',(-0.383893478608828,-0.00162911321205595,0.923375948935078));
#12847=DIRECTION('',(0.00424362130113768,-0.999990995798588,0.));
#12848=DIRECTION('',(0.00424362130113768,-0.999990995798588,0.));
#12849=DIRECTION('',(0.999990995798589,0.00424362130113768,0.));
#12850=DIRECTION('',(0.00424362130113768,-0.999990995798588,0.));
#12851=DIRECTION('',(0.385621054178497,0.00163644445455385,0.922655799647849));
#12852=DIRECTION('',(0.00424362130113768,-0.999990995798588,0.));
#12853=DIRECTION('',(0.00424362130113768,-0.999990995798588,0.));
#12854=DIRECTION('',(0.999990995798589,0.00424362130113768,0.));
#12855=DIRECTION('',(0.00424362130113768,-0.999990995798588,0.));
#12856=DIRECTION('',(0.923722626766442,0.00391996431143787,0.383041959424161));
#12857=DIRECTION('',(0.00424362130113768,-0.999990995798588,0.));
#12858=DIRECTION('',(0.00424362130113768,-0.999990995798588,0.));
#12859=DIRECTION('',(0.999990995798589,0.00424362130113768,0.));
#12860=DIRECTION('',(0.00424362130113768,-0.999990995798588,0.));
#12861=DIRECTION('',(0.922647491868568,0.00391540180499674,-0.385624526420905));
#12862=DIRECTION('',(0.00424362130113768,-0.999990995798588,0.));
#12863=DIRECTION('',(0.00424362130113768,-0.999990995798588,0.));
#12864=DIRECTION('',(0.999990995798589,0.00424362130113768,0.));
#12865=DIRECTION('',(0.00424362130113768,-0.999990995798588,0.));
#12866=DIRECTION('',(0.385621054182328,0.0016364444545693,-0.922655799646248));
#12867=DIRECTION('',(0.00424362130113768,-0.999990995798588,0.));
#12868=DIRECTION('',(0.00424362130113768,-0.999990995798588,0.));
#12869=DIRECTION('',(0.999990995798589,0.00424362130113768,0.));
#12870=DIRECTION('',(0.00424362130113768,-0.999990995798588,0.));
#12871=DIRECTION('',(-0.383893478608046,-0.00162911321205264,-0.923375948935403));
#12872=DIRECTION('',(0.00424362130113768,-0.999990995798588,0.));
#12873=DIRECTION('',(0.999990995798589,0.00424362130113768,0.));
#12874=DIRECTION('',(-0.00424362130113768,0.999990995798589,0.));
#12875=DIRECTION('',(-0.999990995798589,-0.00424362130113768,0.));
#12876=DIRECTION('',(0.00424362130113768,-0.999990995798588,0.));
#12877=DIRECTION('',(-0.494633969028252,-0.00209905814757644,-0.869098861257022));
#12878=DIRECTION('',(0.00424362130113768,-0.999990995798588,0.));
#12879=DIRECTION('',(0.00424362130113768,-0.999990995798588,0.));
#12880=DIRECTION('',(0.999990995798589,0.00424362130113768,0.));
#12881=DIRECTION('',(0.00424362130113768,-0.999990995798588,0.));
#12882=DIRECTION('',(0.00424362130113768,-0.999990995798588,0.));
#12883=DIRECTION('',(0.97448506188164,0.00413538280206119,0.224414265987296));
#12884=DIRECTION('',(0.00424362130113768,-0.999990995798588,0.));
#12885=DIRECTION('',(0.00424362130113768,-0.999990995798588,0.));
#12886=DIRECTION('',(0.999990995798589,0.00424362130113768,0.));
#12887=DIRECTION('',(0.984085019494853,0.00417612175350023,0.177649189170439));
#12888=DIRECTION('',(0.177650738291001,0.,-0.984093600824973));
#12889=DIRECTION('',(0.00424362130113768,-0.999990995798588,0.));
#12890=DIRECTION('',(-0.17764758958136,-0.000753875883293515,0.984093880474361));
#12891=DIRECTION('',(0.,0.,-1.));
#12892=DIRECTION('',(-1.,0.,0.));
#12893=DIRECTION('',(0.00424362130113768,-0.999990995798588,0.));
#12894=DIRECTION('',(0.999990995798589,0.00424362130113768,0.));
#12895=DIRECTION('',(-0.985835887076481,-0.00418355183936709,-0.167660674119288));
#12896=DIRECTION('',(-0.167662141345993,0.,0.985844514291821));
#12897=DIRECTION('',(0.00424362130113768,-0.999990995798588,0.));
#12898=DIRECTION('',(0.16765916446881,0.000711488408055716,-0.985844763821295));
#12899=DIRECTION('',(-0.194617086201954,-0.000825888649039699,0.980878946489423));
#12900=DIRECTION('',(0.980879281014465,0.,0.194617152575373));
#12901=DIRECTION('',(0.00424362130113768,-0.999990995798588,0.));
#12902=DIRECTION('',(-0.980870114457829,-0.00416247879116001,-0.194618838589175));
#12903=DIRECTION('',(-0.984024925580368,-0.00417586673538842,-0.177981763036438));
#12904=DIRECTION('',(-0.177983314867533,0.,0.984033505338494));
#12905=DIRECTION('',(0.00424362130113768,-0.999990995798588,0.));
#12906=DIRECTION('',(0.177980160452796,0.00075528720083547,-0.984033786018773));
#12907=DIRECTION('',(0.00424362130113768,-0.999990995798588,0.));
#12908=DIRECTION('',(-0.174145946366042,-0.000739016101755756,0.984719575929857));
#12909=DIRECTION('',(0.00424362130113768,-0.999990995798588,0.));
#12910=DIRECTION('',(0.00424362130113768,-0.999990995798588,0.));
#12911=DIRECTION('',(0.999990995798589,0.00424362130113768,0.));
#12912=DIRECTION('',(0.00424362130113768,-0.999990995798588,0.));
#12913=DIRECTION('',(-0.0746083070732992,-0.000316612251978825,0.997212866078421));
#12914=DIRECTION('',(0.00424362130113768,-0.999990995798588,0.));
#12915=DIRECTION('',(0.00424362130113768,-0.999990995798588,0.));
#12916=DIRECTION('',(0.999990995798589,0.00424362130113768,0.));
#12917=DIRECTION('',(0.00424362130113768,-0.999990995798588,0.));
#12918=DIRECTION('',(0.272370407180907,0.00115584726919369,0.962191781979662));
#12919=DIRECTION('',(0.00424362130113768,-0.999990995798588,0.));
#12920=DIRECTION('',(0.00424362130113768,-0.999990995798588,0.));
#12921=DIRECTION('',(0.999990995798589,0.00424362130113768,0.));
#12922=DIRECTION('',(0.00424362130113768,-0.999990995798588,0.));
#12923=DIRECTION('',(0.75115613097714,0.00318765086014481,0.660116887965644));
#12924=DIRECTION('',(0.00424362130113768,-0.999990995798588,0.));
#12925=DIRECTION('',(0.00424362130113768,-0.999990995798588,0.));
#12926=DIRECTION('',(0.999990995798589,0.00424362130113768,0.));
#12927=DIRECTION('',(0.00424362130113768,-0.999990995798588,0.));
#12928=DIRECTION('',(0.976516121649788,0.00414400192816518,0.215404483254358));
#12929=DIRECTION('',(0.00424362130113768,-0.999990995798588,0.));
#12930=DIRECTION('',(0.00424362130113768,-0.999990995798588,0.));
#12931=DIRECTION('',(0.999990995798589,0.00424362130113768,0.));
#12932=DIRECTION('',(0.00424362130113768,-0.999990995798588,0.));
#12933=DIRECTION('',(0.00424362130113768,-0.999990995798588,0.));
#12934=DIRECTION('',(0.00424362130113768,-0.999990995798588,0.));
#12935=DIRECTION('',(-0.139718615072808,-0.00059291822984414,-0.990191070980803));
#12936=DIRECTION('',(0.00424362130113768,-0.999990995798588,0.));
#12937=DIRECTION('',(0.999990995798589,0.00424362130113768,0.));
#12938=DIRECTION('',(0.00424362130113768,-0.999990995798588,0.));
#12939=DIRECTION('',(0.00424362130113768,-0.999990995798588,0.));
#12940=DIRECTION('',(0.999990995798589,0.00424362130113768,0.));
#12941=DIRECTION('',(0.00424362130113768,-0.999990995798588,0.));
#12942=DIRECTION('',(0.00424362130113768,-0.999990995798588,0.));
#12943=DIRECTION('',(0.00424362130113768,-0.999990995798588,0.));
#12944=DIRECTION('',(0.00424362130113768,-0.999990995798588,0.));
#12945=DIRECTION('',(0.98594487606005,0.00418401435150433,0.167018548056311));
#12946=DIRECTION('',(0.00424362130113768,-0.999990995798588,0.));
#12947=DIRECTION('',(0.999990995798589,0.00424362130113768,0.));
#12948=DIRECTION('',(0.00424362130113768,-0.999990995798588,0.));
#12949=DIRECTION('',(0.00424362130113768,-0.999990995798588,0.));
#12950=DIRECTION('',(0.999990995798589,0.00424362130113768,0.));
#12951=DIRECTION('',(0.00424362130113768,-0.999990995798588,0.));
#12952=DIRECTION('',(0.00424362130113768,-0.999990995798588,0.));
#12953=DIRECTION('',(0.368742090181335,0.00156481587843713,0.929530431067196));
#12954=DIRECTION('',(0.00424362130113768,-0.999990995798588,0.));
#12955=DIRECTION('',(0.999990995798589,0.00424362130113768,0.));
#12956=DIRECTION('',(0.00424362130113768,-0.999990995798588,0.));
#12957=DIRECTION('',(0.00424362130113768,-0.999990995798588,0.));
#12958=DIRECTION('',(0.999990995798589,0.00424362130113768,0.));
#12959=DIRECTION('',(0.00424362130113768,-0.999990995798588,0.));
#12960=DIRECTION('',(-0.129814071662717,-0.000550886719989925,0.991538200636853));
#12961=DIRECTION('',(0.00424362130113768,-0.999990995798588,0.));
#12962=DIRECTION('',(0.999990995798589,0.00424362130113768,0.));
#12963=DIRECTION('',(0.00424362130113768,-0.999990995798588,0.));
#12964=DIRECTION('',(0.00424362130113768,-0.999990995798588,0.));
#12965=DIRECTION('',(0.999990995798589,0.00424362130113768,0.));
#12966=DIRECTION('',(0.984677033127402,0.00417863405778318,0.174337831375834));
#12967=DIRECTION('',(0.174339353450686,0.,-0.984685629954249));
#12968=DIRECTION('',(-0.174336261602886,-0.000739823734820638,0.984685899437568));
#12969=DIRECTION('',(0.00424362130113768,-0.999990995798588,0.));
#12970=DIRECTION('',(-0.174336261602886,-0.000739823734820638,0.984685899437568));
#12971=DIRECTION('',(0.00424362130113768,-0.999990995798588,0.));
#12972=DIRECTION('',(-0.406631441822354,-0.00172560538592873,-0.913590659325896));
#12973=DIRECTION('',(0.00424362130113768,-0.999990995798588,0.));
#12974=DIRECTION('',(0.999990995798589,0.00424362130113768,0.));
#12975=DIRECTION('',(0.00424362130113768,-0.999990995798588,0.));
#12976=DIRECTION('',(0.999990995798589,0.00424362130113768,0.));
#12977=DIRECTION('',(0.00424362130113768,-0.999990995798588,0.));
#12978=DIRECTION('',(-0.205665995903967,-0.000872776459791976,-0.978621855667489));
#12979=DIRECTION('',(0.00424362130113768,-0.999990995798588,0.));
#12980=DIRECTION('',(0.999990995798589,0.00424362130113768,0.));
#12981=DIRECTION('',(-0.00424362130113768,0.999990995798589,0.));
#12982=DIRECTION('',(-0.999990995798589,-0.00424362130113768,0.));
#12983=DIRECTION('',(-0.00424362130113768,0.999990995798588,0.));
#12984=DIRECTION('',(-0.999990995798589,-0.00424362130113768,0.));
#12985=DIRECTION('',(0.00424362130113768,-0.999990995798588,0.));
#12986=DIRECTION('',(0.00424362130113768,-0.999990995798588,0.));
#12987=DIRECTION('',(0.00424362130113768,-0.999990995798588,0.));
#12988=DIRECTION('',(-0.947285069511151,-0.00401995529571302,0.320366722742352));
#12989=DIRECTION('',(0.00424362130113768,-0.999990995798588,0.));
#12990=DIRECTION('',(0.00424362130113768,-0.999990995798588,0.));
#12991=DIRECTION('',(0.999990995798589,0.00424362130113768,0.));
#12992=DIRECTION('',(0.00424362130113768,-0.999990995798588,0.));
#12993=DIRECTION('',(0.00424362130113768,-0.999990995798588,0.));
#12994=DIRECTION('',(0.00424362130113768,-0.999990995798588,0.));
#12995=DIRECTION('',(0.916960931168247,0.00389126997759603,-0.398958028781253));
#12996=DIRECTION('',(0.00424362130113768,-0.999990995798588,0.));
#12997=DIRECTION('',(0.00424362130113768,-0.999990995798588,0.));
#12998=DIRECTION('',(0.999990995798589,0.00424362130113768,0.));
#12999=DIRECTION('',(0.00424362130113768,-0.999990995798588,0.));
#13000=DIRECTION('',(0.00424362130113768,-0.999990995798588,0.));
#13001=DIRECTION('',(0.00424362130113768,-0.999990995798588,0.));
#13002=DIRECTION('',(0.991995661427733,0.00420969182438396,-0.126201767829527));
#13003=DIRECTION('',(-0.126202886087036,0.,-0.992004451372726));
#13004=DIRECTION('',(0.00424362130113768,-0.999990995798588,0.));
#13005=DIRECTION('',(0.126200631483391,0.000535552510202611,0.992004593636896));
#13006=DIRECTION('',(0.,0.,-1.));
#13007=DIRECTION('',(-1.,0.,0.));
#13008=DIRECTION('',(0.00424362130113768,-0.999990995798588,0.));
#13009=DIRECTION('',(0.999990995798589,0.00424362130113768,0.));
#13010=DIRECTION('',(-0.98457673060816,-0.00417820840804333,-0.17490341368723));
#13011=DIRECTION('',(-0.174904940388876,0.,0.984585324808147));
#13012=DIRECTION('',(0.00424362130113768,-0.999990995798588,0.));
#13013=DIRECTION('',(0.174901838821665,0.000742223851964822,-0.984585596015173));
#13014=DIRECTION('',(0.00424362130113768,-0.999990995798588,0.));
#13015=DIRECTION('',(-0.124150940609277,-0.000526854320028074,0.992263204180402));
#13016=DIRECTION('',(0.00424362130113768,-0.999990995798588,0.));
#13017=DIRECTION('',(0.00424362130113768,-0.999990995798588,0.));
#13018=DIRECTION('',(0.999990995798589,0.00424362130113768,0.));
#13019=DIRECTION('',(0.00424362130113768,-0.999990995798588,0.));
#13020=DIRECTION('',(0.00424362130113768,-0.999990995798588,0.));
#13021=DIRECTION('',(0.00424362130113768,-0.999990995798588,0.));
#13022=DIRECTION('',(0.942461342493546,0.00399948504067172,-0.334291223373682));
#13023=DIRECTION('',(0.00424362130113768,-0.999990995798588,0.));
#13024=DIRECTION('',(0.00424362130113768,-0.999990995798588,0.));
#13025=DIRECTION('',(0.999990995798589,0.00424362130113768,0.));
#13026=DIRECTION('',(0.00424362130113768,-0.999990995798588,0.));
#13027=DIRECTION('',(0.00424362130113768,-0.999990995798588,0.));
#13028=DIRECTION('',(0.00424362130113768,-0.999990995798588,0.));
#13029=DIRECTION('',(-0.917403131022128,-0.00389314652321015,0.397940119365897));
#13030=DIRECTION('',(0.00424362130113768,-0.999990995798588,0.));
#13031=DIRECTION('',(0.00424362130113768,-0.999990995798588,0.));
#13032=DIRECTION('',(0.999990995798589,0.00424362130113768,0.));
#13033=DIRECTION('',(0.00424362130113768,-0.999990995798588,0.));
#13034=DIRECTION('',(0.00424362130113768,-0.999990995798588,0.));
#13035=DIRECTION('',(0.205950066557352,0.000873981958921866,-0.978562111590551));
#13036=DIRECTION('',(0.00424362130113768,-0.999990995798588,0.));
#13037=DIRECTION('',(0.00424362130113768,-0.999990995798588,0.));
#13038=DIRECTION('',(0.999990995798589,0.00424362130113768,0.));
#13039=DIRECTION('',(0.00424362130113768,-0.999990995798588,0.));
#13040=DIRECTION('',(0.570570684246529,0.00242130771141742,-0.821244927867086));
#13041=DIRECTION('',(0.00424362130113768,-0.999990995798588,0.));
#13042=DIRECTION('',(0.00424362130113768,-0.999990995798588,0.));
#13043=DIRECTION('',(0.999990995798589,0.00424362130113768,0.));
#13044=DIRECTION('',(-0.992445874148598,-0.00421160237387923,0.122610967253627));
#13045=DIRECTION('',(0.122612054679906,0.,0.992454676066959));
#13046=DIRECTION('',(0.00424362130113768,-0.999990995798588,0.));
#13047=DIRECTION('',(-0.122609863239782,-0.000520314512390585,-0.992454810411603));
#13048=DIRECTION('',(0.,0.,1.));
#13049=DIRECTION('',(1.,0.,0.));
#13050=DIRECTION('',(0.00424362130113768,-0.999990995798588,0.));
#13051=DIRECTION('',(-0.999990995798589,-0.00424362130113768,0.));
#13052=DIRECTION('',(0.983994388380068,0.00417573714590791,0.178150517416662));
#13053=DIRECTION('',(0.178152070622727,0.,-0.984002967339446));
#13054=DIRECTION('',(0.00424362130113768,-0.999990995798588,0.));
#13055=DIRECTION('',(-0.178148913313521,-0.000756003330518046,0.984003248543508));
#13056=DIRECTION('',(0.00424362130113768,-0.999990995798588,0.));
#13057=DIRECTION('',(0.212400807518316,0.000901356707160567,-0.977182216642144));
#13058=DIRECTION('',(0.00424362130113768,-0.999990995798588,0.));
#13059=DIRECTION('',(0.00424362130113768,-0.999990995798588,0.));
#13060=DIRECTION('',(0.999990995798589,0.00424362130113768,0.));
#13061=DIRECTION('',(-0.00424362130113768,0.999990995798589,0.));
#13062=DIRECTION('',(-0.999990995798589,-0.00424362130113768,0.));
#13063=DIRECTION('',(0.00424362130113768,-0.999990995798588,0.));
#13064=DIRECTION('',(-0.450209770735252,-0.00191053697593083,0.8929207759835));
#13065=DIRECTION('',(0.00424362130113768,-0.999990995798588,0.));
#13066=DIRECTION('',(0.999990995798589,0.00424362130113768,0.));
#13067=DIRECTION('',(0.00424362130113768,-0.999990995798588,0.));
#13068=DIRECTION('',(0.00424362130113768,-0.999990995798588,0.));
#13069=DIRECTION('',(0.999990995798589,0.00424362130113768,0.));
#13070=DIRECTION('',(0.00424362130113768,-0.999990995798588,0.));
#13071=DIRECTION('',(0.983545991448496,0.00417383430200413,0.180609694681139));
#13072=DIRECTION('',(0.180611267892757,0.,-0.983554558685064));
#13073=DIRECTION('',(-0.180608068435071,-0.000766439147540856,0.983554847574443));
#13074=DIRECTION('',(0.00424362130113768,-0.999990995798588,0.));
#13075=DIRECTION('',(-0.180608068435071,-0.000766439147540856,0.983554847574443));
#13076=DIRECTION('',(0.00424362130113768,-0.999990995798588,0.));
#13077=DIRECTION('',(0.00424362130113768,-0.999990995798588,0.));
#13078=DIRECTION('',(0.468296710673216,0.00198729179064145,-0.883569036037357));
#13079=DIRECTION('',(0.00424362130113768,-0.999990995798588,0.));
#13080=DIRECTION('',(0.999990995798589,0.00424362130113768,0.));
#13081=DIRECTION('',(0.00424362130113768,-0.999990995798588,0.));
#13082=DIRECTION('',(0.00424362130113768,-0.999990995798588,0.));
#13083=DIRECTION('',(0.999990995798589,0.00424362130113768,0.));
#13084=DIRECTION('',(0.00424362130113768,-0.999990995798588,0.));
#13085=DIRECTION('',(0.00424362130113768,-0.999990995798588,0.));
#13086=DIRECTION('',(0.984137673210683,0.00417634519794253,0.177357261786066));
#13087=DIRECTION('',(0.00424362130113768,-0.999990995798588,0.));
#13088=DIRECTION('',(0.999990995798589,0.00424362130113768,0.));
#13089=DIRECTION('',(0.00424362130113768,-0.999990995798588,0.));
#13090=DIRECTION('',(0.00424362130113768,-0.999990995798588,0.));
#13091=DIRECTION('',(0.999990995798589,0.00424362130113768,0.));
#13092=DIRECTION('',(0.00424362130113768,-0.999990995798588,0.));
#13093=DIRECTION('',(0.00424362130113768,-0.999990995798588,0.));
#13094=DIRECTION('',(0.373016887390544,0.00158295666227677,0.927823202970089));
#13095=DIRECTION('',(0.00424362130113768,-0.999990995798588,0.));
#13096=DIRECTION('',(0.999990995798589,0.00424362130113768,0.));
#13097=DIRECTION('',(0.00424362130113768,-0.999990995798588,0.));
#13098=DIRECTION('',(0.00424362130113768,-0.999990995798588,0.));
#13099=DIRECTION('',(0.999990995798589,0.00424362130113768,0.));
#13100=DIRECTION('',(-0.21575681807962,-0.000915598473301429,0.976446699585591));
#13101=DIRECTION('',(0.976447108873522,0.,0.215756908516366));
#13102=DIRECTION('',(0.00424362130113768,-0.999990995798588,0.));
#13103=DIRECTION('',(-0.97643790746284,-0.004143670013787,-0.215758760814958));
#13104=DIRECTION('',(0.00424362130113768,-0.999990995798588,0.));
#13105=DIRECTION('',(-0.984508677490532,-0.00417791961378339,-0.175286077409315));
#13106=DIRECTION('',(-0.175287607239661,0.,0.984517269908555));
#13107=DIRECTION('',(0.00424362130113768,-0.999990995798588,0.));
#13108=DIRECTION('',(0.17528449909817,0.000743847731887039,-0.984517542284776));
#13109=DIRECTION('',(0.,0.,1.));
#13110=DIRECTION('',(1.,0.,0.));
#13111=DIRECTION('',(0.00424362130113768,-0.999990995798588,0.));
#13112=DIRECTION('',(-0.999990995798589,-0.00424362130113768,0.));
#13113=DIRECTION('',(0.604504683184897,0.00256531204878729,0.796597456173204));
#13114=DIRECTION('',(0.79660007732073,0.,-0.604506672264754));
#13115=DIRECTION('',(0.00424362130113768,-0.999990995798588,0.));
#13116=DIRECTION('',(-0.796590283449265,-0.0033804579334487,0.60451012631583));
#13117=DIRECTION('',(0.00424362130113768,-0.999990995798588,0.));
#13118=DIRECTION('',(-0.183910692899719,-0.000780454361263916,0.982942647323909));
#13119=DIRECTION('',(0.00424362130113768,-0.999990995798588,0.));
#13120=DIRECTION('',(0.00424362130113768,-0.999990995798588,0.));
#13121=DIRECTION('',(0.999990995798589,0.00424362130113768,0.));
#13122=DIRECTION('',(0.00424362130113768,-0.999990995798588,0.));
#13123=DIRECTION('',(0.292883061600138,0.00124289599023511,0.956147461136245));
#13124=DIRECTION('',(0.00424362130113768,-0.999990995798588,0.));
#13125=DIRECTION('',(0.00424362130113768,-0.999990995798588,0.));
#13126=DIRECTION('',(0.999990995798589,0.00424362130113768,0.));
#13127=DIRECTION('',(0.00424362130113768,-0.999990995798588,0.));
#13128=DIRECTION('',(0.755543175189655,0.00320626798204745,0.655091009150608));
#13129=DIRECTION('',(0.00424362130113768,-0.999990995798588,0.));
#13130=DIRECTION('',(0.00424362130113768,-0.999990995798588,0.));
#13131=DIRECTION('',(0.999990995798589,0.00424362130113768,0.));
#13132=DIRECTION('',(0.00424362130113768,-0.999990995798588,0.));
#13133=DIRECTION('',(0.973554364864968,0.00413143324081296,0.228418103292507));
#13134=DIRECTION('',(0.00424362130113768,-0.999990995798588,0.));
#13135=DIRECTION('',(0.00424362130113768,-0.999990995798588,0.));
#13136=DIRECTION('',(0.999990995798589,0.00424362130113768,0.));
#13137=DIRECTION('',(0.00424362130113768,-0.999990995798588,0.));
#13138=DIRECTION('',(0.00424362130113768,-0.999990995798588,0.));
#13139=DIRECTION('',(0.42053358626724,0.00178460135343726,-0.907275216248754));
#13140=DIRECTION('',(0.00424362130113768,-0.999990995798588,0.));
#13141=DIRECTION('',(0.00424362130113768,-0.999990995798588,0.));
#13142=DIRECTION('',(0.999990995798589,0.00424362130113768,0.));
#13143=DIRECTION('',(0.00424362130113768,-0.999990995798588,0.));
#13144=DIRECTION('',(0.983045294910818,0.00417170951637944,0.183315424864939));
#13145=DIRECTION('',(0.183317020019621,0.,-0.98305384906989));
#13146=DIRECTION('',(0.00424362130113768,-0.999990995798588,0.));
#13147=DIRECTION('',(-0.183313774255932,-0.000777921241783961,0.983054146528352));
#13148=DIRECTION('',(0.,0.,-1.));
#13149=DIRECTION('',(-1.,0.,0.));
#13150=DIRECTION('',(0.00424362130113768,-0.999990995798588,0.));
#13151=DIRECTION('',(0.999990995798589,0.00424362130113768,0.));
#13152=DIRECTION('',(-0.984633767612517,-0.0041784504536694,-0.174582027222123));
#13153=DIRECTION('',(-0.17458355129501,0.,0.984642363306202));
#13154=DIRECTION('',(0.174580455250387,0.000740860009515599,-0.984642633533108));
#13155=DIRECTION('',(0.00424362130113768,-0.999990995798588,0.));
#13156=DIRECTION('',(-0.132870669579658,-0.00056385788081484,0.991133223754377));
#13157=DIRECTION('',(0.00424362130113768,-0.999990995798588,0.));
#13158=DIRECTION('',(0.999990995798589,0.00424362130113768,0.));
#13159=DIRECTION('',(0.00424362130113768,-0.999990995798588,0.));
#13160=DIRECTION('',(0.999990995798589,0.00424362130113768,0.));
#13161=DIRECTION('',(-0.00424362130113768,0.999990995798589,0.));
#13162=DIRECTION('',(-0.999990995798589,-0.00424362130113768,0.));
#13163=DIRECTION('',(-0.00424362130113768,0.999990995798588,0.));
#13164=DIRECTION('',(-0.999990995798589,-0.00424362130113768,0.));
#13165=DIRECTION('',(-0.156890701957943,-0.000665790719692908,0.987615747323756));
#13166=DIRECTION('',(0.987615966217641,0.,0.156890736730997));
#13167=DIRECTION('',(0.00424362130113768,-0.999990995798588,0.));
#13168=DIRECTION('',(-0.98760685463265,-0.0041910672226821,-0.156892114646143));
#13169=DIRECTION('',(0.00424362130113768,-0.999990995798588,0.));
#13170=DIRECTION('',(-0.984936311619165,-0.00417973434742098,-0.172866977398289));
#13171=DIRECTION('',(-0.172868487426612,0.,0.984944915238835));
#13172=DIRECTION('',(0.00424362130113768,-0.999990995798588,0.));
#13173=DIRECTION('',(0.172865420869207,0.000733581987550664,-0.984945180263947));
#13174=DIRECTION('',(0.,0.,1.));
#13175=DIRECTION('',(1.,0.,0.));
#13176=DIRECTION('',(0.00424362130113768,-0.999990995798588,0.));
#13177=DIRECTION('',(-0.999990995798589,-0.00424362130113768,0.));
#13178=DIRECTION('',(0.984633767612517,0.0041784504536694,0.174582027222123));
#13179=DIRECTION('',(0.17458355129501,0.,-0.984642363306202));
#13180=DIRECTION('',(0.00424362130113768,-0.999990995798588,0.));
#13181=DIRECTION('',(-0.174580455250387,-0.000740860009515599,0.984642633533108));
#13182=DIRECTION('',(0.182961103093175,0.000776424625449551,-0.983119846163086));
#13183=DIRECTION('',(-0.983120142492844,0.,-0.182961158240896));
#13184=DIRECTION('',(0.00424362130113768,-0.999990995798588,0.));
#13185=DIRECTION('',(0.983110993953979,0.00417198832074887,0.182962750526631));
#13186=DIRECTION('',(0.984996846125726,0.00417999123525555,0.172521711084858));
#13187=DIRECTION('',(0.17252321828246,0.,-0.985005451331851));
#13188=DIRECTION('',(0.00424362130113768,-0.999990995798588,0.));
#13189=DIRECTION('',(-0.172520157664623,-0.000732116808068421,0.985005715315578));
#13190=DIRECTION('',(0.,0.,-1.));
#13191=DIRECTION('',(-1.,0.,0.));
#13192=DIRECTION('',(0.00424362130113768,-0.999990995798588,0.));
#13193=DIRECTION('',(0.999990995798589,0.00424362130113768,0.));
#13194=DIRECTION('',(-0.984633767612517,-0.0041784504536694,-0.174582027222123));
#13195=DIRECTION('',(-0.17458355129501,0.,0.984642363306202));
#13196=DIRECTION('',(0.174580455250387,0.000740860009515599,-0.984642633533108));
#13197=DIRECTION('',(-0.00424362130113768,0.999990995798589,0.));
#13198=DIRECTION('',(-0.999990995798589,-0.00424362130113768,0.));
#13199=DIRECTION('',(0.00424362130113768,-0.999990995798588,0.));
#13200=DIRECTION('',(0.00424362130113768,-0.999990995798588,0.));
#13201=DIRECTION('',(0.00424362130113768,-0.999990995798588,0.));
#13202=DIRECTION('',(-0.0927881561314741,-0.0003937613413593,-0.995685795335922));
#13203=DIRECTION('',(0.00424362130113768,-0.999990995798588,0.));
#13204=DIRECTION('',(0.00424362130113768,-0.999990995798588,0.));
#13205=DIRECTION('',(0.999990995798589,0.00424362130113768,0.));
#13206=DIRECTION('',(0.00424362130113768,-0.999990995798588,0.));
#13207=DIRECTION('',(-0.257088168481313,-0.00109099465157331,-0.966387336091277));
#13208=DIRECTION('',(0.00424362130113768,-0.999990995798588,0.));
#13209=DIRECTION('',(0.00424362130113768,-0.999990995798588,0.));
#13210=DIRECTION('',(0.999990995798589,0.00424362130113768,0.));
#13211=DIRECTION('',(-0.98166880427953,-0.00416586815881892,-0.190549217387219));
#13212=DIRECTION('',(-0.190550870847889,0.,0.981677322555182));
#13213=DIRECTION('',(0.00424362130113768,-0.999990995798588,0.));
#13214=DIRECTION('',(0.190547501643687,0.000808618717819518,-0.981677643502753));
#13215=DIRECTION('',(0.,0.,1.));
#13216=DIRECTION('',(1.,0.,0.));
#13217=DIRECTION('',(0.00424362130113768,-0.999990995798588,0.));
#13218=DIRECTION('',(-0.999990995798589,-0.00424362130113768,0.));
#13219=DIRECTION('',(0.941393805052833,0.00399495477525868,0.337285849309591));
#13220=DIRECTION('',(0.337288540826163,0.,-0.941401317307001));
#13221=DIRECTION('',(0.00424362130113768,-0.999990995798588,0.));
#13222=DIRECTION('',(-0.337282812319871,-0.00143131341470249,0.941402281628586));
#13223=DIRECTION('',(0.00424362130113768,-0.999990995798588,0.));
#13224=DIRECTION('',(-0.448480774983342,-0.00190319970666374,-0.893790452120192));
#13225=DIRECTION('',(0.00424362130113768,-0.999990995798588,0.));
#13226=DIRECTION('',(0.00424362130113768,-0.999990995798588,0.));
#13227=DIRECTION('',(0.999990995798589,0.00424362130113768,0.));
#13228=DIRECTION('',(0.00424362130113768,-0.999990995798588,0.));
#13229=DIRECTION('',(-0.150411897093273,-0.000638296877803108,-0.988623211233632));
#13230=DIRECTION('',(0.00424362130113768,-0.999990995798588,0.));
#13231=DIRECTION('',(0.00424362130113768,-0.999990995798588,0.));
#13232=DIRECTION('',(0.999990995798589,0.00424362130113768,0.));
#13233=DIRECTION('',(0.00424362130113768,-0.999990995798588,0.));
#13234=DIRECTION('',(0.00424362130113768,-0.999990995798588,0.));
#13235=DIRECTION('',(0.00424362130113768,-0.999990995798588,0.));
#13236=DIRECTION('',(0.00424362130113768,-0.999990995798588,0.));
#13237=DIRECTION('',(0.00424362130113768,-0.999990995798588,0.));
#13238=DIRECTION('',(0.287669756302909,0.00122077249762096,0.957728887015075));
#13239=DIRECTION('',(0.00424362130113768,-0.999990995798588,0.));
#13240=DIRECTION('',(0.00424362130113768,-0.999990995798588,0.));
#13241=DIRECTION('',(0.999990995798589,0.00424362130113768,0.));
#13242=DIRECTION('',(0.00424362130113768,-0.999990995798588,0.));
#13243=DIRECTION('',(-0.127937096889908,-0.000542921478141597,0.991782135590096));
#13244=DIRECTION('',(0.00424362130113768,-0.999990995798588,0.));
#13245=DIRECTION('',(0.00424362130113768,-0.999990995798588,0.));
#13246=DIRECTION('',(0.999990995798589,0.00424362130113768,0.));
#13247=DIRECTION('',(0.00424362130113768,-0.999990995798588,0.));
#13248=DIRECTION('',(-0.412031091711093,-0.00174851966153934,0.911168108606945));
#13249=DIRECTION('',(0.00424362130113768,-0.999990995798588,0.));
#13250=DIRECTION('',(0.00424362130113768,-0.999990995798588,0.));
#13251=DIRECTION('',(0.999990995798589,0.00424362130113768,0.));
#13252=DIRECTION('',(0.999990995798588,0.00424362130113768,0.));
#13253=DIRECTION('',(-0.00424362130113768,0.999990995798589,0.));
#13254=DIRECTION('',(0.00424362130113768,-0.999990995798588,0.));
#13255=DIRECTION('',(0.,0.,1.));
#13256=DIRECTION('',(0.,0.,-1.));
#13257=DIRECTION('',(-1.,0.,0.));
#13258=DIRECTION('',(0.00424362130113768,-0.999990995798588,0.));
#13259=DIRECTION('',(0.999990995798589,0.00424362130113768,0.));
#13260=DIRECTION('',(-0.9884873565639,-0.0041948037730779,-0.151245328967932));
#13261=DIRECTION('',(-0.151246659670536,0.,0.988496053577608));
#13262=DIRECTION('',(0.00424362130113768,-0.999990995798588,0.));
#13263=DIRECTION('',(0.151243967124527,0.000641827899705893,-0.988496257183294));
#13264=DIRECTION('',(0.00424362130113768,-0.999990995798588,0.));
#13265=DIRECTION('',(-0.114308246008796,-0.000485085275464223,0.993445212171596));
#13266=DIRECTION('',(0.00424362130113768,-0.999990995798588,0.));
#13267=DIRECTION('',(0.00424362130113768,-0.999990995798588,0.));
#13268=DIRECTION('',(0.999990995798589,0.00424362130113768,0.));
#13269=DIRECTION('',(0.00424362130113768,-0.999990995798588,0.));
#13270=DIRECTION('',(0.00424362130113768,-0.999990995798588,0.));
#13271=DIRECTION('',(0.705356836915283,0.00299329425026122,0.708846085413751));
#13272=DIRECTION('',(0.00424362130113768,-0.999990995798588,0.));
#13273=DIRECTION('',(0.00424362130113768,-0.999990995798588,0.));
#13274=DIRECTION('',(0.999990995798589,0.00424362130113768,0.));
#13275=DIRECTION('',(0.00424362130113768,-0.999990995798588,0.));
#13276=DIRECTION('',(-0.00424362130113768,0.999990995798589,0.));
#13277=DIRECTION('',(-0.999990995798589,-0.00424362130113768,0.));
#13278=DIRECTION('',(-0.999990995798588,-0.00424362130113768,0.));
#13279=DIRECTION('',(0.00424362130113768,-0.999990995798589,0.));
#13280=DIRECTION('',(0.00424362130113768,-0.999990995798588,0.));
#13281=DIRECTION('',(0.,0.,-1.));
#13282=DIRECTION('',(0.00424362130113768,-0.999990995798588,0.));
#13283=DIRECTION('',(0.835473796074206,0.00354546632165572,-0.549518849305388));
#13284=DIRECTION('',(-0.549522303154984,0.,-0.835479047214975));
#13285=DIRECTION('',(0.00424362130113768,-0.999990995798588,0.));
#13286=DIRECTION('',(0.54951390132699,0.00233194989428902,0.835481318916277));
#13287=DIRECTION('',(0.,0.,-1.));
#13288=DIRECTION('',(-1.,0.,0.));
#13289=DIRECTION('',(0.00424362130113768,-0.999990995798588,0.));
#13290=DIRECTION('',(0.999990995798589,0.00424362130113768,0.));
#13291=DIRECTION('',(-0.835526012969086,-0.00354568791237835,-0.549439450484957));
#13292=DIRECTION('',(-0.549442904267198,0.,0.835531265094507));
#13293=DIRECTION('',(0.00424362130113768,-0.999990995798588,0.));
#13294=DIRECTION('',(0.549434503221481,0.00233161295576335,-0.835533536281333));
#13295=DIRECTION('',(0.999990995798588,0.00424362130113768,0.));
#13296=DIRECTION('',(-0.00424362130113768,0.999990995798589,0.));
#13297=DIRECTION('',(0.00424362130113768,-0.999990995798588,0.));
#13298=DIRECTION('',(0.,0.,1.));
#13299=DIRECTION('',(0.,0.,-1.));
#13300=DIRECTION('',(-1.,0.,0.));
#13301=DIRECTION('',(0.00424362130113768,-0.999990995798588,0.));
#13302=DIRECTION('',(0.999990995798589,0.00424362130113768,0.));
#13303=DIRECTION('',(-0.999990995798588,-0.00424362130113768,0.));
#13304=DIRECTION('',(0.00424362130113768,-0.999990995798589,0.));
#13305=DIRECTION('',(0.00424362130113768,-0.999990995798588,0.));
#13306=DIRECTION('',(0.,0.,-1.));
#13307=DIRECTION('',(0.,0.,1.));
#13308=DIRECTION('',(1.,0.,0.));
#13309=DIRECTION('',(0.00424362130113768,-0.999990995798588,0.));
#13310=DIRECTION('',(-0.999990995798589,-0.00424362130113768,0.));
#13311=DIRECTION('',(0.832317090839968,0.00353207033946217,0.554288539277884));
#13312=DIRECTION('',(0.554291996829359,0.,-0.83232228268317));
#13313=DIRECTION('',(0.00424362130113768,-0.999990995798588,0.));
#13314=DIRECTION('',(-0.554283548352236,-0.00235219065225612,0.832324585258173));
#13315=DIRECTION('',(-0.832317090839968,-0.00353207033946217,0.554288539277884));
#13316=DIRECTION('',(0.554291996829359,0.,0.83232228268317));
#13317=DIRECTION('',(0.00424362130113768,-0.999990995798588,0.));
#13318=DIRECTION('',(-0.554283548352236,-0.00235219065225612,-0.832324585258173));
#13319=DIRECTION('',(0.,0.,1.));
#13320=DIRECTION('',(1.,0.,0.));
#13321=DIRECTION('',(0.00424362130113768,-0.999990995798588,0.));
#13322=DIRECTION('',(-0.999990995798589,-0.00424362130113768,0.));
#13323=DIRECTION('',(0.999990995798588,0.00424362130113768,0.));
#13324=DIRECTION('',(-0.00424362130113768,0.999990995798589,0.));
#13325=DIRECTION('',(0.00424362130113768,-0.999990995798588,0.));
#13326=DIRECTION('',(0.,0.,1.));
#13327=DIRECTION('',(0.,0.,-1.));
#13328=DIRECTION('',(-1.,0.,0.));
#13329=DIRECTION('',(0.999990995798589,0.00424362130113768,0.));
#13330=DIRECTION('',(-0.00424362130113768,0.999990995798589,0.));
#13331=DIRECTION('',(-0.999990995798589,-0.00424362130113768,0.));
#13332=DIRECTION('',(0.868235324288333,0.00368449509248607,-0.496138938356834));
#13333=DIRECTION('',(-0.496142306059215,0.,-0.868241217714435));
#13334=DIRECTION('',(0.496134471021905,0.0021054257671349,0.868243142124459));
#13335=DIRECTION('',(0.00424362130113768,-0.999990995798588,0.));
#13336=DIRECTION('',(0.496134471021905,0.0021054257671349,0.868243142124459));
#13337=DIRECTION('',(0.00424362130113768,-0.999990995798588,0.));
#13338=DIRECTION('',(0.,0.,1.));
#13339=DIRECTION('',(1.,0.,0.));
#13340=DIRECTION('',(-0.999990995798589,-0.00424362130113768,0.));
#13341=DIRECTION('',(0.00424362130113768,-0.999990995798588,0.));
#13342=DIRECTION('',(-0.999990995798589,-0.00424362130113768,0.));
#13343=DIRECTION('',(0.,0.,-1.));
#13344=DIRECTION('',(-1.,0.,0.));
#13345=DIRECTION('',(0.00424362130113768,-0.999990995798588,0.));
#13346=DIRECTION('',(0.999990995798589,0.00424362130113768,0.));
#13347=DIRECTION('',(0.00424362130113768,-0.999990995798588,0.));
#13348=DIRECTION('',(0.877887668165827,0.00372545635339395,-0.478852130680574));
#13349=DIRECTION('',(-0.478855453715521,0.,-0.877893760341707));
#13350=DIRECTION('',(0.00424362130113768,-0.999990995798588,0.));
#13351=DIRECTION('',(0.478847818999543,0.00203206710185125,0.877895572914384));
#13352=DIRECTION('',(0.,0.,-1.));
#13353=DIRECTION('',(-1.,0.,0.));
#13354=DIRECTION('',(0.00424362130113768,-0.999990995798588,0.));
#13355=DIRECTION('',(0.999990995798589,0.00424362130113768,0.));
#13356=DIRECTION('',(-0.863771123259234,-0.00366555054332589,0.503871025524087));
#13357=DIRECTION('',(0.50387441062945,0.,0.863776926244748));
#13358=DIRECTION('',(0.00424362130113768,-0.999990995798588,0.));
#13359=DIRECTION('',(-0.503866488567888,-0.00213823781694011,-0.863778900898433));
#13360=DIRECTION('',(0.,0.,1.));
#13361=DIRECTION('',(1.,0.,0.));
#13362=DIRECTION('',(0.00424362130113768,-0.999990995798588,0.));
#13363=DIRECTION('',(-0.999990995798589,-0.00424362130113768,0.));
#13364=DIRECTION('',(0.863771123259235,0.00366555054332589,0.503871025524086));
#13365=DIRECTION('',(0.503874410629449,0.,-0.863776926244748));
#13366=DIRECTION('',(0.00424362130113768,-0.999990995798588,0.));
#13367=DIRECTION('',(-0.503866488567887,-0.0021382378169401,0.863778900898434));
#13368=DIRECTION('',(0.,0.,-1.));
#13369=DIRECTION('',(-1.,0.,0.));
#13370=DIRECTION('',(0.00424362130113768,-0.999990995798588,0.));
#13371=DIRECTION('',(0.999990995798589,0.00424362130113768,0.));
#13372=DIRECTION('',(-0.877887668165825,-0.00372545635339394,-0.478852130680578));
#13373=DIRECTION('',(-0.478855453715524,0.,0.877893760341705));
#13374=DIRECTION('',(0.478847818999547,0.00203206710185126,-0.877895572914382));
#13375=DIRECTION('',(-0.868235324288333,-0.00368449509248607,-0.496138938356835));
#13376=DIRECTION('',(-0.496142306059216,0.,0.868241217714434));
#13377=DIRECTION('',(0.496134471021906,0.0021054257671349,-0.868243142124459));
#13378=DIRECTION('',(0.496134471021906,0.0021054257671349,-0.868243142124459));
#13379=DIRECTION('',(-0.00424362130113768,0.999990995798589,0.));
#13380=DIRECTION('',(-0.999990995798589,-0.00424362130113768,0.));
#13381=DIRECTION('',(-0.00424362130113768,0.999990995798588,0.));
#13382=DIRECTION('',(-0.999990995798589,-0.00424362130113768,0.));
#13383=DIRECTION('',(0.00424362130113768,-0.999990995798588,0.));
#13384=DIRECTION('',(0.00424362130113768,-0.999990995798588,0.));
#13385=DIRECTION('',(0.,0.,-1.));
#13386=DIRECTION('',(-1.,0.,0.));
#13387=DIRECTION('',(0.00424362130113768,-0.999990995798588,0.));
#13388=DIRECTION('',(0.999990995798589,0.00424362130113768,0.));
#13389=DIRECTION('',(0.00424362130113768,-0.999990995798588,0.));
#13390=DIRECTION('',(-0.996997546740167,-0.00423091812256751,0.0773174697330939));
#13391=DIRECTION('',(0.00424362130113768,-0.999990995798588,0.));
#13392=DIRECTION('',(0.00424362130113768,-0.999990995798588,0.));
#13393=DIRECTION('',(0.999990995798589,0.00424362130113768,0.));
#13394=DIRECTION('',(0.00424362130113768,-0.999990995798588,0.));
#13395=DIRECTION('',(-0.948553397768519,-0.00402533764898876,0.316591611131137));
#13396=DIRECTION('',(0.00424362130113768,-0.999990995798588,0.));
#13397=DIRECTION('',(0.00424362130113768,-0.999990995798588,0.));
#13398=DIRECTION('',(0.999990995798589,0.00424362130113768,0.));
#13399=DIRECTION('',(0.00424362130113768,-0.999990995798588,0.));
#13400=DIRECTION('',(-0.772840555697287,-0.00327967217536818,0.634591773678111));
#13401=DIRECTION('',(0.00424362130113768,-0.999990995798588,0.));
#13402=DIRECTION('',(0.00424362130113768,-0.999990995798588,0.));
#13403=DIRECTION('',(0.999990995798589,0.00424362130113768,0.));
#13404=DIRECTION('',(0.00424362130113768,-0.999990995798588,0.));
#13405=DIRECTION('',(-0.480800728400633,-0.00204035458440759,0.876827518114361));
#13406=DIRECTION('',(0.00424362130113768,-0.999990995798588,0.));
#13407=DIRECTION('',(0.00424362130113768,-0.999990995798588,0.));
#13408=DIRECTION('',(0.999990995798589,0.00424362130113768,0.));
#13409=DIRECTION('',(0.00424362130113768,-0.999990995798588,0.));
#13410=DIRECTION('',(-0.219635532550648,-0.000932058416860593,0.975581551746598));
#13411=DIRECTION('',(0.00424362130113768,-0.999990995798588,0.));
#13412=DIRECTION('',(0.00424362130113768,-0.999990995798588,0.));
#13413=DIRECTION('',(0.999990995798589,0.00424362130113768,0.));
#13414=DIRECTION('',(0.00424362130113768,-0.999990995798588,0.));
#13415=DIRECTION('',(-0.0560415114475533,-0.000237821093115943,0.998428411272336));
#13416=DIRECTION('',(0.00424362130113768,-0.999990995798588,0.));
#13417=DIRECTION('',(0.00424362130113768,-0.999990995798588,0.));
#13418=DIRECTION('',(0.999990995798589,0.00424362130113768,0.));
#13419=DIRECTION('',(0.,0.,1.));
#13420=DIRECTION('',(1.,0.,0.));
#13421=DIRECTION('',(0.00424362130113768,-0.999990995798588,0.));
#13422=DIRECTION('',(-0.999990995798589,-0.00424362130113768,0.));
#13423=DIRECTION('',(0.00424362130113768,-0.999990995798588,0.));
#13424=DIRECTION('',(0.0771738424040286,0.000327499510387889,0.997017598035596));
#13425=DIRECTION('',(0.00424362130113768,-0.999990995798588,0.));
#13426=DIRECTION('',(0.00424362130113768,-0.999990995798588,0.));
#13427=DIRECTION('',(0.999990995798589,0.00424362130113768,0.));
#13428=DIRECTION('',(0.00424362130113768,-0.999990995798588,0.));
#13429=DIRECTION('',(0.00424362130113768,-0.999990995798588,0.));
#13430=DIRECTION('',(0.677039922705971,0.00287312690793007,0.735940682530912));
#13431=DIRECTION('',(0.00424362130113768,-0.999990995798588,0.));
#13432=DIRECTION('',(0.00424362130113768,-0.999990995798588,0.));
#13433=DIRECTION('',(0.999990995798589,0.00424362130113768,0.));
#13434=DIRECTION('',(0.00424362130113768,-0.999990995798588,0.));
#13435=DIRECTION('',(0.927003161508831,0.00393388578390164,0.375032882685333));
#13436=DIRECTION('',(0.00424362130113768,-0.999990995798588,0.));
#13437=DIRECTION('',(0.00424362130113768,-0.999990995798588,0.));
#13438=DIRECTION('',(0.999990995798589,0.00424362130113768,0.));
#13439=DIRECTION('',(0.00424362130113768,-0.999990995798588,0.));
#13440=DIRECTION('',(0.993385577087387,0.0042155901531935,0.114748960929589));
#13441=DIRECTION('',(0.00424362130113768,-0.999990995798588,0.));
#13442=DIRECTION('',(0.00424362130113768,-0.999990995798588,0.));
#13443=DIRECTION('',(0.999990995798589,0.00424362130113768,0.));
#13444=DIRECTION('',(0.00424362130113768,-0.999990995798588,0.));
#13445=DIRECTION('',(0.999910535127003,0.00424327985344339,0.0126852795837034));
#13446=DIRECTION('',(0.00424362130113768,-0.999990995798588,0.));
#13447=DIRECTION('',(0.00424362130113768,-0.999990995798588,0.));
#13448=DIRECTION('',(0.999990995798589,0.00424362130113768,0.));
#13449=DIRECTION('',(0.00424362130113768,-0.999990995798588,0.));
#13450=DIRECTION('',(0.999910535127063,0.00424327985344359,-0.0126852795789713));
#13451=DIRECTION('',(0.00424362130113768,-0.999990995798588,0.));
#13452=DIRECTION('',(0.00424362130113768,-0.999990995798588,0.));
#13453=DIRECTION('',(0.999990995798589,0.00424362130113768,0.));
#13454=DIRECTION('',(0.00424362130113768,-0.999990995798588,0.));
#13455=DIRECTION('',(0.993385577087414,0.00421559015319376,-0.114748960929349));
#13456=DIRECTION('',(0.00424362130113768,-0.999990995798588,0.));
#13457=DIRECTION('',(0.00424362130113768,-0.999990995798588,0.));
#13458=DIRECTION('',(0.999990995798589,0.00424362130113768,0.));
#13459=DIRECTION('',(0.00424362130113768,-0.999990995798588,0.));
#13460=DIRECTION('',(0.927003161508708,0.00393388578390049,-0.375032882685639));
#13461=DIRECTION('',(0.00424362130113768,-0.999990995798588,0.));
#13462=DIRECTION('',(0.00424362130113768,-0.999990995798588,0.));
#13463=DIRECTION('',(0.999990995798589,0.00424362130113768,0.));
#13464=DIRECTION('',(0.00424362130113768,-0.999990995798588,0.));
#13465=DIRECTION('',(0.677039922708132,0.00287312690793787,-0.735940682528924));
#13466=DIRECTION('',(0.00424362130113768,-0.999990995798588,0.));
#13467=DIRECTION('',(0.00424362130113768,-0.999990995798588,0.));
#13468=DIRECTION('',(0.999990995798589,0.00424362130113768,0.));
#13469=DIRECTION('',(0.00424362130113768,-0.999990995798588,0.));
#13470=DIRECTION('',(0.00424362130113768,-0.999990995798588,0.));
#13471=DIRECTION('',(0.0771738424039556,0.000327499510387686,-0.997017598035602));
#13472=DIRECTION('',(0.00424362130113768,-0.999990995798588,0.));
#13473=DIRECTION('',(0.00424362130113768,-0.999990995798588,0.));
#13474=DIRECTION('',(0.999990995798589,0.00424362130113768,0.));
#13475=DIRECTION('',(0.,0.,-1.));
#13476=DIRECTION('',(-1.,0.,0.));
#13477=DIRECTION('',(0.00424362130113768,-0.999990995798588,0.));
#13478=DIRECTION('',(0.999990995798589,0.00424362130113768,0.));
#13479=DIRECTION('',(0.00424362130113768,-0.999990995798588,0.));
#13480=DIRECTION('',(-0.0560415114477828,-0.000237821093116596,-0.998428411272323));
#13481=DIRECTION('',(0.00424362130113768,-0.999990995798588,0.));
#13482=DIRECTION('',(0.00424362130113768,-0.999990995798588,0.));
#13483=DIRECTION('',(0.999990995798589,0.00424362130113768,0.));
#13484=DIRECTION('',(0.00424362130113768,-0.999990995798588,0.));
#13485=DIRECTION('',(-0.225429946756143,-0.000956647937819929,-0.974258910110781));
#13486=DIRECTION('',(0.00424362130113768,-0.999990995798588,0.));
#13487=DIRECTION('',(0.00424362130113768,-0.999990995798588,0.));
#13488=DIRECTION('',(0.999990995798589,0.00424362130113768,0.));
#13489=DIRECTION('',(0.00424362130113768,-0.999990995798588,0.));
#13490=DIRECTION('',(-0.496378482266983,-0.00210646126777686,-0.868103660378905));
#13491=DIRECTION('',(0.00424362130113768,-0.999990995798588,0.));
#13492=DIRECTION('',(0.00424362130113768,-0.999990995798588,0.));
#13493=DIRECTION('',(0.999990995798589,0.00424362130113768,0.));
#13494=DIRECTION('',(0.00424362130113768,-0.999990995798588,0.));
#13495=DIRECTION('',(-0.788542585548031,-0.0033463062437004,-0.614971050547706));
#13496=DIRECTION('',(0.00424362130113768,-0.999990995798588,0.));
#13497=DIRECTION('',(0.00424362130113768,-0.999990995798588,0.));
#13498=DIRECTION('',(0.999990995798589,0.00424362130113768,0.));
#13499=DIRECTION('',(0.00424362130113768,-0.999990995798588,0.));
#13500=DIRECTION('',(-0.954390089574555,-0.00405010658168847,-0.298535012282562));
#13501=DIRECTION('',(0.00424362130113768,-0.999990995798588,0.));
#13502=DIRECTION('',(0.00424362130113768,-0.999990995798588,0.));
#13503=DIRECTION('',(0.999990995798589,0.00424362130113768,0.));
#13504=DIRECTION('',(0.00424362130113768,-0.999990995798588,0.));
#13505=DIRECTION('',(-0.99742661490401,-0.00423273894176203,-0.0715697687727037));
#13506=DIRECTION('',(0.00424362130113768,-0.999990995798588,0.));
#13507=DIRECTION('',(0.00424362130113768,-0.999990995798588,0.));
#13508=DIRECTION('',(0.999990995798589,0.00424362130113768,0.));
#13509=DIRECTION('',(0.,0.,1.));
#13510=DIRECTION('',(1.,0.,0.));
#13511=DIRECTION('',(0.00424362130113768,-0.999990995798588,0.));
#13512=DIRECTION('',(-0.999990995798589,-0.00424362130113768,0.));
#13513=DIRECTION('',(0.00424362130113768,-0.999990995798588,0.));
#13514=DIRECTION('',(-0.998579182495143,-0.00423763004618371,-0.0531192882004683));
#13515=DIRECTION('',(0.00424362130113768,-0.999990995798588,0.));
#13516=DIRECTION('',(0.00424362130113768,-0.999990995798588,0.));
#13517=DIRECTION('',(0.999990995798589,0.00424362130113768,0.));
#13518=DIRECTION('',(0.00424362130113768,-0.999990995798588,0.));
#13519=DIRECTION('',(-0.966015722100059,-0.00409944180773714,-0.258450806213418));
#13520=DIRECTION('',(0.00424362130113768,-0.999990995798588,0.));
#13521=DIRECTION('',(0.00424362130113768,-0.999990995798588,0.));
#13522=DIRECTION('',(0.999990995798589,0.00424362130113768,0.));
#13523=DIRECTION('',(0.00424362130113768,-0.999990995798588,0.));
#13524=DIRECTION('',(-0.790219170242955,-0.00335342109829035,-0.612815157733124));
#13525=DIRECTION('',(0.00424362130113768,-0.999990995798588,0.));
#13526=DIRECTION('',(0.00424362130113768,-0.999990995798588,0.));
#13527=DIRECTION('',(0.999990995798589,0.00424362130113768,0.));
#13528=DIRECTION('',(0.00424362130113768,-0.999990995798588,0.));
#13529=DIRECTION('',(-0.440021118015935,-0.00186729980290725,-0.897985483675239));
#13530=DIRECTION('',(0.00424362130113768,-0.999990995798588,0.));
#13531=DIRECTION('',(0.00424362130113768,-0.999990995798588,0.));
#13532=DIRECTION('',(0.999990995798589,0.00424362130113768,0.));
#13533=DIRECTION('',(0.00424362130113768,-0.999990995798588,0.));
#13534=DIRECTION('',(-0.162829869341902,-0.000690994523854977,-0.986653919151324));
#13535=DIRECTION('',(0.00424362130113768,-0.999990995798588,0.));
#13536=DIRECTION('',(0.00424362130113768,-0.999990995798588,0.));
#13537=DIRECTION('',(0.999990995798589,0.00424362130113768,0.));
#13538=DIRECTION('',(0.00424362130113768,-0.999990995798588,0.));
#13539=DIRECTION('',(-0.0334082000995443,-0.000141773026127862,-0.999441780228602));
#13540=DIRECTION('',(0.00424362130113768,-0.999990995798588,0.));
#13541=DIRECTION('',(0.00424362130113768,-0.999990995798588,0.));
#13542=DIRECTION('',(0.999990995798589,0.00424362130113768,0.));
#13543=DIRECTION('',(0.,0.,1.));
#13544=DIRECTION('',(1.,0.,0.));
#13545=DIRECTION('',(0.00424362130113768,-0.999990995798588,0.));
#13546=DIRECTION('',(-0.999990995798589,-0.00424362130113768,0.));
#13547=DIRECTION('',(0.00424362130113768,-0.999990995798588,0.));
#13548=DIRECTION('',(0.0373961528407066,0.000158696539711165,-0.99930050663858));
#13549=DIRECTION('',(0.00424362130113768,-0.999990995798588,0.));
#13550=DIRECTION('',(0.00424362130113768,-0.999990995798588,0.));
#13551=DIRECTION('',(0.999990995798589,0.00424362130113768,0.));
#13552=DIRECTION('',(0.00424362130113768,-0.999990995798588,0.));
#13553=DIRECTION('',(0.215329778632284,0.000913786263288535,-0.976540962494066));
#13554=DIRECTION('',(0.00424362130113768,-0.999990995798588,0.));
#13555=DIRECTION('',(0.00424362130113768,-0.999990995798588,0.));
#13556=DIRECTION('',(0.999990995798589,0.00424362130113768,0.));
#13557=DIRECTION('',(0.00424362130113768,-0.999990995798588,0.));
#13558=DIRECTION('',(0.607861030943795,0.002579555245878,-0.794039238926314));
#13559=DIRECTION('',(0.00424362130113768,-0.999990995798588,0.));
#13560=DIRECTION('',(0.00424362130113768,-0.999990995798588,0.));
#13561=DIRECTION('',(0.999990995798589,0.00424362130113768,0.));
#13562=DIRECTION('',(0.00424362130113768,-0.999990995798588,0.));
#13563=DIRECTION('',(0.927340132912985,0.00393531577580504,-0.374198865816923));
#13564=DIRECTION('',(0.00424362130113768,-0.999990995798588,0.));
#13565=DIRECTION('',(0.00424362130113768,-0.999990995798588,0.));
#13566=DIRECTION('',(0.999990995798589,0.00424362130113768,0.));
#13567=DIRECTION('',(0.00424362130113768,-0.999990995798588,0.));
#13568=DIRECTION('',(0.995103191604888,0.00422287912437917,-0.0987512296109072));
#13569=DIRECTION('',(0.00424362130113768,-0.999990995798588,0.));
#13570=DIRECTION('',(0.00424362130113768,-0.999990995798588,0.));
#13571=DIRECTION('',(0.999990995798589,0.00424362130113768,0.));
#13572=DIRECTION('',(0.00424362130113768,-0.999990995798588,0.));
#13573=DIRECTION('',(0.999930631227034,0.00424336513444939,-0.0109875650734002));
#13574=DIRECTION('',(0.00424362130113768,-0.999990995798588,0.));
#13575=DIRECTION('',(0.00424362130113768,-0.999990995798588,0.));
#13576=DIRECTION('',(0.999990995798589,0.00424362130113768,0.));
#13577=DIRECTION('',(0.00424362130113768,-0.999990995798588,0.));
#13578=DIRECTION('',(0.999951143285335,0.00424345218064076,0.00892771840633343));
#13579=DIRECTION('',(0.00424362130113768,-0.999990995798588,0.));
#13580=DIRECTION('',(0.00424362130113768,-0.999990995798588,0.));
#13581=DIRECTION('',(0.999990995798589,0.00424362130113768,0.));
#13582=DIRECTION('',(0.00424362130113768,-0.999990995798588,0.));
#13583=DIRECTION('',(0.995356010629122,0.00422395200223548,0.0961694875413244));
#13584=DIRECTION('',(0.00424362130113768,-0.999990995798588,0.));
#13585=DIRECTION('',(0.00424362130113768,-0.999990995798588,0.));
#13586=DIRECTION('',(0.999990995798589,0.00424362130113768,0.));
#13587=DIRECTION('',(0.00424362130113768,-0.999990995798588,0.));
#13588=DIRECTION('',(0.925953075417636,0.00392942957607183,0.377618142715402));
#13589=DIRECTION('',(0.00424362130113768,-0.999990995798588,0.));
#13590=DIRECTION('',(0.00424362130113768,-0.999990995798588,0.));
#13591=DIRECTION('',(0.999990995798589,0.00424362130113768,0.));
#13592=DIRECTION('',(0.00424362130113768,-0.999990995798588,0.));
#13593=DIRECTION('',(0.605471670947278,0.00256941561560148,0.795862710386474));
#13594=DIRECTION('',(0.00424362130113768,-0.999990995798588,0.));
#13595=DIRECTION('',(0.00424362130113768,-0.999990995798588,0.));
#13596=DIRECTION('',(0.999990995798589,0.00424362130113768,0.));
#13597=DIRECTION('',(0.00424362130113768,-0.999990995798588,0.));
#13598=DIRECTION('',(0.215329778634164,0.000913786263296614,0.976540962493651));
#13599=DIRECTION('',(0.00424362130113768,-0.999990995798588,0.));
#13600=DIRECTION('',(0.00424362130113768,-0.999990995798588,0.));
#13601=DIRECTION('',(0.999990995798589,0.00424362130113768,0.));
#13602=DIRECTION('',(0.00424362130113768,-0.999990995798588,0.));
#13603=DIRECTION('',(0.0373961528408503,0.000158696539711634,0.999300506638575));
#13604=DIRECTION('',(0.00424362130113768,-0.999990995798588,0.));
#13605=DIRECTION('',(0.00424362130113768,-0.999990995798588,0.));
#13606=DIRECTION('',(0.999990995798589,0.00424362130113768,0.));
#13607=DIRECTION('',(0.,0.,-1.));
#13608=DIRECTION('',(-1.,0.,0.));
#13609=DIRECTION('',(0.00424362130113768,-0.999990995798588,0.));
#13610=DIRECTION('',(0.999990995798589,0.00424362130113768,0.));
#13611=DIRECTION('',(0.00424362130113768,-0.999990995798588,0.));
#13612=DIRECTION('',(-0.0441054100329835,-0.000187168342812864,0.999026865391434));
#13613=DIRECTION('',(0.00424362130113768,-0.999990995798588,0.));
#13614=DIRECTION('',(0.00424362130113768,-0.999990995798588,0.));
#13615=DIRECTION('',(0.999990995798589,0.00424362130113768,0.));
#13616=DIRECTION('',(0.00424362130113768,-0.999990995798588,0.));
#13617=DIRECTION('',(0.00424362130113768,-0.999990995798588,0.));
#13618=DIRECTION('',(-0.77385606709407,-0.00328398165996894,0.633352984429816));
#13619=DIRECTION('',(0.00424362130113768,-0.999990995798588,0.));
#13620=DIRECTION('',(0.999990995798589,0.00424362130113768,0.));
#13621=DIRECTION('',(-0.00424362130113768,0.999990995798589,0.));
#13622=DIRECTION('',(-0.999990995798589,-0.00424362130113768,0.));
#13623=DIRECTION('',(-0.999990995798588,-0.00424362130113768,0.));
#13624=DIRECTION('',(0.00424362130113768,-0.999990995798589,0.));
#13625=DIRECTION('',(0.00424362130113768,-0.999990995798588,0.));
#13626=DIRECTION('',(0.,0.,-1.));
#13627=DIRECTION('',(0.00424362130113768,-0.999990995798588,0.));
#13628=DIRECTION('',(0.,0.,1.));
#13629=DIRECTION('',(1.,0.,0.));
#13630=DIRECTION('',(0.00424362130113768,-0.999990995798588,0.));
#13631=DIRECTION('',(-0.999990995798589,-0.00424362130113768,0.));
#13632=DIRECTION('',(0.999990995798588,0.00424362130113768,0.));
#13633=DIRECTION('',(-0.00424362130113768,0.999990995798589,0.));
#13634=DIRECTION('',(0.00424362130113768,-0.999990995798588,0.));
#13635=DIRECTION('',(0.,0.,1.));
#13636=DIRECTION('',(0.,0.,-1.));
#13637=DIRECTION('',(-1.,0.,0.));
#13638=DIRECTION('',(0.00424362130113768,-0.999990995798588,0.));
#13639=DIRECTION('',(0.999990995798589,0.00424362130113768,0.));
#13640=DIRECTION('',(0.999990995798588,0.00424362130113768,0.));
#13641=DIRECTION('',(-0.00424362130113768,0.999990995798589,0.));
#13642=DIRECTION('',(0.00424362130113768,-0.999990995798588,0.));
#13643=DIRECTION('',(0.,0.,1.));
#13644=DIRECTION('',(0.,0.,-1.));
#13645=DIRECTION('',(-1.,0.,0.));
#13646=DIRECTION('',(0.00424362130113768,-0.999990995798588,0.));
#13647=DIRECTION('',(0.999990995798589,0.00424362130113768,0.));
#13648=DIRECTION('',(-0.999990995798588,-0.00424362130113768,0.));
#13649=DIRECTION('',(0.00424362130113768,-0.999990995798589,0.));
#13650=DIRECTION('',(0.00424362130113768,-0.999990995798588,0.));
#13651=DIRECTION('',(0.,0.,-1.));
#13652=DIRECTION('',(0.,0.,-1.));
#13653=DIRECTION('',(-1.,0.,0.));
#13654=DIRECTION('',(0.999990995798589,0.00424362130113768,0.));
#13655=DIRECTION('',(-0.00424362130113768,0.999990995798589,0.));
#13656=DIRECTION('',(-0.999990995798589,-0.00424362130113768,0.));
#13657=DIRECTION('',(0.999990995798588,0.00424362130113768,0.));
#13658=DIRECTION('',(-0.00424362130113768,0.999990995798589,0.));
#13659=DIRECTION('',(0.00424362130113768,-0.999990995798588,0.));
#13660=DIRECTION('',(0.,0.,1.));
#13661=DIRECTION('',(0.00424362130113768,-0.999990995798588,0.));
#13662=DIRECTION('',(0.,0.,-1.));
#13663=DIRECTION('',(-1.,0.,0.));
#13664=DIRECTION('',(0.00424362130113768,-0.999990995798588,0.));
#13665=DIRECTION('',(0.999990995798589,0.00424362130113768,0.));
#13666=DIRECTION('',(-0.999990995798588,-0.00424362130113768,0.));
#13667=DIRECTION('',(0.00424362130113768,-0.999990995798589,0.));
#13668=DIRECTION('',(0.00424362130113768,-0.999990995798588,0.));
#13669=DIRECTION('',(0.,0.,-1.));
#13670=DIRECTION('',(0.,0.,1.));
#13671=DIRECTION('',(1.,0.,0.));
#13672=DIRECTION('',(0.00424362130113768,-0.999990995798588,0.));
#13673=DIRECTION('',(-0.999990995798589,-0.00424362130113768,0.));
#13674=DIRECTION('',(-0.999990995798588,-0.00424362130113768,0.));
#13675=DIRECTION('',(0.00424362130113768,-0.999990995798589,0.));
#13676=DIRECTION('',(0.00424362130113768,-0.999990995798588,0.));
#13677=DIRECTION('',(0.,0.,-1.));
#13678=DIRECTION('',(0.,0.,-1.));
#13679=DIRECTION('',(-1.,0.,0.));
#13680=DIRECTION('',(0.00424362130113768,-0.999990995798588,0.));
#13681=DIRECTION('',(0.999990995798589,0.00424362130113768,0.));
#13682=DIRECTION('',(-0.999990995798588,-0.00424362130113768,0.));
#13683=DIRECTION('',(0.00424362130113768,-0.999990995798589,0.));
#13684=DIRECTION('',(0.00424362130113768,-0.999990995798588,0.));
#13685=DIRECTION('',(0.,0.,-1.));
#13686=DIRECTION('',(0.,0.,1.));
#13687=DIRECTION('',(1.,0.,0.));
#13688=DIRECTION('',(0.00424362130113768,-0.999990995798588,0.));
#13689=DIRECTION('',(-0.999990995798589,-0.00424362130113768,0.));
#13690=DIRECTION('',(-0.999990995798588,-0.00424362130113768,0.));
#13691=DIRECTION('',(0.00424362130113768,-0.999990995798589,0.));
#13692=DIRECTION('',(0.00424362130113768,-0.999990995798588,0.));
#13693=DIRECTION('',(0.,0.,-1.));
#13694=DIRECTION('',(0.,0.,-1.));
#13695=DIRECTION('',(-1.,0.,0.));
#13696=DIRECTION('',(0.00424362130113768,-0.999990995798588,0.));
#13697=DIRECTION('',(0.999990995798589,0.00424362130113768,0.));
#13698=DIRECTION('',(-0.999990995798588,-0.00424362130113768,0.));
#13699=DIRECTION('',(0.00424362130113768,-0.999990995798589,0.));
#13700=DIRECTION('',(0.00424362130113768,-0.999990995798588,0.));
#13701=DIRECTION('',(0.,0.,-1.));
#13702=DIRECTION('',(0.,0.,1.));
#13703=DIRECTION('',(1.,0.,0.));
#13704=DIRECTION('',(-0.999990995798589,-0.00424362130113768,0.));
#13705=DIRECTION('',(-0.00424362130113768,0.999990995798589,0.));
#13706=DIRECTION('',(-0.999990995798589,-0.00424362130113768,0.));
#13707=DIRECTION('',(0.,0.,1.));
#13708=DIRECTION('',(1.,0.,0.));
#13709=DIRECTION('',(0.00424362130113768,-0.999990995798588,0.));
#13710=DIRECTION('',(-0.999990995798589,-0.00424362130113768,0.));
#13711=DIRECTION('',(0.00424362130113768,-0.999990995798588,0.));
#13712=DIRECTION('',(0.560843095179854,0.00238002713554491,0.827918690488332));
#13713=DIRECTION('',(0.827921035383079,0.,-0.560844683642638));
#13714=DIRECTION('',(0.00424362130113768,-0.999990995798588,0.));
#13715=DIRECTION('',(-0.827911235741691,-0.0035133733905663,0.560848145169515));
#13716=DIRECTION('',(0.,0.,1.));
#13717=DIRECTION('',(1.,0.,0.));
#13718=DIRECTION('',(0.00424362130113768,-0.999990995798588,0.));
#13719=DIRECTION('',(-0.999990995798589,-0.00424362130113768,0.));
#13720=DIRECTION('',(-0.999990995798588,-0.00424362130113768,0.));
#13721=DIRECTION('',(0.00424362130113768,-0.999990995798589,0.));
#13722=DIRECTION('',(0.00424362130113768,-0.999990995798588,0.));
#13723=DIRECTION('',(0.,0.,-1.));
#13724=DIRECTION('',(0.,0.,1.));
#13725=DIRECTION('',(1.,0.,0.));
#13726=DIRECTION('',(0.00424362130113768,-0.999990995798588,0.));
#13727=DIRECTION('',(-0.999990995798589,-0.00424362130113768,0.));
#13728=DIRECTION('',(0.999990995798588,0.00424362130113768,0.));
#13729=DIRECTION('',(-0.00424362130113768,0.999990995798589,0.));
#13730=DIRECTION('',(0.00424362130113768,-0.999990995798588,0.));
#13731=DIRECTION('',(0.,0.,1.));
#13732=DIRECTION('',(0.,0.,-1.));
#13733=DIRECTION('',(-1.,0.,0.));
#13734=DIRECTION('',(0.00424362130113768,-0.999990995798588,0.));
#13735=DIRECTION('',(0.999990995798589,0.00424362130113768,0.));
#13736=DIRECTION('',(-0.999990995798588,-0.00424362130113768,0.));
#13737=DIRECTION('',(0.00424362130113768,-0.999990995798589,0.));
#13738=DIRECTION('',(0.00424362130113768,-0.999990995798588,0.));
#13739=DIRECTION('',(0.,0.,-1.));
#13740=DIRECTION('',(0.,0.,-1.));
#13741=DIRECTION('',(-1.,0.,0.));
#13742=DIRECTION('',(0.00424362130113768,-0.999990995798588,0.));
#13743=DIRECTION('',(0.999990995798589,0.00424362130113768,0.));
#13744=DIRECTION('',(0.566523721747439,0.00240413378051201,-0.824041924199367));
#13745=DIRECTION('',(-0.824044305632853,0.,-0.566525358968219));
#13746=DIRECTION('',(0.00424362130113768,-0.999990995798588,0.));
#13747=DIRECTION('',(0.82403450435991,0.00349692186256292,0.566528822887066));
#13748=DIRECTION('',(0.,0.,-1.));
#13749=DIRECTION('',(-1.,0.,0.));
#13750=DIRECTION('',(0.00424362130113768,-0.999990995798588,0.));
#13751=DIRECTION('',(0.999990995798589,0.00424362130113768,0.));
#13752=DIRECTION('',(-0.573457180792878,-0.00243355701994057,0.819231920519041));
#13753=DIRECTION('',(0.819234346357361,0.,0.573458878864412));
#13754=DIRECTION('',(0.00424362130113768,-0.999990995798588,0.));
#13755=DIRECTION('',(-0.819224543989826,-0.00347651002848653,-0.573462344363328));
#13756=DIRECTION('',(-0.568575624551199,-0.00241284135736269,-0.822627459645493));
#13757=DIRECTION('',(-0.822629854243627,0.,0.568577279626182));
#13758=DIRECTION('',(0.82262005254216,0.00349091941065239,-0.568580744166738));
#13759=DIRECTION('',(-0.00424362130113768,0.999990995798589,0.));
#13760=DIRECTION('',(-0.999990995798589,-0.00424362130113768,0.));
#13761=DIRECTION('',(0.00424362130113768,-0.999990995798588,0.));
#13762=DIRECTION('',(0.00424362130113768,-0.999990995798588,0.));
#13763=DIRECTION('',(0.,0.,-1.));
#13764=DIRECTION('',(-1.,0.,0.));
#13765=DIRECTION('',(0.00424362130113768,-0.999990995798588,0.));
#13766=DIRECTION('',(0.999990995798589,0.00424362130113768,0.));
#13767=DIRECTION('',(0.00424362130113768,-0.999990995798588,0.));
#13768=DIRECTION('',(-0.996997546740512,-0.00423091812256933,0.0773174697286463));
#13769=DIRECTION('',(0.00424362130113768,-0.999990995798588,0.));
#13770=DIRECTION('',(0.00424362130113768,-0.999990995798588,0.));
#13771=DIRECTION('',(0.999990995798589,0.00424362130113768,0.));
#13772=DIRECTION('',(0.00424362130113768,-0.999990995798588,0.));
#13773=DIRECTION('',(-0.948553397769105,-0.00402533764899099,0.316591611129383));
#13774=DIRECTION('',(0.00424362130113768,-0.999990995798588,0.));
#13775=DIRECTION('',(0.00424362130113768,-0.999990995798588,0.));
#13776=DIRECTION('',(0.999990995798589,0.00424362130113768,0.));
#13777=DIRECTION('',(0.00424362130113768,-0.999990995798588,0.));
#13778=DIRECTION('',(-0.772840555695453,-0.00327967217536199,0.634591773680344));
#13779=DIRECTION('',(0.00424362130113768,-0.999990995798588,0.));
#13780=DIRECTION('',(0.00424362130113768,-0.999990995798588,0.));
#13781=DIRECTION('',(0.999990995798589,0.00424362130113768,0.));
#13782=DIRECTION('',(0.00424362130113768,-0.999990995798588,0.));
#13783=DIRECTION('',(-0.480800728401221,-0.00204035458441011,0.876827518114039));
#13784=DIRECTION('',(0.00424362130113768,-0.999990995798588,0.));
#13785=DIRECTION('',(0.00424362130113768,-0.999990995798588,0.));
#13786=DIRECTION('',(0.999990995798589,0.00424362130113768,0.));
#13787=DIRECTION('',(0.00424362130113768,-0.999990995798588,0.));
#13788=DIRECTION('',(-0.219635532549305,-0.000932058416854317,0.975581551746901));
#13789=DIRECTION('',(0.00424362130113768,-0.999990995798588,0.));
#13790=DIRECTION('',(0.00424362130113768,-0.999990995798588,0.));
#13791=DIRECTION('',(0.999990995798589,0.00424362130113768,0.));
#13792=DIRECTION('',(0.00424362130113768,-0.999990995798588,0.));
#13793=DIRECTION('',(-0.0560415114471538,-0.000237821093114,0.998428411272359));
#13794=DIRECTION('',(0.00424362130113768,-0.999990995798588,0.));
#13795=DIRECTION('',(0.00424362130113768,-0.999990995798588,0.));
#13796=DIRECTION('',(0.999990995798589,0.00424362130113768,0.));
#13797=DIRECTION('',(0.,0.,1.));
#13798=DIRECTION('',(1.,0.,0.));
#13799=DIRECTION('',(0.00424362130113768,-0.999990995798588,0.));
#13800=DIRECTION('',(-0.999990995798589,-0.00424362130113768,0.));
#13801=DIRECTION('',(0.00424362130113768,-0.999990995798588,0.));
#13802=DIRECTION('',(0.0771738424038146,0.000327499510386975,0.997017598035612));
#13803=DIRECTION('',(0.00424362130113768,-0.999990995798588,0.));
#13804=DIRECTION('',(0.00424362130113768,-0.999990995798588,0.));
#13805=DIRECTION('',(0.999990995798589,0.00424362130113768,0.));
#13806=DIRECTION('',(0.00424362130113768,-0.999990995798588,0.));
#13807=DIRECTION('',(0.00424362130113768,-0.999990995798588,0.));
#13808=DIRECTION('',(0.677039922709084,0.00287312690794234,0.735940682528048));
#13809=DIRECTION('',(0.00424362130113768,-0.999990995798588,0.));
#13810=DIRECTION('',(0.00424362130113768,-0.999990995798588,0.));
#13811=DIRECTION('',(0.999990995798589,0.00424362130113768,0.));
#13812=DIRECTION('',(0.00424362130113768,-0.999990995798588,0.));
#13813=DIRECTION('',(0.927003161507329,0.00393388578389511,0.375032882689045));
#13814=DIRECTION('',(0.00424362130113768,-0.999990995798588,0.));
#13815=DIRECTION('',(0.00424362130113768,-0.999990995798588,0.));
#13816=DIRECTION('',(0.999990995798589,0.00424362130113768,0.));
#13817=DIRECTION('',(0.00424362130113768,-0.999990995798588,0.));
#13818=DIRECTION('',(0.99338557708757,0.00421559015319418,0.114748960927998));
#13819=DIRECTION('',(0.00424362130113768,-0.999990995798588,0.));
#13820=DIRECTION('',(0.00424362130113768,-0.999990995798588,0.));
#13821=DIRECTION('',(0.999990995798589,0.00424362130113768,0.));
#13822=DIRECTION('',(0.00424362130113768,-0.999990995798588,0.));
#13823=DIRECTION('',(0.999910535126993,0.0042432798534433,0.0126852795844864));
#13824=DIRECTION('',(0.00424362130113768,-0.999990995798588,0.));
#13825=DIRECTION('',(0.00424362130113768,-0.999990995798588,0.));
#13826=DIRECTION('',(0.999990995798589,0.00424362130113768,0.));
#13827=DIRECTION('',(0.00424362130113768,-0.999990995798588,0.));
#13828=DIRECTION('',(0.999910535126997,0.0042432798534433,-0.0126852795841301));
#13829=DIRECTION('',(0.00424362130113768,-0.999990995798588,0.));
#13830=DIRECTION('',(0.00424362130113768,-0.999990995798588,0.));
#13831=DIRECTION('',(0.999990995798589,0.00424362130113768,0.));
#13832=DIRECTION('',(0.00424362130113768,-0.999990995798588,0.));
#13833=DIRECTION('',(0.99338557708753,0.00421559015319413,-0.114748960928347));
#13834=DIRECTION('',(0.00424362130113768,-0.999990995798588,0.));
#13835=DIRECTION('',(0.00424362130113768,-0.999990995798588,0.));
#13836=DIRECTION('',(0.999990995798589,0.00424362130113768,0.));
#13837=DIRECTION('',(0.00424362130113768,-0.999990995798588,0.));
#13838=DIRECTION('',(0.927003161507194,0.00393388578389307,-0.375032882689381));
#13839=DIRECTION('',(0.00424362130113768,-0.999990995798588,0.));
#13840=DIRECTION('',(0.00424362130113768,-0.999990995798588,0.));
#13841=DIRECTION('',(0.999990995798589,0.00424362130113768,0.));
#13842=DIRECTION('',(0.00424362130113768,-0.999990995798588,0.));
#13843=DIRECTION('',(0.677039922709181,0.00287312690794297,-0.735940682527958));
#13844=DIRECTION('',(0.00424362130113768,-0.999990995798588,0.));
#13845=DIRECTION('',(0.00424362130113768,-0.999990995798588,0.));
#13846=DIRECTION('',(0.999990995798589,0.00424362130113768,0.));
#13847=DIRECTION('',(0.00424362130113768,-0.999990995798588,0.));
#13848=DIRECTION('',(0.00424362130113768,-0.999990995798588,0.));
#13849=DIRECTION('',(0.077173842403583,0.000327499510386186,-0.99701759803563));
#13850=DIRECTION('',(0.00424362130113768,-0.999990995798588,0.));
#13851=DIRECTION('',(0.00424362130113768,-0.999990995798588,0.));
#13852=DIRECTION('',(0.999990995798589,0.00424362130113768,0.));
#13853=DIRECTION('',(0.,0.,-1.));
#13854=DIRECTION('',(-1.,0.,0.));
#13855=DIRECTION('',(0.00424362130113768,-0.999990995798588,0.));
#13856=DIRECTION('',(0.999990995798589,0.00424362130113768,0.));
#13857=DIRECTION('',(0.00424362130113768,-0.999990995798588,0.));
#13858=DIRECTION('',(-0.0560415114474038,-0.00023782109311519,-0.998428411272345));
#13859=DIRECTION('',(0.00424362130113768,-0.999990995798588,0.));
#13860=DIRECTION('',(0.00424362130113768,-0.999990995798588,0.));
#13861=DIRECTION('',(0.999990995798589,0.00424362130113768,0.));
#13862=DIRECTION('',(0.00424362130113768,-0.999990995798588,0.));
#13863=DIRECTION('',(-0.22542994675512,-0.000956647937814615,-0.974258910111017));
#13864=DIRECTION('',(0.00424362130113768,-0.999990995798588,0.));
#13865=DIRECTION('',(0.00424362130113768,-0.999990995798588,0.));
#13866=DIRECTION('',(0.999990995798589,0.00424362130113768,0.));
#13867=DIRECTION('',(0.00424362130113768,-0.999990995798588,0.));
#13868=DIRECTION('',(-0.496378482268055,-0.00210646126778044,-0.868103660378292));
#13869=DIRECTION('',(0.00424362130113768,-0.999990995798588,0.));
#13870=DIRECTION('',(0.00424362130113768,-0.999990995798588,0.));
#13871=DIRECTION('',(0.999990995798589,0.00424362130113768,0.));
#13872=DIRECTION('',(0.00424362130113768,-0.999990995798588,0.));
#13873=DIRECTION('',(-0.788542585545937,-0.00334630624369178,-0.614971050550391));
#13874=DIRECTION('',(0.00424362130113768,-0.999990995798588,0.));
#13875=DIRECTION('',(0.00424362130113768,-0.999990995798588,0.));
#13876=DIRECTION('',(0.999990995798589,0.00424362130113768,0.));
#13877=DIRECTION('',(0.00424362130113768,-0.999990995798588,0.));
#13878=DIRECTION('',(-0.954390089574804,-0.00405010658168896,-0.298535012281765));
#13879=DIRECTION('',(0.00424362130113768,-0.999990995798588,0.));
#13880=DIRECTION('',(0.00424362130113768,-0.999990995798588,0.));
#13881=DIRECTION('',(0.999990995798589,0.00424362130113768,0.));
#13882=DIRECTION('',(0.00424362130113768,-0.999990995798588,0.));
#13883=DIRECTION('',(-0.997426614904365,-0.00423273894176384,-0.0715697687677592));
#13884=DIRECTION('',(0.00424362130113768,-0.999990995798588,0.));
#13885=DIRECTION('',(0.00424362130113768,-0.999990995798588,0.));
#13886=DIRECTION('',(0.999990995798589,0.00424362130113768,0.));
#13887=DIRECTION('',(0.,0.,1.));
#13888=DIRECTION('',(1.,0.,0.));
#13889=DIRECTION('',(0.00424362130113768,-0.999990995798588,0.));
#13890=DIRECTION('',(-0.999990995798589,-0.00424362130113768,0.));
#13891=DIRECTION('',(0.00424362130113768,-0.999990995798588,0.));
#13892=DIRECTION('',(-0.998579182495338,-0.00423763004618434,-0.0531192881968005));
#13893=DIRECTION('',(0.00424362130113768,-0.999990995798588,0.));
#13894=DIRECTION('',(0.00424362130113768,-0.999990995798588,0.));
#13895=DIRECTION('',(0.999990995798589,0.00424362130113768,0.));
#13896=DIRECTION('',(0.00424362130113768,-0.999990995798588,0.));
#13897=DIRECTION('',(-0.966015722099386,-0.00409944180773399,-0.258450806215937));
#13898=DIRECTION('',(0.00424362130113768,-0.999990995798588,0.));
#13899=DIRECTION('',(0.00424362130113768,-0.999990995798588,0.));
#13900=DIRECTION('',(0.999990995798589,0.00424362130113768,0.));
#13901=DIRECTION('',(0.00424362130113768,-0.999990995798588,0.));
#13902=DIRECTION('',(-0.790219170246894,-0.00335342109830559,-0.612815157728044));
#13903=DIRECTION('',(0.00424362130113768,-0.999990995798588,0.));
#13904=DIRECTION('',(0.00424362130113768,-0.999990995798588,0.));
#13905=DIRECTION('',(0.999990995798589,0.00424362130113768,0.));
#13906=DIRECTION('',(0.00424362130113768,-0.999990995798588,0.));
#13907=DIRECTION('',(-0.440021118019401,-0.00186729980292,-0.89798548367354));
#13908=DIRECTION('',(0.00424362130113768,-0.999990995798588,0.));
#13909=DIRECTION('',(0.00424362130113768,-0.999990995798588,0.));
#13910=DIRECTION('',(0.999990995798589,0.00424362130113768,0.));
#13911=DIRECTION('',(0.00424362130113768,-0.999990995798588,0.));
#13912=DIRECTION('',(-0.162829869341197,-0.000690994523852082,-0.98665391915144));
#13913=DIRECTION('',(0.00424362130113768,-0.999990995798588,0.));
#13914=DIRECTION('',(0.00424362130113768,-0.999990995798588,0.));
#13915=DIRECTION('',(0.999990995798589,0.00424362130113768,0.));
#13916=DIRECTION('',(0.00424362130113768,-0.999990995798588,0.));
#13917=DIRECTION('',(-0.033408200099633,-0.000141773026128458,-0.999441780228599));
#13918=DIRECTION('',(0.00424362130113768,-0.999990995798588,0.));
#13919=DIRECTION('',(0.00424362130113768,-0.999990995798588,0.));
#13920=DIRECTION('',(0.999990995798589,0.00424362130113768,0.));
#13921=DIRECTION('',(0.,0.,1.));
#13922=DIRECTION('',(1.,0.,0.));
#13923=DIRECTION('',(0.00424362130113768,-0.999990995798588,0.));
#13924=DIRECTION('',(-0.999990995798589,-0.00424362130113768,0.));
#13925=DIRECTION('',(0.00424362130113768,-0.999990995798588,0.));
#13926=DIRECTION('',(0.0373961528408072,0.000158696539711577,-0.999300506638576));
#13927=DIRECTION('',(0.00424362130113768,-0.999990995798588,0.));
#13928=DIRECTION('',(0.00424362130113768,-0.999990995798588,0.));
#13929=DIRECTION('',(0.999990995798589,0.00424362130113768,0.));
#13930=DIRECTION('',(0.00424362130113768,-0.999990995798588,0.));
#13931=DIRECTION('',(0.215329778632812,0.000913786263290411,-0.97654096249395));
#13932=DIRECTION('',(0.00424362130113768,-0.999990995798588,0.));
#13933=DIRECTION('',(0.00424362130113768,-0.999990995798588,0.));
#13934=DIRECTION('',(0.999990995798589,0.00424362130113768,0.));
#13935=DIRECTION('',(0.00424362130113768,-0.999990995798588,0.));
#13936=DIRECTION('',(0.607861030951779,0.00257955524591193,-0.794039238920202));
#13937=DIRECTION('',(0.00424362130113768,-0.999990995798588,0.));
#13938=DIRECTION('',(0.00424362130113768,-0.999990995798588,0.));
#13939=DIRECTION('',(0.999990995798589,0.00424362130113768,0.));
#13940=DIRECTION('',(0.00424362130113768,-0.999990995798588,0.));
#13941=DIRECTION('',(0.92734013291132,0.00393531577579951,-0.37419886582105));
#13942=DIRECTION('',(0.00424362130113768,-0.999990995798588,0.));
#13943=DIRECTION('',(0.00424362130113768,-0.999990995798588,0.));
#13944=DIRECTION('',(0.999990995798589,0.00424362130113768,0.));
#13945=DIRECTION('',(0.00424362130113768,-0.999990995798588,0.));
#13946=DIRECTION('',(0.995103191605027,0.00422287912437946,-0.0987512296095061));
#13947=DIRECTION('',(0.00424362130113768,-0.999990995798588,0.));
#13948=DIRECTION('',(0.00424362130113768,-0.999990995798588,0.));
#13949=DIRECTION('',(0.999990995798589,0.00424362130113768,0.));
#13950=DIRECTION('',(0.00424362130113768,-0.999990995798588,0.));
#13951=DIRECTION('',(0.999930631227049,0.00424336513444948,-0.0109875650720094));
#13952=DIRECTION('',(0.00424362130113768,-0.999990995798588,0.));
#13953=DIRECTION('',(0.00424362130113768,-0.999990995798588,0.));
#13954=DIRECTION('',(0.999990995798589,0.00424362130113768,0.));
#13955=DIRECTION('',(0.00424362130113768,-0.999990995798588,0.));
#13956=DIRECTION('',(0.999951143285337,0.00424345218064073,0.00892771840610353));
#13957=DIRECTION('',(0.00424362130113768,-0.999990995798588,0.));
#13958=DIRECTION('',(0.00424362130113768,-0.999990995798588,0.));
#13959=DIRECTION('',(0.999990995798589,0.00424362130113768,0.));
#13960=DIRECTION('',(0.00424362130113768,-0.999990995798588,0.));
#13961=DIRECTION('',(0.995356010628794,0.0042239520022342,0.0961694875447224));
#13962=DIRECTION('',(0.00424362130113768,-0.999990995798588,0.));
#13963=DIRECTION('',(0.00424362130113768,-0.999990995798588,0.));
#13964=DIRECTION('',(0.999990995798589,0.00424362130113768,0.));
#13965=DIRECTION('',(0.00424362130113768,-0.999990995798588,0.));
#13966=DIRECTION('',(0.925953075418839,0.00392942957607758,0.37761814271245));
#13967=DIRECTION('',(0.00424362130113768,-0.999990995798588,0.));
#13968=DIRECTION('',(0.00424362130113768,-0.999990995798588,0.));
#13969=DIRECTION('',(0.999990995798589,0.00424362130113768,0.));
#13970=DIRECTION('',(0.00424362130113768,-0.999990995798588,0.));
#13971=DIRECTION('',(0.605471670946468,0.0025694156155981,0.79586271038709));
#13972=DIRECTION('',(0.00424362130113768,-0.999990995798588,0.));
#13973=DIRECTION('',(0.00424362130113768,-0.999990995798588,0.));
#13974=DIRECTION('',(0.999990995798589,0.00424362130113768,0.));
#13975=DIRECTION('',(0.00424362130113768,-0.999990995798588,0.));
#13976=DIRECTION('',(0.215329778632696,0.000913786263290223,0.976540962493975));
#13977=DIRECTION('',(0.00424362130113768,-0.999990995798588,0.));
#13978=DIRECTION('',(0.00424362130113768,-0.999990995798588,0.));
#13979=DIRECTION('',(0.999990995798589,0.00424362130113768,0.));
#13980=DIRECTION('',(0.00424362130113768,-0.999990995798588,0.));
#13981=DIRECTION('',(0.0373961528409623,0.000158696539712058,0.999300506638571));
#13982=DIRECTION('',(0.00424362130113768,-0.999990995798588,0.));
#13983=DIRECTION('',(0.00424362130113768,-0.999990995798588,0.));
#13984=DIRECTION('',(0.999990995798589,0.00424362130113768,0.));
#13985=DIRECTION('',(0.,0.,-1.));
#13986=DIRECTION('',(-1.,0.,0.));
#13987=DIRECTION('',(0.00424362130113768,-0.999990995798588,0.));
#13988=DIRECTION('',(0.999990995798589,0.00424362130113768,0.));
#13989=DIRECTION('',(0.00424362130113768,-0.999990995798588,0.));
#13990=DIRECTION('',(-0.0441054100328103,-0.000187168342811948,0.999026865391441));
#13991=DIRECTION('',(0.00424362130113768,-0.999990995798588,0.));
#13992=DIRECTION('',(0.00424362130113768,-0.999990995798588,0.));
#13993=DIRECTION('',(0.999990995798589,0.00424362130113768,0.));
#13994=DIRECTION('',(0.00424362130113768,-0.999990995798588,0.));
#13995=DIRECTION('',(0.00424362130113768,-0.999990995798588,0.));
#13996=DIRECTION('',(-0.77385606709611,-0.00328398165997421,0.633352984427323));
#13997=DIRECTION('',(0.00424362130113768,-0.999990995798588,0.));
#13998=DIRECTION('',(0.999990995798589,0.00424362130113768,0.));
#13999=DIRECTION('',(-0.00424362130113768,0.999990995798589,0.));
#14000=DIRECTION('',(-0.999990995798589,-0.00424362130113768,0.));
#14001=DIRECTION('',(0.00424362130113768,-0.999990995798588,0.));
#14002=DIRECTION('',(-0.0375068834572136,-0.000159166442745033,-0.999296356622684));
#14003=DIRECTION('',(0.00424362130113768,-0.999990995798588,0.));
#14004=DIRECTION('',(0.999990995798589,0.00424362130113768,0.));
#14005=DIRECTION('',(0.00424362130113768,-0.999990995798588,0.));
#14006=DIRECTION('',(0.00424362130113768,-0.999990995798588,0.));
#14007=DIRECTION('',(0.999990995798589,0.00424362130113768,0.));
#14008=DIRECTION('',(0.00424362130113768,-0.999990995798588,0.));
#14009=DIRECTION('',(0.,0.,1.));
#14010=DIRECTION('',(1.,0.,0.));
#14011=DIRECTION('',(-0.999990995798589,-0.00424362130113768,0.));
#14012=DIRECTION('',(0.00424362130113768,-0.999990995798588,0.));
#14013=DIRECTION('',(-0.999990995798589,-0.00424362130113768,0.));
#14014=DIRECTION('',(0.00424362130113768,-0.999990995798588,0.));
#14015=DIRECTION('',(0.0373961528406966,0.000158696539711005,-0.99930050663858));
#14016=DIRECTION('',(0.00424362130113768,-0.999990995798588,0.));
#14017=DIRECTION('',(0.999990995798589,0.00424362130113768,0.));
#14018=DIRECTION('',(0.00424362130113768,-0.999990995798588,0.));
#14019=DIRECTION('',(0.00424362130113768,-0.999990995798588,0.));
#14020=DIRECTION('',(0.999990995798589,0.00424362130113768,0.));
#14021=DIRECTION('',(0.00424362130113768,-0.999990995798588,0.));
#14022=DIRECTION('',(0.21532977863183,0.000913786263287294,-0.976540962494166));
#14023=DIRECTION('',(0.00424362130113768,-0.999990995798588,0.));
#14024=DIRECTION('',(0.999990995798589,0.00424362130113768,0.));
#14025=DIRECTION('',(0.00424362130113768,-0.999990995798588,0.));
#14026=DIRECTION('',(0.00424362130113768,-0.999990995798588,0.));
#14027=DIRECTION('',(0.999990995798589,0.00424362130113768,0.));
#14028=DIRECTION('',(0.00424362130113768,-0.999990995798588,0.));
#14029=DIRECTION('',(0.607861030953417,0.00257955524592116,-0.794039238918948));
#14030=DIRECTION('',(0.00424362130113768,-0.999990995798588,0.));
#14031=DIRECTION('',(0.999990995798589,0.00424362130113768,0.));
#14032=DIRECTION('',(0.00424362130113768,-0.999990995798588,0.));
#14033=DIRECTION('',(0.00424362130113768,-0.999990995798588,0.));
#14034=DIRECTION('',(0.999990995798589,0.00424362130113768,0.));
#14035=DIRECTION('',(0.00424362130113768,-0.999990995798588,0.));
#14036=DIRECTION('',(0.92734013291175,0.00393531577580097,-0.374198865819984));
#14037=DIRECTION('',(0.00424362130113768,-0.999990995798588,0.));
#14038=DIRECTION('',(0.999990995798589,0.00424362130113768,0.));
#14039=DIRECTION('',(0.00424362130113768,-0.999990995798588,0.));
#14040=DIRECTION('',(0.00424362130113768,-0.999990995798588,0.));
#14041=DIRECTION('',(0.999990995798589,0.00424362130113768,0.));
#14042=DIRECTION('',(0.00424362130113768,-0.999990995798588,0.));
#14043=DIRECTION('',(0.995103191605014,0.00422287912437911,-0.0987512296096374));
#14044=DIRECTION('',(0.00424362130113768,-0.999990995798588,0.));
#14045=DIRECTION('',(0.999990995798589,0.00424362130113768,0.));
#14046=DIRECTION('',(0.00424362130113768,-0.999990995798588,0.));
#14047=DIRECTION('',(0.00424362130113768,-0.999990995798588,0.));
#14048=DIRECTION('',(0.999990995798589,0.00424362130113768,0.));
#14049=DIRECTION('',(0.00424362130113768,-0.999990995798588,0.));
#14050=DIRECTION('',(0.999930631227011,0.0042433651344493,-0.0109875650754457));
#14051=DIRECTION('',(0.00424362130113768,-0.999990995798588,0.));
#14052=DIRECTION('',(0.999990995798589,0.00424362130113768,0.));
#14053=DIRECTION('',(0.00424362130113768,-0.999990995798588,0.));
#14054=DIRECTION('',(0.00424362130113768,-0.999990995798588,0.));
#14055=DIRECTION('',(0.999990995798589,0.00424362130113768,0.));
#14056=DIRECTION('',(0.00424362130113768,-0.999990995798588,0.));
#14057=DIRECTION('',(0.99995114328534,0.00424345218064073,0.00892771840573493));
#14058=DIRECTION('',(0.00424362130113768,-0.999990995798588,0.));
#14059=DIRECTION('',(0.999990995798589,0.00424362130113768,0.));
#14060=DIRECTION('',(0.00424362130113768,-0.999990995798588,0.));
#14061=DIRECTION('',(0.00424362130113768,-0.999990995798588,0.));
#14062=DIRECTION('',(0.999990995798589,0.00424362130113768,0.));
#14063=DIRECTION('',(0.00424362130113768,-0.999990995798588,0.));
#14064=DIRECTION('',(0.995356010628451,0.00422395200223262,0.0961694875482739));
#14065=DIRECTION('',(0.00424362130113768,-0.999990995798588,0.));
#14066=DIRECTION('',(0.999990995798589,0.00424362130113768,0.));
#14067=DIRECTION('',(0.00424362130113768,-0.999990995798588,0.));
#14068=DIRECTION('',(0.00424362130113768,-0.999990995798588,0.));
#14069=DIRECTION('',(0.999990995798589,0.00424362130113768,0.));
#14070=DIRECTION('',(0.00424362130113768,-0.999990995798588,0.));
#14071=DIRECTION('',(0.925953075418983,0.00392942957607651,0.377618142712096));
#14072=DIRECTION('',(0.00424362130113768,-0.999990995798588,0.));
#14073=DIRECTION('',(0.999990995798589,0.00424362130113768,0.));
#14074=DIRECTION('',(0.00424362130113768,-0.999990995798588,0.));
#14075=DIRECTION('',(0.00424362130113768,-0.999990995798588,0.));
#14076=DIRECTION('',(0.999990995798589,0.00424362130113768,0.));
#14077=DIRECTION('',(0.00424362130113768,-0.999990995798588,0.));
#14078=DIRECTION('',(0.605471670946443,0.00256941561560144,0.795862710387109));
#14079=DIRECTION('',(0.00424362130113768,-0.999990995798588,0.));
#14080=DIRECTION('',(0.999990995798589,0.00424362130113768,0.));
#14081=DIRECTION('',(0.00424362130113768,-0.999990995798588,0.));
#14082=DIRECTION('',(0.00424362130113768,-0.999990995798588,0.));
#14083=DIRECTION('',(0.999990995798589,0.00424362130113768,0.));
#14084=DIRECTION('',(0.00424362130113768,-0.999990995798588,0.));
#14085=DIRECTION('',(0.215329778634818,0.000913786263299081,0.976540962493507));
#14086=DIRECTION('',(0.00424362130113768,-0.999990995798588,0.));
#14087=DIRECTION('',(0.999990995798589,0.00424362130113768,0.));
#14088=DIRECTION('',(0.00424362130113768,-0.999990995798588,0.));
#14089=DIRECTION('',(0.00424362130113768,-0.999990995798588,0.));
#14090=DIRECTION('',(0.999990995798589,0.00424362130113768,0.));
#14091=DIRECTION('',(0.00424362130113768,-0.999990995798588,0.));
#14092=DIRECTION('',(0.0373961528408338,0.000158696539711495,0.999300506638575));
#14093=DIRECTION('',(0.00424362130113768,-0.999990995798588,0.));
#14094=DIRECTION('',(0.999990995798589,0.00424362130113768,0.));
#14095=DIRECTION('',(0.00424362130113768,-0.999990995798588,0.));
#14096=DIRECTION('',(0.00424362130113768,-0.999990995798588,0.));
#14097=DIRECTION('',(0.999990995798589,0.00424362130113768,0.));
#14098=DIRECTION('',(0.,0.,-1.));
#14099=DIRECTION('',(-1.,0.,0.));
#14100=DIRECTION('',(0.999990995798589,0.00424362130113768,0.));
#14101=DIRECTION('',(0.00424362130113768,-0.999990995798588,0.));
#14102=DIRECTION('',(0.999990995798589,0.00424362130113768,0.));
#14103=DIRECTION('',(0.00424362130113768,-0.999990995798588,0.));
#14104=DIRECTION('',(-0.0373961528406228,-0.000158696539710742,0.999300506638583));
#14105=DIRECTION('',(0.00424362130113768,-0.999990995798588,0.));
#14106=DIRECTION('',(0.999990995798589,0.00424362130113768,0.));
#14107=DIRECTION('',(0.00424362130113768,-0.999990995798588,0.));
#14108=DIRECTION('',(0.00424362130113768,-0.999990995798588,0.));
#14109=DIRECTION('',(0.999990995798589,0.00424362130113768,0.));
#14110=DIRECTION('',(0.00424362130113768,-0.999990995798588,0.));
#14111=DIRECTION('',(-0.216229504032156,-0.000917604391540098,0.976342132445481));
#14112=DIRECTION('',(0.00424362130113768,-0.999990995798588,0.));
#14113=DIRECTION('',(0.999990995798589,0.00424362130113768,0.));
#14114=DIRECTION('',(0.00424362130113768,-0.999990995798588,0.));
#14115=DIRECTION('',(0.00424362130113768,-0.999990995798588,0.));
#14116=DIRECTION('',(0.999990995798589,0.00424362130113768,0.));
#14117=DIRECTION('',(0.00424362130113768,-0.999990995798588,0.));
#14118=DIRECTION('',(-0.607241898094842,-0.0025769278568739,0.794512829752292));
#14119=DIRECTION('',(0.00424362130113768,-0.999990995798588,0.));
#14120=DIRECTION('',(0.999990995798589,0.00424362130113768,0.));
#14121=DIRECTION('',(0.00424362130113768,-0.999990995798588,0.));
#14122=DIRECTION('',(0.00424362130113768,-0.999990995798588,0.));
#14123=DIRECTION('',(0.999990995798589,0.00424362130113768,0.));
#14124=DIRECTION('',(0.00424362130113768,-0.999990995798588,0.));
#14125=DIRECTION('',(-0.925953075417202,-0.00392942957607022,0.377618142716466));
#14126=DIRECTION('',(0.00424362130113768,-0.999990995798588,0.));
#14127=DIRECTION('',(0.999990995798589,0.00424362130113768,0.));
#14128=DIRECTION('',(0.00424362130113768,-0.999990995798588,0.));
#14129=DIRECTION('',(0.00424362130113768,-0.999990995798588,0.));
#14130=DIRECTION('',(0.999990995798589,0.00424362130113768,0.));
#14131=DIRECTION('',(0.00424362130113768,-0.999990995798588,0.));
#14132=DIRECTION('',(-0.995103191605183,-0.00422287912438006,0.0987512296079341));
#14133=DIRECTION('',(0.00424362130113768,-0.999990995798588,0.));
#14134=DIRECTION('',(0.999990995798589,0.00424362130113768,0.));
#14135=DIRECTION('',(0.00424362130113768,-0.999990995798588,0.));
#14136=DIRECTION('',(0.00424362130113768,-0.999990995798588,0.));
#14137=DIRECTION('',(0.999990995798589,0.00424362130113768,0.));
#14138=DIRECTION('',(0.00424362130113768,-0.999990995798588,0.));
#14139=DIRECTION('',(-0.999930631227001,-0.00424336513444927,0.0109875650763424));
#14140=DIRECTION('',(0.00424362130113768,-0.999990995798588,0.));
#14141=DIRECTION('',(0.999990995798589,0.00424362130113768,0.));
#14142=DIRECTION('',(0.00424362130113768,-0.999990995798588,0.));
#14143=DIRECTION('',(0.00424362130113768,-0.999990995798588,0.));
#14144=DIRECTION('',(0.999990995798589,0.00424362130113768,0.));
#14145=DIRECTION('',(0.00424362130113768,-0.999990995798588,0.));
#14146=DIRECTION('',(-0.999930631227009,-0.00424336513444928,-0.0109875650756246));
#14147=DIRECTION('',(0.00424362130113768,-0.999990995798588,0.));
#14148=DIRECTION('',(0.999990995798589,0.00424362130113768,0.));
#14149=DIRECTION('',(0.00424362130113768,-0.999990995798588,0.));
#14150=DIRECTION('',(0.00424362130113768,-0.999990995798588,0.));
#14151=DIRECTION('',(0.999990995798589,0.00424362130113768,0.));
#14152=DIRECTION('',(0.00424362130113768,-0.999990995798588,0.));
#14153=DIRECTION('',(-0.995103191604945,-0.00422287912437937,-0.0987512296103367));
#14154=DIRECTION('',(0.00424362130113768,-0.999990995798588,0.));
#14155=DIRECTION('',(0.999990995798589,0.00424362130113768,0.));
#14156=DIRECTION('',(0.00424362130113768,-0.999990995798588,0.));
#14157=DIRECTION('',(0.00424362130113768,-0.999990995798588,0.));
#14158=DIRECTION('',(0.999990995798589,0.00424362130113768,0.));
#14159=DIRECTION('',(0.00424362130113768,-0.999990995798588,0.));
#14160=DIRECTION('',(-0.925953075417338,-0.00392942957606976,-0.37761814271613));
#14161=DIRECTION('',(0.00424362130113768,-0.999990995798588,0.));
#14162=DIRECTION('',(0.999990995798589,0.00424362130113768,0.));
#14163=DIRECTION('',(0.00424362130113768,-0.999990995798588,0.));
#14164=DIRECTION('',(0.00424362130113768,-0.999990995798588,0.));
#14165=DIRECTION('',(0.999990995798589,0.00424362130113768,0.));
#14166=DIRECTION('',(0.00424362130113768,-0.999990995798588,0.));
#14167=DIRECTION('',(-0.605471670944372,-0.00256941561559113,-0.795862710388686));
#14168=DIRECTION('',(0.00424362130113768,-0.999990995798588,0.));
#14169=DIRECTION('',(0.999990995798589,0.00424362130113768,0.));
#14170=DIRECTION('',(0.00424362130113768,-0.999990995798588,0.));
#14171=DIRECTION('',(0.00424362130113768,-0.999990995798588,0.));
#14172=DIRECTION('',(0.999990995798589,0.00424362130113768,0.));
#14173=DIRECTION('',(0.00424362130113768,-0.999990995798588,0.));
#14174=DIRECTION('',(-0.0771738424030612,-0.000327499510383792,0.997017598035671));
#14175=DIRECTION('',(0.00424362130113768,-0.999990995798588,0.));
#14176=DIRECTION('',(0.00424362130113768,-0.999990995798588,0.));
#14177=DIRECTION('',(0.999990995798589,0.00424362130113768,0.));
#14178=DIRECTION('',(0.00424362130113768,-0.999990995798588,0.));
#14179=DIRECTION('',(0.,0.,1.));
#14180=DIRECTION('',(1.,0.,0.));
#14181=DIRECTION('',(0.00424362130113768,-0.999990995798588,0.));
#14182=DIRECTION('',(-0.999990995798589,-0.00424362130113768,0.));
#14183=DIRECTION('',(0.00424362130113768,-0.999990995798588,0.));
#14184=DIRECTION('',(0.0771738424040312,0.000327499510387883,0.997017598035596));
#14185=DIRECTION('',(0.00424362130113768,-0.999990995798588,0.));
#14186=DIRECTION('',(0.00424362130113768,-0.999990995798588,0.));
#14187=DIRECTION('',(0.999990995798589,0.00424362130113768,0.));
#14188=DIRECTION('',(0.00424362130113768,-0.999990995798588,0.));
#14189=DIRECTION('',(0.00424362130113768,-0.999990995798588,0.));
#14190=DIRECTION('',(0.677039922711203,0.00287312690795074,0.735940682526098));
#14191=DIRECTION('',(0.00424362130113768,-0.999990995798588,0.));
#14192=DIRECTION('',(0.00424362130113768,-0.999990995798588,0.));
#14193=DIRECTION('',(0.999990995798589,0.00424362130113768,0.));
#14194=DIRECTION('',(0.00424362130113768,-0.999990995798588,0.));
#14195=DIRECTION('',(0.927003161508475,0.00393388578389962,0.375032882686214));
#14196=DIRECTION('',(0.00424362130113768,-0.999990995798588,0.));
#14197=DIRECTION('',(0.00424362130113768,-0.999990995798588,0.));
#14198=DIRECTION('',(0.999990995798589,0.00424362130113768,0.));
#14199=DIRECTION('',(0.00424362130113768,-0.999990995798588,0.));
#14200=DIRECTION('',(0.993385577087587,0.00421559015319474,0.114748960927856));
#14201=DIRECTION('',(0.00424362130113768,-0.999990995798588,0.));
#14202=DIRECTION('',(0.00424362130113768,-0.999990995798588,0.));
#14203=DIRECTION('',(0.999990995798589,0.00424362130113768,0.));
#14204=DIRECTION('',(0.00424362130113768,-0.999990995798588,0.));
#14205=DIRECTION('',(0.999910535126994,0.00424327985344336,0.0126852795843519));
#14206=DIRECTION('',(0.00424362130113768,-0.999990995798588,0.));
#14207=DIRECTION('',(0.00424362130113768,-0.999990995798588,0.));
#14208=DIRECTION('',(0.999990995798589,0.00424362130113768,0.));
#14209=DIRECTION('',(0.00424362130113768,-0.999990995798588,0.));
#14210=DIRECTION('',(0.999910535126994,0.00424327985344335,-0.0126852795843961));
#14211=DIRECTION('',(0.00424362130113768,-0.999990995798588,0.));
#14212=DIRECTION('',(0.00424362130113768,-0.999990995798588,0.));
#14213=DIRECTION('',(0.999990995798589,0.00424362130113768,0.));
#14214=DIRECTION('',(0.00424362130113768,-0.999990995798588,0.));
#14215=DIRECTION('',(0.993385577087597,0.00421559015319497,-0.114748960927763));
#14216=DIRECTION('',(0.00424362130113768,-0.999990995798588,0.));
#14217=DIRECTION('',(0.00424362130113768,-0.999990995798588,0.));
#14218=DIRECTION('',(0.999990995798589,0.00424362130113768,0.));
#14219=DIRECTION('',(0.00424362130113768,-0.999990995798588,0.));
#14220=DIRECTION('',(0.927003161508467,0.00393388578389939,-0.375032882686234));
#14221=DIRECTION('',(0.00424362130113768,-0.999990995798588,0.));
#14222=DIRECTION('',(0.00424362130113768,-0.999990995798588,0.));
#14223=DIRECTION('',(0.999990995798589,0.00424362130113768,0.));
#14224=DIRECTION('',(0.00424362130113768,-0.999990995798588,0.));
#14225=DIRECTION('',(0.677039922711236,0.00287312690795233,-0.735940682526067));
#14226=DIRECTION('',(0.00424362130113768,-0.999990995798588,0.));
#14227=DIRECTION('',(0.00424362130113768,-0.999990995798588,0.));
#14228=DIRECTION('',(0.999990995798589,0.00424362130113768,0.));
#14229=DIRECTION('',(0.00424362130113768,-0.999990995798588,0.));
#14230=DIRECTION('',(0.00424362130113768,-0.999990995798588,0.));
#14231=DIRECTION('',(0.0771738424038952,0.000327499510387537,-0.997017598035606));
#14232=DIRECTION('',(0.00424362130113768,-0.999990995798588,0.));
#14233=DIRECTION('',(0.00424362130113768,-0.999990995798588,0.));
#14234=DIRECTION('',(0.999990995798589,0.00424362130113768,0.));
#14235=DIRECTION('',(0.,0.,-1.));
#14236=DIRECTION('',(-1.,0.,0.));
#14237=DIRECTION('',(0.00424362130113768,-0.999990995798588,0.));
#14238=DIRECTION('',(0.999990995798589,0.00424362130113768,0.));
#14239=DIRECTION('',(0.00424362130113768,-0.999990995798588,0.));
#14240=DIRECTION('',(-0.077173842403076,-0.00032749951038374,-0.99701759803567));
#14241=DIRECTION('',(0.00424362130113768,-0.999990995798588,0.));
#14242=DIRECTION('',(0.00424362130113768,-0.999990995798588,0.));
#14243=DIRECTION('',(0.999990995798589,0.00424362130113768,0.));
#14244=DIRECTION('',(0.00424362130113768,-0.999990995798588,0.));
#14245=DIRECTION('',(0.00424362130113768,-0.999990995798588,0.));
#14246=DIRECTION('',(-0.678654260718619,-0.00287997760879204,-0.734452244967253));
#14247=DIRECTION('',(0.00424362130113768,-0.999990995798588,0.));
#14248=DIRECTION('',(0.00424362130113768,-0.999990995798588,0.));
#14249=DIRECTION('',(0.999990995798589,0.00424362130113768,0.));
#14250=DIRECTION('',(0.00424362130113768,-0.999990995798588,0.));
#14251=DIRECTION('',(-0.927992476533525,-0.00393808410001491,-0.37257811931298));
#14252=DIRECTION('',(0.00424362130113768,-0.999990995798588,0.));
#14253=DIRECTION('',(0.00424362130113768,-0.999990995798588,0.));
#14254=DIRECTION('',(0.999990995798589,0.00424362130113768,0.));
#14255=DIRECTION('',(0.00424362130113768,-0.999990995798588,0.));
#14256=DIRECTION('',(-0.993120680009603,-0.00421446602019032,-0.117019456559277));
#14257=DIRECTION('',(0.00424362130113768,-0.999990995798588,0.));
#14258=DIRECTION('',(0.00424362130113768,-0.999990995798588,0.));
#14259=DIRECTION('',(0.999990995798589,0.00424362130113768,0.));
#14260=DIRECTION('',(0.00424362130113768,-0.999990995798588,0.));
#14261=DIRECTION('',(-0.999883129287201,-0.00424316355239065,-0.0146875229328325));
#14262=DIRECTION('',(0.00424362130113768,-0.999990995798588,0.));
#14263=DIRECTION('',(0.00424362130113768,-0.999990995798588,0.));
#14264=DIRECTION('',(0.999990995798589,0.00424362130113768,0.));
#14265=DIRECTION('',(0.00424362130113768,-0.999990995798588,0.));
#14266=DIRECTION('',(-0.999883129287187,-0.00424316355239056,0.0146875229337443));
#14267=DIRECTION('',(0.00424362130113768,-0.999990995798588,0.));
#14268=DIRECTION('',(0.00424362130113768,-0.999990995798588,0.));
#14269=DIRECTION('',(0.999990995798589,0.00424362130113768,0.));
#14270=DIRECTION('',(0.00424362130113768,-0.999990995798588,0.));
#14271=DIRECTION('',(-0.993120680009594,-0.00421446602018995,0.117019456559356));
#14272=DIRECTION('',(0.00424362130113768,-0.999990995798588,0.));
#14273=DIRECTION('',(0.00424362130113768,-0.999990995798588,0.));
#14274=DIRECTION('',(0.999990995798589,0.00424362130113768,0.));
#14275=DIRECTION('',(0.00424362130113768,-0.999990995798588,0.));
#14276=DIRECTION('',(-0.92799247653458,-0.00393808410001949,0.372578119310352));
#14277=DIRECTION('',(0.00424362130113768,-0.999990995798588,0.));
#14278=DIRECTION('',(0.00424362130113768,-0.999990995798588,0.));
#14279=DIRECTION('',(0.999990995798589,0.00424362130113768,0.));
#14280=DIRECTION('',(0.00424362130113768,-0.999990995798588,0.));
#14281=DIRECTION('',(-0.67865426071929,-0.00287997760879547,0.734452244966632));
#14282=DIRECTION('',(0.00424362130113768,-0.999990995798588,0.));
#14283=DIRECTION('',(0.00424362130113768,-0.999990995798588,0.));
#14284=DIRECTION('',(0.999990995798589,0.00424362130113768,0.));
#14285=DIRECTION('',(0.00424362130113768,-0.999990995798588,0.));
#14286=DIRECTION('',(-0.215329778634392,-0.000913786263298285,-0.976540962493601));
#14287=DIRECTION('',(0.00424362130113768,-0.999990995798588,0.));
#14288=DIRECTION('',(0.999990995798589,0.00424362130113768,0.));
#14289=DIRECTION('',(0.00424362130113768,-0.999990995798588,0.));
#14290=DIRECTION('',(0.999990995798589,0.00424362130113768,0.));
#14291=DIRECTION('',(-0.00424362130113768,0.999990995798589,0.));
#14292=DIRECTION('',(-0.999990995798589,-0.00424362130113768,0.));
#14293=DIRECTION('',(-0.00424362130113768,0.999990995798588,0.));
#14294=DIRECTION('',(-0.999990995798589,-0.00424362130113768,0.));
#14295=DIRECTION('',(-1.,-2.43849814349267E-31,4.51028103753971E-16));
#14296=DIRECTION('',(1.8751636347594E-31,-1.,-1.2490009027033E-16));
#14297=DIRECTION('',(-1.,0.,0.));
#14298=DIRECTION('',(0.,0.,1.));
#14299=DIRECTION('',(0.,1.,0.));
#14300=DIRECTION('',(0.,0.,-1.));
#14301=DIRECTION('',(0.,1.,0.));
#14302=DIRECTION('',(0.,0.,-1.));
#14303=DIRECTION('',(0.,1.,0.));
#14304=DIRECTION('',(0.,0.,1.));
#14305=DIRECTION('',(1.,0.,0.));
#14306=DIRECTION('',(0.,0.,-1.));
#14307=DIRECTION('',(1.,0.,0.));
#14308=DIRECTION('',(-1.,0.,0.));
#14309=DIRECTION('',(0.,0.,1.));
#14310=DIRECTION('',(0.,1.,0.));
#14311=DIRECTION('',(0.,0.,-1.));
#14312=DIRECTION('',(0.,1.,0.));
#14313=DIRECTION('',(0.,1.,0.));
#14314=DIRECTION('',(0.,0.,1.));
#14315=DIRECTION('',(1.,0.,0.));
#14316=DIRECTION('',(1.,0.,0.));
#14317=DIRECTION('',(0.,0.,1.));
#14318=DIRECTION('',(1.,0.,0.));
#14319=DIRECTION('',(0.,0.,1.));
#14320=DIRECTION('',(1.,0.,0.));
#14321=DIRECTION('',(0.,0.,1.));
#14322=DIRECTION('',(9.71445146547012E-17,-1.,0.));
#14323=DIRECTION('',(-1.,0.,0.));
#14324=DIRECTION('',(0.,0.,1.));
#14325=DIRECTION('',(0.,1.,0.));
#14326=DIRECTION('',(0.,0.,-1.));
#14327=DIRECTION('',(0.,1.,0.));
#14328=DIRECTION('',(0.,0.,-1.));
#14329=DIRECTION('',(0.,1.,0.));
#14330=DIRECTION('',(0.,0.,1.));
#14331=DIRECTION('',(1.,0.,0.));
#14332=DIRECTION('',(0.,0.,-1.));
#14333=DIRECTION('',(1.,0.,0.));
#14334=DIRECTION('',(-1.,-1.36056743213867E-16,0.));
#14335=DIRECTION('',(1.36056743213867E-16,-1.,0.));
#14336=DIRECTION('',(-1.36056743213867E-16,1.,0.));
#14337=DIRECTION('',(0.,0.,-1.));
#14338=DIRECTION('',(-1.36056743213867E-16,1.,0.));
#14339=DIRECTION('',(0.,1.,0.));
#14340=DIRECTION('',(0.,0.,1.));
#14341=DIRECTION('',(1.,0.,0.));
#14342=DIRECTION('',(1.,0.,0.));
#14343=DIRECTION('',(0.,0.,1.));
#14344=DIRECTION('',(1.,0.,0.));
#14345=DIRECTION('',(0.,0.,1.));
#14346=DIRECTION('',(1.,0.,0.));
#14347=DIRECTION('',(0.,0.,1.));
#14348=DIRECTION('',(1.,0.,0.));
#14349=DIRECTION('',(0.,0.,1.));
#14350=DIRECTION('',(1.,0.,0.));
#14351=DIRECTION('',(0.,0.,1.));
#14352=DIRECTION('',(1.,0.,0.));
#14353=DIRECTION('',(0.,1.,0.));
#14354=DIRECTION('',(-1.,0.,0.));
#14355=DIRECTION('',(0.,1.,0.));
#14356=DIRECTION('',(-1.,0.,0.));
#14357=DIRECTION('',(0.,1.,0.));
#14358=DIRECTION('',(1.,0.,0.));
#14359=DIRECTION('',(0.,1.,0.));
#14360=DIRECTION('',(1.,0.,0.));
#14361=DIRECTION('',(-1.,0.,0.));
#14362=DIRECTION('',(0.,0.,1.));
#14363=DIRECTION('',(0.,1.,0.));
#14364=DIRECTION('',(0.,0.,-1.));
#14365=DIRECTION('',(0.,0.,-1.));
#14366=DIRECTION('',(0.,1.,0.));
#14367=DIRECTION('',(0.,0.,1.));
#14368=DIRECTION('',(1.,0.,0.));
#14369=DIRECTION('',(0.,0.,-1.));
#14370=DIRECTION('',(-1.,0.,0.));
#14371=DIRECTION('',(0.,0.,1.));
#14372=DIRECTION('',(0.,1.,0.));
#14373=DIRECTION('',(0.,0.,-1.));
#14374=DIRECTION('',(0.,0.,-1.));
#14375=DIRECTION('',(0.,1.,0.));
#14376=DIRECTION('',(0.,0.,-1.));
#14377=DIRECTION('',(0.,1.,0.));
#14378=DIRECTION('',(0.,0.,1.));
#14379=DIRECTION('',(1.,0.,0.));
#14380=DIRECTION('',(0.,0.,1.));
#14381=DIRECTION('',(1.,0.,0.));
#14382=DIRECTION('',(0.,0.,-1.));
#14383=DIRECTION('',(-1.,0.,0.));
#14384=DIRECTION('',(0.,0.,1.));
#14385=DIRECTION('',(1.,0.,0.));
#14386=DIRECTION('',(0.,0.,1.));
#14387=DIRECTION('',(1.,0.,0.));
#14388=DIRECTION('',(0.,-1.,0.));
#14389=DIRECTION('',(0.,0.,-1.));
#14390=DIRECTION('',(-1.,0.,0.));
#14391=DIRECTION('',(0.,0.,-1.));
#14392=DIRECTION('',(0.,-1.,0.));
#14393=DIRECTION('',(0.,0.,-1.));
#14394=DIRECTION('',(0.,0.,-1.));
#14395=DIRECTION('',(-1.,0.,0.));
#14396=DIRECTION('',(-1.,0.,0.));
#14397=DIRECTION('',(0.,0.,1.));
#14398=DIRECTION('',(0.,1.,0.));
#14399=DIRECTION('',(0.,0.,1.));
#14400=DIRECTION('',(1.,0.,0.));
#14401=DIRECTION('',(0.,0.,1.));
#14402=DIRECTION('',(1.,0.,0.));
#14403=CARTESIAN_POINT('',(0.,0.,0.));
#14404=CARTESIAN_POINT('',(0.,0.016,-0.007));
#14405=CARTESIAN_POINT('',(0.,0.016,0.));
#14406=CARTESIAN_POINT('',(0.,0.,0.));
#14407=CARTESIAN_POINT('',(-6.93889390390723E-18,0.032,0.));
#14408=CARTESIAN_POINT('',(-6.93889390390723E-18,0.032,-0.007));
#14409=CARTESIAN_POINT('',(-6.93889390390723E-18,0.032,-0.007));
#14410=CARTESIAN_POINT('',(0.,0.016,-0.007));
#14411=CARTESIAN_POINT('',(0.,0.,-0.007));
#14412=CARTESIAN_POINT('',(0.,0.,-0.007));
#14413=CARTESIAN_POINT('',(0.0085,0.,-0.007));
#14414=CARTESIAN_POINT('',(0.0085,0.,0.));
#14415=CARTESIAN_POINT('',(0.017,0.,0.));
#14416=CARTESIAN_POINT('',(0.0085,0.,-0.007));
#14417=CARTESIAN_POINT('',(0.017,0.,-0.007));
#14418=CARTESIAN_POINT('',(0.017,0.,-0.007));
#14419=CARTESIAN_POINT('',(0.017,0.016,-0.007));
#14420=CARTESIAN_POINT('',(0.017,0.016,0.));
#14421=CARTESIAN_POINT('',(0.017,0.032,0.));
#14422=CARTESIAN_POINT('',(0.017,0.016,-0.007));
#14423=CARTESIAN_POINT('',(0.017,0.032,-0.007));
#14424=CARTESIAN_POINT('',(0.017,0.032,-0.007));
#14425=CARTESIAN_POINT('',(0.0085,0.032,-0.007));
#14426=CARTESIAN_POINT('',(0.0085,0.032,0.));
#14427=CARTESIAN_POINT('',(0.0085,0.032,-0.007));
#14428=CARTESIAN_POINT('',(0.0085,0.016,-0.007));
#14429=CARTESIAN_POINT('',(0.0085,0.016,0.));
#14430=CARTESIAN_POINT('',(-0.0166425116154071,-0.0307152920501325,0.0127221388218808));
#14431=CARTESIAN_POINT('',(0.0222399281106836,0.0130943921888947,0.033));
#14432=CARTESIAN_POINT('',(0.0348518882050657,0.0131479130533129,0.0258607401502569));
#14433=CARTESIAN_POINT('',(0.0349044163723186,0.0131481359649695,0.0293001255108723));
#14434=CARTESIAN_POINT('',(0.0343229246863063,0.0131456683122451,0.0292584292146785));
#14435=CARTESIAN_POINT('',(0.0343229246863063,0.0131456683122451,0.0292584292146785));
#14436=CARTESIAN_POINT('',(0.0340866228386125,0.0131446655276615,0.0292163777768211));
#14437=CARTESIAN_POINT('',(0.0339334816677299,0.013144015648675,0.0291310196343046));
#14438=CARTESIAN_POINT('',(0.0339334816677299,0.013144015648675,0.0291310196343046));
#14439=CARTESIAN_POINT('',(0.0342331593185701,0.0131452873785885,0.0285637387734399));
#14440=CARTESIAN_POINT('',(0.033697935536885,0.0131430160710963,0.0289161701941155));
#14441=CARTESIAN_POINT('',(0.0344993129204602,0.0131464168438527,0.0284249605554904));
#14442=CARTESIAN_POINT('',(0.033577642936448,0.0131425055902583,0.0286119624288812));
#14443=CARTESIAN_POINT('',(0.0357073348369099,0.0131515432775491,0.0281716558003589));
#14444=CARTESIAN_POINT('',(0.0335325502289235,0.0131423142321611,0.0282178108303346));
#14445=CARTESIAN_POINT('',(0.0491809291931527,0.0132087206243985,0.0277564325682437));
#14446=CARTESIAN_POINT('',(0.033525583191965,0.0131422846664284,0.0277313971027206));
#14447=CARTESIAN_POINT('',(0.0491809291927491,0.0132087206243968,0.0277063617325258));
#14448=CARTESIAN_POINT('',(0.0335325502449471,0.0131423142322291,0.0272449829641169));
#14449=CARTESIAN_POINT('',(0.0357073348369878,0.0131515432775494,0.0272911385004397));
#14450=CARTESIAN_POINT('',(0.0335776429475589,0.0131425055903054,0.0268508318237277));
#14451=CARTESIAN_POINT('',(0.0344993129204798,0.0131464168438528,0.02703783374531));
#14452=CARTESIAN_POINT('',(0.0336979387566027,0.0131430160847597,0.0265466192096389));
#14453=CARTESIAN_POINT('',(0.0342331593185677,0.0131452873785885,0.026899055527348));
#14454=CARTESIAN_POINT('',(0.0339334816677299,0.013144015648675,0.026331774666485));
#14455=CARTESIAN_POINT('',(0.0339334816677299,0.013144015648675,0.026331774666485));
#14456=CARTESIAN_POINT('',(0.0340866228386125,0.0131446655276615,0.0262464165239686));
#14457=CARTESIAN_POINT('',(0.0343229246863063,0.0131456683122451,0.0262043650861111));
#14458=CARTESIAN_POINT('',(0.0343229246863063,0.0131456683122451,0.0262043650861111));
#14459=CARTESIAN_POINT('',(0.0348518882050625,0.0131479130533129,0.0296020541504911));
#14460=CARTESIAN_POINT('',(0.0349044163723186,0.0131481359649695,0.0261626687899174));
#14461=CARTESIAN_POINT('',(0.0354711696540511,0.0131505410729245,0.0261623136482538));
#14462=CARTESIAN_POINT('',(0.0360379229357836,0.0131529461808794,0.0261626687899173));
#14463=CARTESIAN_POINT('',(0.0360904511030371,0.013153169092536,0.0296020541504881));
#14464=CARTESIAN_POINT('',(0.0366194146217958,0.0131554138336038,0.0262043650861111));
#14465=CARTESIAN_POINT('',(0.0366194146217958,0.0131554138336038,0.0262043650861111));
#14466=CARTESIAN_POINT('',(0.0368557164694897,0.0131564166181875,0.0262464165239686));
#14467=CARTESIAN_POINT('',(0.0370088576403723,0.013157066497174,0.026331774666485));
#14468=CARTESIAN_POINT('',(0.0370088576403723,0.013157066497174,0.026331774666485));
#14469=CARTESIAN_POINT('',(0.0367050043280831,0.013155777047175,0.0269059295393451));
#14470=CARTESIAN_POINT('',(0.0372453378846043,0.0131580700388118,0.0265466268552149));
#14471=CARTESIAN_POINT('',(0.0364577088018481,0.0131547276091629,0.0270352443439275));
#14472=CARTESIAN_POINT('',(0.0373665832028289,0.0131585845626597,0.0268508311207967));
#14473=CARTESIAN_POINT('',(0.035285737733465,0.0131497541629909,0.0272804632984633));
#14474=CARTESIAN_POINT('',(0.0374107225468342,0.0131587718750068,0.0272449830812656));
#14475=CARTESIAN_POINT('',(0.0192911312370448,0.0130818784989932,0.0277063521179549));
#14476=CARTESIAN_POINT('',(0.0374167642116223,0.013158797513775,0.0277313971855538));
#14477=CARTESIAN_POINT('',(0.0192911312367317,0.0130818784989918,0.0277564421828316));
#14478=CARTESIAN_POINT('',(0.0374107225311972,0.0131587718749404,0.0282178117918381));
#14479=CARTESIAN_POINT('',(0.0352857377334674,0.0131497541629909,0.0281823310023264));
#14480=CARTESIAN_POINT('',(0.0373665831939939,0.0131585845626222,0.0286119632179021));
#14481=CARTESIAN_POINT('',(0.0364577088018481,0.0131547276091629,0.0284275499568622));
#14482=CARTESIAN_POINT('',(0.0372453351103485,0.0131580700270388,0.0289161715909539));
#14483=CARTESIAN_POINT('',(0.0367050043280828,0.013155777047175,0.0285568647614443));
#14484=CARTESIAN_POINT('',(0.0370088576403723,0.013157066497174,0.0291310196343046));
#14485=CARTESIAN_POINT('',(0.0370088576403723,0.013157066497174,0.0291310196343046));
#14486=CARTESIAN_POINT('',(0.0368557164694897,0.0131564166181875,0.0292163777768211));
#14487=CARTESIAN_POINT('',(0.0366194146217958,0.0131554138336038,0.0292584292146785));
#14488=CARTESIAN_POINT('',(0.0366194146217958,0.0131554138336038,0.0292584292146785));
#14489=CARTESIAN_POINT('',(0.0360904511030369,0.013153169092536,0.0258607401503052));
#14490=CARTESIAN_POINT('',(0.0360379229357836,0.0131529461808794,0.0293001255108723));
#14491=CARTESIAN_POINT('',(0.0354711696540511,0.0131505410729245,0.0293004806525359));
#14492=CARTESIAN_POINT('',(0.0297616400166781,0.0131263117731703,0.0282962672111656));
#14493=CARTESIAN_POINT('',(0.0297616400166781,0.0131263117731703,0.0285316297364868));
#14494=CARTESIAN_POINT('',(0.0298127916782638,0.0131265288434056,0.0286690814512743));
#14495=CARTESIAN_POINT('',(0.0297616400166781,0.0131263117731703,0.0282962672111656));
#14496=CARTESIAN_POINT('',(0.0298127916782638,0.0131265288434056,0.0286690814512743));
#14497=CARTESIAN_POINT('',(0.0301854076707932,0.0131281100988066,0.0285403362638585));
#14498=CARTESIAN_POINT('',(0.0299816235428844,0.0131272453083538,0.0288771419236582));
#14499=CARTESIAN_POINT('',(0.0299816235428844,0.0131272453083538,0.0288771419236582));
#14500=CARTESIAN_POINT('',(0.0300993037459192,0.0131277447030668,0.0289477506812546));
#14501=CARTESIAN_POINT('',(0.0302904163956477,0.0131285557200806,0.0289672073166811));
#14502=CARTESIAN_POINT('',(0.0302904163956477,0.0131285557200806,0.0289672073166811));
#14503=CARTESIAN_POINT('',(0.0307195341689559,0.013130376749801,0.0241078904557824));
#14504=CARTESIAN_POINT('',(0.0307639599566424,0.0131305652777175,0.0289864908823954));
#14505=CARTESIAN_POINT('',(0.0312042423989471,0.0131324336864917,0.0289866639521077));
#14506=CARTESIAN_POINT('',(0.0316445242308428,0.0131343020926756,0.0289865361024058));
#14507=CARTESIAN_POINT('',(0.0316833723983202,0.013134466951071,0.0238429107240455));
#14508=CARTESIAN_POINT('',(0.032067223622053,0.0131360958849678,0.0289717602457371));
#14509=CARTESIAN_POINT('',(0.0320074404043595,0.0131358421853474,0.0279678806709382));
#14510=CARTESIAN_POINT('',(0.0323506421191189,0.0131372986165687,0.0289120835658632));
#14511=CARTESIAN_POINT('',(0.0322164900243922,0.0131367293207559,0.0285506292918593));
#14512=CARTESIAN_POINT('',(0.0325235065012964,0.0131380321941484,0.0287828774306753));
#14513=CARTESIAN_POINT('',(0.0320489938168856,0.0131360185238817,0.0284699783728082));
#14514=CARTESIAN_POINT('',(0.0326112767134609,0.0131384046610441,0.0285592321612852));
#14515=CARTESIAN_POINT('',(0.0305848675983306,0.0131298052707277,0.0282061095537887));
#14516=CARTESIAN_POINT('',(0.0326425966136947,0.0131385375720366,0.028216871366772));
#14517=CARTESIAN_POINT('',(0.00769592679138393,0.0130326723993549,0.0277712267268742));
#14518=CARTESIAN_POINT('',(0.0326468070166663,0.0131385554395533,0.02773139709941));
#14519=CARTESIAN_POINT('',(0.0123729289501556,0.0130525200040532,0.0276915736563386));
#14520=CARTESIAN_POINT('',(0.0326416686795265,0.0131385336342,0.0272459226430505));
#14521=CARTESIAN_POINT('',(0.0305268750660407,0.0131295591701664,0.0272676399982889));
#14522=CARTESIAN_POINT('',(0.0326093903105512,0.0131383966557925,0.0269035627634924));
#14523=CARTESIAN_POINT('',(0.032037572140186,0.0131359700541747,0.0269944966859221));
#14524=CARTESIAN_POINT('',(0.0325225535908738,0.013138028150321,0.0266799011461223));
#14525=CARTESIAN_POINT('',(0.0322191132583792,0.0131367404528677,0.0269065270484836));
#14526=CARTESIAN_POINT('',(0.0323506388806598,0.0131372986028258,0.0265507203464383));
#14527=CARTESIAN_POINT('',(0.0320074404043672,0.0131358421853474,0.027494913629816));
#14528=CARTESIAN_POINT('',(0.032067223622053,0.0131360958849678,0.0264910340550526));
#14529=CARTESIAN_POINT('',(0.0316833723983204,0.013134466951071,0.0316198835767598));
#14530=CARTESIAN_POINT('',(0.0316445242308428,0.0131343020926756,0.0264762581983839));
#14531=CARTESIAN_POINT('',(0.0312042423989471,0.0131324336864917,0.026476130348682));
#14532=CARTESIAN_POINT('',(0.0307639610195878,0.0131305652822283,0.0264762179690421));
#14533=CARTESIAN_POINT('',(0.0307334704795035,0.0131304358907579,0.0316832704232257));
#14534=CARTESIAN_POINT('',(0.0303855046693557,0.0131289592423378,0.0264881227521384));
#14535=CARTESIAN_POINT('',(0.0304702190273693,0.013129318741229,0.0279095219262518));
#14536=CARTESIAN_POINT('',(0.030114691527339,0.0131278100035717,0.0265314140464008));
#14537=CARTESIAN_POINT('',(0.0302362319650651,0.0131283257798064,0.0270230639334186));
#14538=CARTESIAN_POINT('',(0.0299340864821915,0.013127043577254,0.0266174611809577));
#14539=CARTESIAN_POINT('',(0.0301698761347178,0.0131280441882558,0.0269095905532794));
#14540=CARTESIAN_POINT('',(0.0298274230336639,0.0131265909338961,0.0267556926440365));
#14541=CARTESIAN_POINT('',(0.0304419489335335,0.0131291987725764,0.0270202834202314));
#14542=CARTESIAN_POINT('',(0.0297755139512858,0.0131263706494249,0.026955647178979));
#14543=CARTESIAN_POINT('',(0.032146141233547,0.0131364307844404,0.0272090838161676));
#14544=CARTESIAN_POINT('',(0.0297618220024372,0.0131263125454559,0.0272292904297097));
#14545=CARTESIAN_POINT('',(0.0295733516918224,0.0131255127416296,0.0272292904297097));
#14546=CARTESIAN_POINT('',(0.0293852795661888,0.0131247146275647,0.0272292904297097));
#14547=CARTESIAN_POINT('',(0.0316291326476428,0.0131342367760371,0.0272107007808772));
#14548=CARTESIAN_POINT('',(0.0294086248307121,0.0131248136969186,0.0268891160475694));
#14549=CARTESIAN_POINT('',(0.0303047268419593,0.0131286164487422,0.0270156435271145));
#14550=CARTESIAN_POINT('',(0.0294919660541146,0.013125167368694,0.026618550764037));
#14551=CARTESIAN_POINT('',(0.0300855186201882,0.0131276862036868,0.026916363296841));
#14552=CARTESIAN_POINT('',(0.0296516542675047,0.0131258450310997,0.0264134935129327));
#14553=CARTESIAN_POINT('',(0.030167780670184,0.0131280352958177,0.0270394392366461));
#14554=CARTESIAN_POINT('',(0.0299047350209761,0.0131269190196464,0.0262711973879942));
#14555=CARTESIAN_POINT('',(0.0304504776224694,0.0131292349654283,0.0278558036909747));
#14556=CARTESIAN_POINT('',(0.0302697085019342,0.0131284678428305,0.0261887171032429));
#14557=CARTESIAN_POINT('',(0.0307283853795396,0.013130414311325,0.0302523784037292));
#14558=CARTESIAN_POINT('',(0.0307639600685122,0.0131305652781923,0.0261624819761193));
#14559=CARTESIAN_POINT('',(0.0312042423989471,0.0131324336864917,0.0261623136482538));
#14560=CARTESIAN_POINT('',(0.0316445286891516,0.0131343021115951,0.0261626687899173));
#14561=CARTESIAN_POINT('',(0.0316970568564046,0.0131345250232517,0.0296020541505076));
#14562=CARTESIAN_POINT('',(0.0322260203751638,0.0131367697643196,0.0262043650861111));
#14563=CARTESIAN_POINT('',(0.0322260203751638,0.0131367697643196,0.0262043650861111));
#14564=CARTESIAN_POINT('',(0.0324623222228577,0.0131377725489032,0.0262464165239686));
#14565=CARTESIAN_POINT('',(0.0326154633937403,0.0131384224278897,0.026331774666485));
#14566=CARTESIAN_POINT('',(0.0326154633937403,0.0131384224278897,0.026331774666485));
#14567=CARTESIAN_POINT('',(0.0323116100814465,0.0131371329778908,0.0269059295393527));
#14568=CARTESIAN_POINT('',(0.0328519439051257,0.0131394259706612,0.0265466272789997));
#14569=CARTESIAN_POINT('',(0.0320643145551925,0.0131360835398785,0.0270352443439404));
#14570=CARTESIAN_POINT('',(0.0329731889561993,0.0131399404933755,0.0268508311207962));
#14571=CARTESIAN_POINT('',(0.0308923434865176,0.0131311100937053,0.0272804632985009));
#14572=CARTESIAN_POINT('',(0.0330173283002057,0.0131401278057225,0.0272449830812655));
#14573=CARTESIAN_POINT('',(0.0148977369958624,0.0130632344297321,0.0277063521178809));
#14574=CARTESIAN_POINT('',(0.0330233699649921,0.0131401534444908,0.0277313971863862));
#14575=CARTESIAN_POINT('',(0.0148977370082779,0.0130632344297847,0.0277564421830598));
#14576=CARTESIAN_POINT('',(0.0330173282845656,0.0131401278056561,0.0282178117918381));
#14577=CARTESIAN_POINT('',(0.0308923434865821,0.0131311100937055,0.0281823310022969));
#14578=CARTESIAN_POINT('',(0.032973188947363,0.013139940493338,0.0286119632179024));
#14579=CARTESIAN_POINT('',(0.0320643145551986,0.0131360835398785,0.028427549956852));
#14580=CARTESIAN_POINT('',(0.032851940863717,0.0131394259577545,0.0289161715909542));
#14581=CARTESIAN_POINT('',(0.0323116100814468,0.0131371329778908,0.0285568647614372));
#14582=CARTESIAN_POINT('',(0.0326154633937403,0.0131384224278897,0.0291310196343046));
#14583=CARTESIAN_POINT('',(0.0326154633937403,0.0131384224278897,0.0291310196343046));
#14584=CARTESIAN_POINT('',(0.0324623222228577,0.0131377725489032,0.0292163777768211));
#14585=CARTESIAN_POINT('',(0.0322260203751638,0.0131367697643196,0.0292584292146785));
#14586=CARTESIAN_POINT('',(0.0322260203751638,0.0131367697643196,0.0292584292146785));
#14587=CARTESIAN_POINT('',(0.0316970568564061,0.0131345250232518,0.0258607401503115));
#14588=CARTESIAN_POINT('',(0.0316445286891516,0.0131343021115951,0.0293001255108723));
#14589=CARTESIAN_POINT('',(0.0312042423989471,0.0131324336864917,0.0293004806525359));
#14590=CARTESIAN_POINT('',(0.0307639600685122,0.0131305652781923,0.0293003123246703));
#14591=CARTESIAN_POINT('',(0.0307283853795369,0.013130414311325,0.0252104158970909));
#14592=CARTESIAN_POINT('',(0.030269707532151,0.0131284678387151,0.0292740876130908));
#14593=CARTESIAN_POINT('',(0.0304623429254821,0.0131292853177343,0.0275094703216337));
#14594=CARTESIAN_POINT('',(0.0299047394085835,0.0131269190382659,0.0291937798688514));
#14595=CARTESIAN_POINT('',(0.0301622559210481,0.0131280118506635,0.0284080803695154));
#14596=CARTESIAN_POINT('',(0.0296516714500781,0.0131258451040167,0.0290574443562645));
#14597=CARTESIAN_POINT('',(0.030062014350067,0.0131275864595673,0.0285568531210677));
#14598=CARTESIAN_POINT('',(0.0294919745519049,0.0131251674047557,0.0288630715317135));
#14599=CARTESIAN_POINT('',(0.03021462577866,0.0131282340905079,0.0284857981981475));
#14600=CARTESIAN_POINT('',(0.0294086120855598,0.0131248136428325,0.0286100823473046));
#14601=CARTESIAN_POINT('',(0.0313092789989167,0.0131328794260583,0.0283122537651868));
#14602=CARTESIAN_POINT('',(0.0293852624366582,0.0131247145548728,0.0282962672111656));
#14603=CARTESIAN_POINT('',(0.0295733516918224,0.0131255127416296,0.0282962672111656));
#14604=CARTESIAN_POINT('',(0.0256506782573295,0.0131088662511972,0.0292377173124502));
#14605=CARTESIAN_POINT('',(0.025933110744613,0.0131100647985083,0.0292377173124502));
#14606=CARTESIAN_POINT('',(0.025368245770046,0.0131076677038861,0.0292377173124502));
#14607=CARTESIAN_POINT('',(0.0264352129442281,0.0131121955492837,0.0285002480664439));
#14608=CARTESIAN_POINT('',(0.0275021801184101,0.0131167233946813,0.0277627788204377));
#14609=CARTESIAN_POINT('',(0.0264038315567522,0.0131120623773602,0.0269939279043885));
#14610=CARTESIAN_POINT('',(0.0253054829950942,0.0131074013600392,0.0262250769883395));
#14611=CARTESIAN_POINT('',(0.0255879154823776,0.0131085999073503,0.0262250769883395));
#14612=CARTESIAN_POINT('',(0.0258703479696611,0.0131097984546614,0.0262250769883395));
#14613=CARTESIAN_POINT('',(0.0268745523688913,0.0131140599562121,0.0269154737292815));
#14614=CARTESIAN_POINT('',(0.0278787567681214,0.0131183214577628,0.0276058704702235));
#14615=CARTESIAN_POINT('',(0.028129807867929,0.0131193868331505,0.0276058704702235));
#14616=CARTESIAN_POINT('',(0.0283808589677365,0.0131204522085381,0.0276058704702235));
#14617=CARTESIAN_POINT('',(0.0283808589677365,0.0131204522085381,0.0269154737292815));
#14618=CARTESIAN_POINT('',(0.0283808589677365,0.0131204522085381,0.0262250769883395));
#14619=CARTESIAN_POINT('',(0.0285691472925922,0.0131212512400789,0.0262250769883395));
#14620=CARTESIAN_POINT('',(0.0287574356174478,0.0131220502716196,0.0262250769883395));
#14621=CARTESIAN_POINT('',(0.0287574356174478,0.0131220502716196,0.0277313971503948));
#14622=CARTESIAN_POINT('',(0.0287574356174478,0.0131220502716196,0.0292377173124502));
#14623=CARTESIAN_POINT('',(0.0285691472925922,0.0131212512400789,0.0292377173124502));
#14624=CARTESIAN_POINT('',(0.0283808589677365,0.0131204522085381,0.0292377173124502));
#14625=CARTESIAN_POINT('',(0.0283808589677365,0.0131204522085381,0.028578702241551));
#14626=CARTESIAN_POINT('',(0.0283808589677365,0.0131204522085381,0.0279196871706517));
#14627=CARTESIAN_POINT('',(0.028129807867929,0.0131193868331505,0.0279196871706517));
#14628=CARTESIAN_POINT('',(0.0278787567681214,0.0131183214577628,0.0279196871706517));
#14629=CARTESIAN_POINT('',(0.0269059337563672,0.0131141931281356,0.028578702241551));
#14630=CARTESIAN_POINT('',(0.024803380795479,0.0131052706092638,0.0277313971503948));
#14631=CARTESIAN_POINT('',(0.024803380795479,0.0131052706092638,0.0262250769883395));
#14632=CARTESIAN_POINT('',(0.024803380795479,0.0131052706092638,0.0292377173124502));
#14633=CARTESIAN_POINT('',(0.0232970741966338,0.0130988783569378,0.0292377173124502));
#14634=CARTESIAN_POINT('',(0.0217907675977885,0.0130924861046117,0.0292377173124502));
#14635=CARTESIAN_POINT('',(0.0217907675977885,0.0130924861046118,0.0290808089622361));
#14636=CARTESIAN_POINT('',(0.0217907675977885,0.0130924861046117,0.028923900612022));
#14637=CARTESIAN_POINT('',(0.0231087858717781,0.013098079325397,0.028923900612022));
#14638=CARTESIAN_POINT('',(0.0244268041457678,0.0131036725461823,0.028923900612022));
#14639=CARTESIAN_POINT('',(0.0244268041457678,0.0131036725461823,0.0284217938913369));
#14640=CARTESIAN_POINT('',(0.0244268041457678,0.0131036725461823,0.0279196871706517));
#14641=CARTESIAN_POINT('',(0.02317154864673,0.0130983456692439,0.0279196871706517));
#14642=CARTESIAN_POINT('',(0.0219162931476923,0.0130930187923056,0.0279196871706517));
#14643=CARTESIAN_POINT('',(0.0219162931476923,0.0130930187923056,0.0277627788204377));
#14644=CARTESIAN_POINT('',(0.0219162931476923,0.0130930187923056,0.0276058704702235));
#14645=CARTESIAN_POINT('',(0.02317154864673,0.0130983456692439,0.0276058704702235));
#14646=CARTESIAN_POINT('',(0.0244268041457678,0.0131036725461823,0.0276058704702235));
#14647=CARTESIAN_POINT('',(0.0244268041457678,0.0131036725461823,0.0270723820794956));
#14648=CARTESIAN_POINT('',(0.0244268041457678,0.0131036725461823,0.0265388936887676));
#14649=CARTESIAN_POINT('',(0.0231087858717781,0.013098079325397,0.0265388936887676));
#14650=CARTESIAN_POINT('',(0.0217907675977885,0.0130924861046117,0.0265388936887676));
#14651=CARTESIAN_POINT('',(0.0217907675977885,0.0130924861046118,0.0263819853385535));
#14652=CARTESIAN_POINT('',(0.0217907675977885,0.0130924861046117,0.0262250769883395));
#14653=CARTESIAN_POINT('',(0.0232970741966338,0.0130988783569378,0.0262250769883395));
#14654=CARTESIAN_POINT('',(0.0180250011006753,0.0130765054737967,0.0290808089622361));
#14655=CARTESIAN_POINT('',(0.0180250011006753,0.0130765054737967,0.0292377173124502));
#14656=CARTESIAN_POINT('',(0.0180250011006753,0.0130765054737967,0.028923900612022));
#14657=CARTESIAN_POINT('',(0.018778154400098,0.0130797015999597,0.028923900612022));
#14658=CARTESIAN_POINT('',(0.0195313076995206,0.0130828977261227,0.028923900612022));
#14659=CARTESIAN_POINT('',(0.0195313076995206,0.0130828977261227,0.0275744888001807));
#14660=CARTESIAN_POINT('',(0.0195313076995206,0.0130828977261227,0.0262250769883395));
#14661=CARTESIAN_POINT('',(0.0197195960243763,0.0130836967576635,0.0262250769883395));
#14662=CARTESIAN_POINT('',(0.0199078843492319,0.0130844957892042,0.0262250769883395));
#14663=CARTESIAN_POINT('',(0.0199078843492319,0.0130844957892042,0.0275744888001807));
#14664=CARTESIAN_POINT('',(0.0199078843492319,0.0130844957892042,0.028923900612022));
#14665=CARTESIAN_POINT('',(0.0206610376486546,0.0130876919153672,0.028923900612022));
#14666=CARTESIAN_POINT('',(0.0214141909480772,0.0130908880415302,0.028923900612022));
#14667=CARTESIAN_POINT('',(0.0214141909480772,0.0130908880415302,0.0290808089622361));
#14668=CARTESIAN_POINT('',(0.0214141909480772,0.0130908880415302,0.0292377173124502));
#14669=CARTESIAN_POINT('',(0.0197195960243763,0.0130836967576635,0.0292377173124502));
#14670=CARTESIAN_POINT('',(0.0142611174868107,0.013060532833297,0.0282962672111656));
#14671=CARTESIAN_POINT('',(0.0142611174868107,0.013060532833297,0.0285316297364868));
#14672=CARTESIAN_POINT('',(0.0143122691483965,0.0130607499035322,0.0286690814512743));
#14673=CARTESIAN_POINT('',(0.0142611174868107,0.013060532833297,0.0282962672111656));
#14674=CARTESIAN_POINT('',(0.0143122691483965,0.0130607499035322,0.0286690814512743));
#14675=CARTESIAN_POINT('',(0.014684885140933,0.0130623311589332,0.0285403362638511));
#14676=CARTESIAN_POINT('',(0.0144811010130171,0.0130614663684804,0.0288771419236582));
#14677=CARTESIAN_POINT('',(0.0144811010130171,0.0130614663684804,0.0288771419236582));
#14678=CARTESIAN_POINT('',(0.0145987812160519,0.0130619657631934,0.0289477506812546));
#14679=CARTESIAN_POINT('',(0.0147898938657804,0.0130627767802073,0.0289672073166811));
#14680=CARTESIAN_POINT('',(0.0147898938657804,0.0130627767802073,0.0289672073166811));
#14681=CARTESIAN_POINT('',(0.0152190116390896,0.0130645978099277,0.0241078904557785));
#14682=CARTESIAN_POINT('',(0.0152634374267751,0.0130647863378442,0.0289864908823954));
#14683=CARTESIAN_POINT('',(0.0157037198690799,0.0130666547466184,0.0289866639521077));
#14684=CARTESIAN_POINT('',(0.0161440017009755,0.0130685231528023,0.0289865361024058));
#14685=CARTESIAN_POINT('',(0.0161828498684525,0.0130686880111977,0.0238429107240208));
#14686=CARTESIAN_POINT('',(0.0165667010921858,0.0130703169450944,0.028971760245737));
#14687=CARTESIAN_POINT('',(0.0165069178744996,0.0130700632454741,0.0279678806709788));
#14688=CARTESIAN_POINT('',(0.0168501195892515,0.0130715196766954,0.0289120835658629));
#14689=CARTESIAN_POINT('',(0.0167159674945331,0.0130709503808826,0.0285506292918707));
#14690=CARTESIAN_POINT('',(0.0170229839714292,0.0130722532542751,0.0287828774306753));
#14691=CARTESIAN_POINT('',(0.0165484712870305,0.0130702395840084,0.0284699783728112));
#14692=CARTESIAN_POINT('',(0.0171107541835939,0.0130726257211708,0.0285592321612852));
#14693=CARTESIAN_POINT('',(0.0150843450684915,0.0130640263308545,0.0282061095537985));
#14694=CARTESIAN_POINT('',(0.017142074083827,0.0130727586321633,0.028216871366772));
#14695=CARTESIAN_POINT('',(-0.00780459575313011,0.0129668934594194,0.0277712267267377));
#14696=CARTESIAN_POINT('',(0.0171462844867995,0.0130727764996799,0.02773139709941));
#14697=CARTESIAN_POINT('',(-0.00312759358913005,0.0129867410641399,0.0276915736564703));
#14698=CARTESIAN_POINT('',(0.0171411461496594,0.0130727546943266,0.0272459226430505));
#14699=CARTESIAN_POINT('',(0.0150263525360444,0.0130637802302925,0.0272676399983047));
#14700=CARTESIAN_POINT('',(0.017108867780685,0.0130726177159191,0.0269035627634923));
#14701=CARTESIAN_POINT('',(0.016537049610166,0.0130701911143007,0.0269944966859809));
#14702=CARTESIAN_POINT('',(0.0170220322368516,0.0130722492154376,0.0266799028907038));
#14703=CARTESIAN_POINT('',(0.0167185907285275,0.0130709615129945,0.0269065270484696));
#14704=CARTESIAN_POINT('',(0.0168501163507922,0.0130715196629524,0.0265507203464391));
#14705=CARTESIAN_POINT('',(0.0165069178745021,0.0130700632454741,0.0274949136298088));
#14706=CARTESIAN_POINT('',(0.0165667010921857,0.0130703169450944,0.0264910340550528));
#14707=CARTESIAN_POINT('',(0.0161828498684531,0.0130686880111977,0.0316198835767731));
#14708=CARTESIAN_POINT('',(0.0161440017009755,0.0130685231528023,0.0264762581983839));
#14709=CARTESIAN_POINT('',(0.0157037198690799,0.0130666547466184,0.026476130348682));
#14710=CARTESIAN_POINT('',(0.0152634384897205,0.013064786342355,0.0264762179690421));
#14711=CARTESIAN_POINT('',(0.0152329479496332,0.0130646569508845,0.0316832704231498));
#14712=CARTESIAN_POINT('',(0.0148849821394884,0.0130631803024645,0.0264881227521384));
#14713=CARTESIAN_POINT('',(0.0149696964975004,0.0130635398013557,0.0279095219262358));
#14714=CARTESIAN_POINT('',(0.0146141689974718,0.0130620310636984,0.026531414046401));
#14715=CARTESIAN_POINT('',(0.0147357094351849,0.013062546839933,0.0270230639333967));
#14716=CARTESIAN_POINT('',(0.0144335639523239,0.0130612646373807,0.0266174611809573));
#14717=CARTESIAN_POINT('',(0.0146693536048905,0.0130622652483826,0.0269095905533134));
#14718=CARTESIAN_POINT('',(0.0143269005037952,0.0130608119940227,0.0267556926440359));
#14719=CARTESIAN_POINT('',(0.0149414264036968,0.0130634198327032,0.0270202834202378));
#14720=CARTESIAN_POINT('',(0.0142749914214188,0.0130605917095516,0.0269556471789791));
#14721=CARTESIAN_POINT('',(0.0166456187034609,0.0130706518445662,0.0272090838161647));
#14722=CARTESIAN_POINT('',(0.0142612994725697,0.0130605336055826,0.0272292904297097));
#14723=CARTESIAN_POINT('',(0.0140728291619551,0.0130597338017562,0.0272292904297097));
#14724=CARTESIAN_POINT('',(0.0138847570363206,0.0130589356876914,0.0272292904297097));
#14725=CARTESIAN_POINT('',(0.0161286101178317,0.0130684578361641,0.0272107007808924));
#14726=CARTESIAN_POINT('',(0.0139081023008462,0.0130590347570452,0.0268891160475696));
#14727=CARTESIAN_POINT('',(0.0148042043119714,0.0130628375088684,0.0270156435270776));
#14728=CARTESIAN_POINT('',(0.0139914435242498,0.0130593884288207,0.0266185507640383));
#14729=CARTESIAN_POINT('',(0.0145849960902694,0.0130619072638133,0.026916363296798));
#14730=CARTESIAN_POINT('',(0.0141511317376382,0.0130600660912264,0.0264134935129335));
#14731=CARTESIAN_POINT('',(0.014667258140321,0.0130622563559444,0.0270394392366556));
#14732=CARTESIAN_POINT('',(0.0144042124911089,0.0130611400797731,0.0262711973879944));
#14733=CARTESIAN_POINT('',(0.014949955092594,0.0130634560255549,0.0278558036909317));
#14734=CARTESIAN_POINT('',(0.0147691859720669,0.0130626889029572,0.0261887171032431));
#14735=CARTESIAN_POINT('',(0.0152278628496709,0.0130646353714517,0.0302523784036759));
#14736=CARTESIAN_POINT('',(0.0152634375386449,0.0130647863383189,0.0261624819761193));
#14737=CARTESIAN_POINT('',(0.0157037198690799,0.0130666547466184,0.0261623136482538));
#14738=CARTESIAN_POINT('',(0.0161440061592843,0.0130685231717218,0.0261626687899174));
#14739=CARTESIAN_POINT('',(0.0161965343265397,0.0130687460833784,0.0296020541504601));
#14740=CARTESIAN_POINT('',(0.0167254978452966,0.0130709908244462,0.0262043650861111));
#14741=CARTESIAN_POINT('',(0.0167254978452966,0.0130709908244462,0.0262043650861111));
#14742=CARTESIAN_POINT('',(0.0169617996929904,0.0130719936090299,0.0262464165239686));
#14743=CARTESIAN_POINT('',(0.017114940863873,0.0130726434880164,0.026331774666485));
#14744=CARTESIAN_POINT('',(0.017114940863873,0.0130726434880164,0.026331774666485));
#14745=CARTESIAN_POINT('',(0.0168110875515897,0.0130713540380175,0.0269059295393426));
#14746=CARTESIAN_POINT('',(0.0173514211081055,0.0130736470296542,0.0265466268552145));
#14747=CARTESIAN_POINT('',(0.0165637920253855,0.0130703046000054,0.027035244343912));
#14748=CARTESIAN_POINT('',(0.0174726664263297,0.0130741615535021,0.0268508311207966));
#14749=CARTESIAN_POINT('',(0.0153918209569614,0.0130653311538333,0.0272804632984672));
#14750=CARTESIAN_POINT('',(0.0175168057703204,0.0130743488658491,0.027244983081266));
#14751=CARTESIAN_POINT('',(-0.000602785519449859,0.0129974554899205,0.0277063521176027));
#14752=CARTESIAN_POINT('',(0.0175228474350975,0.0130743745046173,0.0277313971796077));
#14753=CARTESIAN_POINT('',(-0.000602785531971786,0.0129974554898674,0.0277564421829423));
#14754=CARTESIAN_POINT('',(0.0175168057546981,0.0130743488657828,0.0282178117918381));
#14755=CARTESIAN_POINT('',(0.015391820957037,0.0130653311538336,0.0281823310023307));
#14756=CARTESIAN_POINT('',(0.0174726664174938,0.0130741615534646,0.028611963217902));
#14757=CARTESIAN_POINT('',(0.0165637920253853,0.0130703046000054,0.0284275499568779));
#14758=CARTESIAN_POINT('',(0.0173514183338502,0.0130736470178812,0.0289161715909546));
#14759=CARTESIAN_POINT('',(0.0168110875515903,0.0130713540380175,0.0285568647614448));
#14760=CARTESIAN_POINT('',(0.017114940863873,0.0130726434880164,0.0291310196343046));
#14761=CARTESIAN_POINT('',(0.017114940863873,0.0130726434880164,0.0291310196343046));
#14762=CARTESIAN_POINT('',(0.0169617996929904,0.0130719936090299,0.0292163777768211));
#14763=CARTESIAN_POINT('',(0.0167254978452966,0.0130709908244462,0.0292584292146785));
#14764=CARTESIAN_POINT('',(0.0167254978452966,0.0130709908244462,0.0292584292146785));
#14765=CARTESIAN_POINT('',(0.0161965343265401,0.0130687460833784,0.025860740150337));
#14766=CARTESIAN_POINT('',(0.0161440061592843,0.0130685231717218,0.0293001255108723));
#14767=CARTESIAN_POINT('',(0.0157037198690799,0.0130666547466184,0.0293004806525359));
#14768=CARTESIAN_POINT('',(0.0152634375386449,0.0130647863383189,0.0293003123246703));
#14769=CARTESIAN_POINT('',(0.0152278628496689,0.0130646353714517,0.0252104158971316));
#14770=CARTESIAN_POINT('',(0.0147691850022837,0.0130626888988417,0.0292740876130906));
#14771=CARTESIAN_POINT('',(0.0149618203956035,0.0130635063778609,0.027509470321695));
#14772=CARTESIAN_POINT('',(0.0144042168787163,0.0130611400983926,0.0291937798688513));
#14773=CARTESIAN_POINT('',(0.0146617333911772,0.0130622329107902,0.0284080803695209));
#14774=CARTESIAN_POINT('',(0.0141511489202114,0.0130600661641433,0.0290574443562638));
#14775=CARTESIAN_POINT('',(0.014561491820133,0.0130618075196937,0.028556853121125));
#14776=CARTESIAN_POINT('',(0.0139914520220391,0.0130593884648824,0.0288630715317128));
#14777=CARTESIAN_POINT('',(0.0147141032486574,0.013062455150634,0.0284857981981911));
#14778=CARTESIAN_POINT('',(0.0139080895556942,0.0130590347029592,0.0286100823473043));
#14779=CARTESIAN_POINT('',(0.0158087564691301,0.0130671004861853,0.0283122537651719));
#14780=CARTESIAN_POINT('',(0.0138847399067899,0.0130589356149995,0.0282962672111656));
#14781=CARTESIAN_POINT('',(0.0140728291619551,0.0130597338017562,0.0282962672111656));
#14782=CARTESIAN_POINT('',(0.0114995553889278,0.0130488137040326,0.0269154737292815));
#14783=CARTESIAN_POINT('',(0.0103070626648419,0.0130437531709412,0.0269154737292815));
#14784=CARTESIAN_POINT('',(0.0126920481130136,0.0130538742371241,0.0269154737292815));
#14785=CARTESIAN_POINT('',(0.0128803364378693,0.0130546732686648,0.0265702753588105));
#14786=CARTESIAN_POINT('',(0.0130686247627249,0.0130554723002056,0.0262250769883395));
#14787=CARTESIAN_POINT('',(0.0132882944750565,0.0130564045036698,0.0262250769883395));
#14788=CARTESIAN_POINT('',(0.0135079641873881,0.013057336707134,0.0262250769883395));
#14789=CARTESIAN_POINT('',(0.0126292853380617,0.0130536078932771,0.0277313971503948));
#14790=CARTESIAN_POINT('',(0.0117506064887353,0.0130498790794203,0.0292377173124502));
#14791=CARTESIAN_POINT('',(0.0114995553889278,0.0130488137040326,0.0292377173124502));
#14792=CARTESIAN_POINT('',(0.0112485042891202,0.0130477483286449,0.0292377173124502));
#14793=CARTESIAN_POINT('',(0.0103698254397938,0.0130440195147881,0.0277313971503948));
#14794=CARTESIAN_POINT('',(0.00949114659046741,0.0130402907009312,0.0262250769883395));
#14795=CARTESIAN_POINT('',(0.00971081630279901,0.0130412229043955,0.0262250769883395));
#14796=CARTESIAN_POINT('',(0.00993048601513062,0.0130421551078597,0.0262250769883395));
#14797=CARTESIAN_POINT('',(0.0101187743399863,0.0130429541394004,0.0265702753588105));
#14798=CARTESIAN_POINT('',(0.00861246774114101,0.0130365618870744,0.0276058704702235));
#14799=CARTESIAN_POINT('',(0.00861246774114101,0.0130365618870744,0.0289866639521077));
#14800=CARTESIAN_POINT('',(0.00861246774114101,0.0130365618870744,0.0262250769883395));
#14801=CARTESIAN_POINT('',(0.00880075606599667,0.0130373609186151,0.0262250769883395));
#14802=CARTESIAN_POINT('',(0.00898904439085233,0.0130381599501559,0.0262250769883395));
#14803=CARTESIAN_POINT('',(0.00898904439085233,0.0130381599501559,0.0277313971503948));
#14804=CARTESIAN_POINT('',(0.00898904439085233,0.0130381599501559,0.0292377173124502));
#14805=CARTESIAN_POINT('',(0.0086752305160929,0.0130368282309213,0.0292377173124502));
#14806=CARTESIAN_POINT('',(0.00836141664133347,0.0130354965116867,0.0292377173124502));
#14807=CARTESIAN_POINT('',(0.00748367923363135,0.0130317716929876,0.0279196871706517));
#14808=CARTESIAN_POINT('',(0.00660594182592922,0.0130280468742884,0.0266016570288533));
#14809=CARTESIAN_POINT('',(0.00572820441822709,0.0130243220555893,0.0279196871706517));
#14810=CARTESIAN_POINT('',(0.00485046701052497,0.0130205972368901,0.0292377173124502));
#14811=CARTESIAN_POINT('',(0.00455046094625495,0.0130193241133019,0.0292377173124502));
#14812=CARTESIAN_POINT('',(0.00425045488198493,0.0130180509897136,0.0292377173124502));
#14813=CARTESIAN_POINT('',(0.00425045488198494,0.0130180509897136,0.0277313971503948));
#14814=CARTESIAN_POINT('',(0.00425045488198493,0.0130180509897136,0.0262250769883395));
#14815=CARTESIAN_POINT('',(0.0044387432068406,0.0130188500212543,0.0262250769883395));
#14816=CARTESIAN_POINT('',(0.00462703153169625,0.0130196490527951,0.0262250769883395));
#14817=CARTESIAN_POINT('',(0.00462703153169625,0.0130196490527951,0.0275851585679953));
#14818=CARTESIAN_POINT('',(0.00462703153169625,0.0130196490527951,0.0289452401476511));
#14819=CARTESIAN_POINT('',(0.00552140107476063,0.0130234444526137,0.0275851585679953));
#14820=CARTESIAN_POINT('',(0.006415770617825,0.0130272398524323,0.0262250769883395));
#14821=CARTESIAN_POINT('',(0.00660594182592922,0.0130280468742884,0.0262250769883395));
#14822=CARTESIAN_POINT('',(0.00679611303403343,0.0130288538961446,0.0262250769883395));
#14823=CARTESIAN_POINT('',(0.00770429038758722,0.0130327078916095,0.0276058704702235));
#14824=CARTESIAN_POINT('',(0.0397805404560616,0.0131688285753187,0.015930666330655));
#14825=CARTESIAN_POINT('',(0.0402804109036858,0.0131709498552985,0.015930666330655));
#14826=CARTESIAN_POINT('',(0.0405623518022584,0.0131721463164745,0.0161925333002353));
#14827=CARTESIAN_POINT('',(0.0397805404560616,0.0131688285753187,0.015930666330655));
#14828=CARTESIAN_POINT('',(0.0405623518022584,0.0131721463164745,0.0161925333002353));
#14829=CARTESIAN_POINT('',(0.0405623518022584,0.0131721463164745,0.0161925333002353));
#14830=CARTESIAN_POINT('',(0.040844292700831,0.0131733427776506,0.0164544002698156));
#14831=CARTESIAN_POINT('',(0.040844292700831,0.0131733427776506,0.016915868062876));
#14832=CARTESIAN_POINT('',(0.040844292700831,0.0131733427776505,0.016915868062876));
#14833=CARTESIAN_POINT('',(0.040844292700831,0.0131733427776506,0.016915868062876));
#14834=CARTESIAN_POINT('',(0.040844292700831,0.0131733427776506,0.0173668611771532));
#14835=CARTESIAN_POINT('',(0.0406560411411029,0.0131725439021285,0.0177125255769992));
#14836=CARTESIAN_POINT('',(0.0406560411411029,0.0131725439021285,0.0177125255769992));
#14837=CARTESIAN_POINT('',(0.039515259865654,0.0131677028148179,0.0171009254703024));
#14838=CARTESIAN_POINT('',(0.0401212554119219,0.013170274453582,0.0182446974518462));
#14839=CARTESIAN_POINT('',(0.0401212554119219,0.013170274453582,0.0182446974518462));
#14840=CARTESIAN_POINT('',(0.0397747212424688,0.0131688038805576,0.0184312049268473));
#14841=CARTESIAN_POINT('',(0.0393295514026173,0.0131669147313323,0.0184312049268473));
#14842=CARTESIAN_POINT('',(0.0393295514026173,0.0131669147313323,0.0184312049268473));
#14843=CARTESIAN_POINT('',(0.0393520846439961,0.0131670103547364,0.0148122295825064));
#14844=CARTESIAN_POINT('',(0.0385329574450259,0.0131635342578071,0.0183377281627542));
#14845=CARTESIAN_POINT('',(0.0385736355569087,0.0131637068818635,0.0180718652519232));
#14846=CARTESIAN_POINT('',(0.0386143700520584,0.0131638797451913,0.0178056338328499));
#14847=CARTESIAN_POINT('',(0.0386737260307053,0.0131641316317547,0.0178056338328499));
#14848=CARTESIAN_POINT('',(0.0387330820093522,0.013164383518318,0.0178056338328499));
#14849=CARTESIAN_POINT('',(0.0387330820093522,0.013164383518318,0.0179636269044968));
#14850=CARTESIAN_POINT('',(0.0387330820093522,0.013164383518318,0.0181221338595944));
#14851=CARTESIAN_POINT('',(0.0392118768537174,0.0131664153606136,0.01740716863123));
#14852=CARTESIAN_POINT('',(0.0390054601289205,0.013165539398316,0.0182427896041942));
#14853=CARTESIAN_POINT('',(0.0393341944221601,0.0131669344347264,0.0169950966853611));
#14854=CARTESIAN_POINT('',(0.0393400316158718,0.013166959205789,0.0182854435564477));
#14855=CARTESIAN_POINT('',(0.0393555406354832,0.0131670250207876,0.0172537987592969));
#14856=CARTESIAN_POINT('',(0.0399303852060771,0.0131694644654174,0.0181099814441621));
#14857=CARTESIAN_POINT('',(0.0399303852060771,0.0131694644654174,0.0181099814441621));
#14858=CARTESIAN_POINT('',(0.0401913769357155,0.0131705720254535,0.0179342396112438));
#14859=CARTESIAN_POINT('',(0.0403359843934973,0.0131711856902672,0.0176124342019596));
#14860=CARTESIAN_POINT('',(0.0403359843934973,0.0131711856902672,0.0176124342019596));
#14861=CARTESIAN_POINT('',(0.0403359843934973,0.0131711856902672,0.0176124342019596));
#14862=CARTESIAN_POINT('',(0.0404805918512791,0.0131717993550809,0.0172906287926753));
#14863=CARTESIAN_POINT('',(0.0404805918512791,0.0131717993550809,0.0168797886137339));
#14864=CARTESIAN_POINT('',(0.0404805918512791,0.0131717993550809,0.0168797886137339));
#14865=CARTESIAN_POINT('',(0.0404805918512791,0.0131717993550809,0.0168797886137339));
#14866=CARTESIAN_POINT('',(0.0404805918512791,0.0131717993550809,0.0164887339391606));
#14867=CARTESIAN_POINT('',(0.0402905945274732,0.0131709930711305,0.0162841867395885));
#14868=CARTESIAN_POINT('',(0.0402905945274732,0.0131709930711305,0.0162841867395885));
#14869=CARTESIAN_POINT('',(0.0402905945274732,0.0131709930711305,0.0162841867395885));
#14870=CARTESIAN_POINT('',(0.0401005972036673,0.0131701867871801,0.0160796395400163));
#14871=CARTESIAN_POINT('',(0.0397491167026604,0.0131686952236087,0.0160796395400163));
#14872=CARTESIAN_POINT('',(0.0397491167026604,0.0131686952236087,0.0160796395400163));
#14873=CARTESIAN_POINT('',(0.0397480842225023,0.0131686908421145,0.017435095004448));
#14874=CARTESIAN_POINT('',(0.0393439051466284,0.0131669756437346,0.016141683902873));
#14875=CARTESIAN_POINT('',(0.0396201134632779,0.0131681477777848,0.0171203142510656));
#14876=CARTESIAN_POINT('',(0.0390214822126571,0.013165607390584,0.0162992885205899));
#14877=CARTESIAN_POINT('',(0.0389562488506373,0.0131653305624068,0.0164823327465709));
#14878=CARTESIAN_POINT('',(0.0388907826977179,0.0131650527463442,0.016665057698678));
#14879=CARTESIAN_POINT('',(0.0388317176797507,0.0131648020945189,0.016665057698678));
#14880=CARTESIAN_POINT('',(0.0387726526617835,0.0131645514426936,0.016665057698678));
#14881=CARTESIAN_POINT('',(0.038828226151595,0.0131647872776623,0.0163787498119368));
#14882=CARTESIAN_POINT('',(0.0388838362214372,0.0131650232678641,0.0160922534693091));
#14883=CARTESIAN_POINT('',(0.0397888363746223,0.0131688637803724,0.0186112196899095));
#14884=CARTESIAN_POINT('',(0.0393336503926721,0.0131669321260505,0.0159735757710539));
#14885=CARTESIAN_POINT('',(0.0398048148799417,0.0131689315877085,0.0185060431934276));
#14886=CARTESIAN_POINT('',(0.0379023892689757,0.0131608583411689,0.0160697467878321));
#14887=CARTESIAN_POINT('',(0.0380452509626797,0.0131614645975542,0.0160924419251957));
#14888=CARTESIAN_POINT('',(0.0377595275752717,0.0131602520847835,0.0160470516504685));
#14889=CARTESIAN_POINT('',(0.0377668015922628,0.0131602829532349,0.0160060258252342));
#14890=CARTESIAN_POINT('',(0.0377740756092538,0.0131603138216863,0.015965));
#14891=CARTESIAN_POINT('',(0.0380714374238474,0.0131615757239793,0.015965));
#14892=CARTESIAN_POINT('',(0.038368799238441,0.0131628376262722,0.015965));
#14893=CARTESIAN_POINT('',(0.0381534883355064,0.013161923920111,0.0171943199405298));
#14894=CARTESIAN_POINT('',(0.0379381774325716,0.0131610102139497,0.0184236398810594));
#14895=CARTESIAN_POINT('',(0.0380554345864672,0.0131615078133862,0.0184454621285245));
#14896=CARTESIAN_POINT('',(0.0381726917403626,0.0131620054128226,0.0184672843759895));
#14897=CARTESIAN_POINT('',(0.0381654177233717,0.0131619745443713,0.0185083102012237));
#14898=CARTESIAN_POINT('',(0.0381581437063806,0.0131619436759199,0.018549336026458));
#14899=CARTESIAN_POINT('',(0.0378860954709158,0.0131607891958377,0.018549336026458));
#14900=CARTESIAN_POINT('',(0.037614047235451,0.0131596347157556,0.018549336026458));
#14901=CARTESIAN_POINT('',(0.0378296490990654,0.0131605496566549,0.0173208889758268));
#14902=CARTESIAN_POINT('',(0.035994851053246,0.0131527633984754,0.0160697467878321));
#14903=CARTESIAN_POINT('',(0.0360975601731594,0.013153199261009,0.0160924419251957));
#14904=CARTESIAN_POINT('',(0.0358921419333325,0.0131523275359417,0.0160470516504685));
#14905=CARTESIAN_POINT('',(0.0358994159503236,0.0131523584043931,0.0160060258252342));
#14906=CARTESIAN_POINT('',(0.0359066899673145,0.0131523892728445,0.015965));
#14907=CARTESIAN_POINT('',(0.0361659359328751,0.0131534894244521,0.015965));
#14908=CARTESIAN_POINT('',(0.0364251818984358,0.0131545895760598,0.015965));
#14909=CARTESIAN_POINT('',(0.0363987044765884,0.0131544772148967,0.0161069900901724));
#14910=CARTESIAN_POINT('',(0.036372227054741,0.0131543648537337,0.0162489801803448));
#14911=CARTESIAN_POINT('',(0.036372227054741,0.0131543648537337,0.0162489801803448));
#14912=CARTESIAN_POINT('',(0.0366794815324425,0.0131556687371205,0.0159265928444615));
#14913=CARTESIAN_POINT('',(0.0369343630878084,0.0131567503676574,0.0159265928444615));
#14914=CARTESIAN_POINT('',(0.0369343630878084,0.0131567503676574,0.0159265928444615));
#14915=CARTESIAN_POINT('',(0.0369501537689537,0.0131568173779316,0.016360996774831));
#14916=CARTESIAN_POINT('',(0.0372878803135729,0.0131582505743951,0.0160886594023018));
#14917=CARTESIAN_POINT('',(0.0372878803135729,0.0131582505743951,0.0160886594023018));
#14918=CARTESIAN_POINT('',(0.0374214312655283,0.0131588173191627,0.016250725960142));
#14919=CARTESIAN_POINT('',(0.0374214312655283,0.0131588173191627,0.0165341242138878));
#14920=CARTESIAN_POINT('',(0.0374214312655283,0.0131588173191627,0.0165341242138878));
#14921=CARTESIAN_POINT('',(0.0361121866537544,0.0131532613308125,0.0165431606902792));
#14922=CARTESIAN_POINT('',(0.0372820399036166,0.0131582257896839,0.0171295780092871));
#14923=CARTESIAN_POINT('',(0.0362874691208802,0.0131540051699214,0.0166548951302215));
#14924=CARTESIAN_POINT('',(0.0369105789532778,0.0131566494358886,0.0175627880547848));
#14925=CARTESIAN_POINT('',(0.0364068614374749,0.0131545118302614,0.016827901421099));
#14926=CARTESIAN_POINT('',(0.0364048133505667,0.0131545031388779,0.0177182623601325));
#14927=CARTESIAN_POINT('',(0.036396620607959,0.0131544683716678,0.0166014997656484));
#14928=CARTESIAN_POINT('',(0.0359903453426941,0.0131527442777739,0.0176416377608091));
#14929=CARTESIAN_POINT('',(0.0359494611872219,0.0131525707793387,0.0176726636049631));
#14930=CARTESIAN_POINT('',(0.0359084357313924,0.0131523966812728,0.0177037966780132));
#14931=CARTESIAN_POINT('',(0.0358595543372126,0.0131521892452794,0.0177037966780131));
#14932=CARTESIAN_POINT('',(0.0358106729430329,0.0131519818092861,0.0177037966780131));
#14933=CARTESIAN_POINT('',(0.0359541165580962,0.0131525905351476,0.0168981193016044));
#14934=CARTESIAN_POINT('',(0.0344117339953165,0.013146045188714,0.0164672026549951));
#14935=CARTESIAN_POINT('',(0.0344117339953165,0.013146045188714,0.0161925333002353));
#14936=CARTESIAN_POINT('',(0.0345863104031014,0.0131467860315475,0.0160604359622471));
#14937=CARTESIAN_POINT('',(0.0344117339953165,0.013146045188714,0.0164672026549951));
#14938=CARTESIAN_POINT('',(0.0345863104031014,0.0131467860315475,0.0160604359622471));
#14939=CARTESIAN_POINT('',(0.0345863104031014,0.0131467860315475,0.0160604359622471));
#14940=CARTESIAN_POINT('',(0.0347608868108863,0.0131475268743809,0.0159283386242587));
#14941=CARTESIAN_POINT('',(0.0351158588400489,0.0131490332548089,0.0159283386242587));
#14942=CARTESIAN_POINT('',(0.0351158588400489,0.0131490332548089,0.0159283386242587));
#14943=CARTESIAN_POINT('',(0.0350996156991495,0.0131489643244496,0.0171938728953766));
#14944=CARTESIAN_POINT('',(0.035624931602015,0.0131511935862775,0.016041831281874));
#14945=CARTESIAN_POINT('',(0.0355877970624275,0.0131510359999354,0.0162469434372481));
#14946=CARTESIAN_POINT('',(0.0355505540954333,0.0131508779534642,0.0164526544900184));
#14947=CARTESIAN_POINT('',(0.035509528639604,0.0131507038553984,0.0164526544900184));
#14948=CARTESIAN_POINT('',(0.0354685031837745,0.0131505297573325,0.0164526544900184));
#14949=CARTESIAN_POINT('',(0.0354530822677534,0.0131504643162156,0.0163278312345185));
#14950=CARTESIAN_POINT('',(0.035437573997007,0.0131503985043949,0.0162023008938363));
#14951=CARTESIAN_POINT('',(0.0351354794265288,0.0131491165178974,0.016507963040422));
#14952=CARTESIAN_POINT('',(0.0353040825014858,0.0131498320119402,0.0161123005153763));
#14953=CARTESIAN_POINT('',(0.0351171813180794,0.0131490388669554,0.0165323950584358));
#14954=CARTESIAN_POINT('',(0.0351082938623783,0.0131490011516195,0.0160720744942284));
#14955=CARTESIAN_POINT('',(0.0351082938623783,0.0131490011516195,0.0160720744942284));
#14956=CARTESIAN_POINT('',(0.0347102596526287,0.0131473120299592,0.0160720744942284));
#14957=CARTESIAN_POINT('',(0.0347102596526287,0.0131473120299592,0.0163979533897061));
#14958=CARTESIAN_POINT('',(0.0347102596526287,0.0131473120299592,0.0163979533897061));
#14959=CARTESIAN_POINT('',(0.0349712827738598,0.0131484197232105,0.0163951668773933));
#14960=CARTESIAN_POINT('',(0.0347949292104043,0.0131476713387334,0.0165888253142002));
#14961=CARTESIAN_POINT('',(0.0347949292104043,0.0131476713387334,0.0165888253142002));
#14962=CARTESIAN_POINT('',(0.0348795987681801,0.0131480306475077,0.0166726227444659));
#14963=CARTESIAN_POINT('',(0.0350704689740249,0.0131488406356722,0.0167651490737176));
#14964=CARTESIAN_POINT('',(0.0350704689740249,0.0131488406356722,0.0167651490737176));
#14965=CARTESIAN_POINT('',(0.0350704689740249,0.0131488406356722,0.0167651490737176));
#14966=CARTESIAN_POINT('',(0.0352537742021991,0.0131496185206474,0.0168541838433749));
#14967=CARTESIAN_POINT('',(0.035343099130849,0.0131499975852305,0.0169624221908014));
#14968=CARTESIAN_POINT('',(0.035343099130849,0.0131499975852305,0.0169624221908014));
#14969=CARTESIAN_POINT('',(0.0350464876987407,0.0131487388673053,0.0172089421743734));
#14970=CARTESIAN_POINT('',(0.0354324240594989,0.0131503766498136,0.0172161421879948));
#14971=CARTESIAN_POINT('',(0.0354324240594989,0.0131503766498136,0.0172161421879948));
#14972=CARTESIAN_POINT('',(0.0354324240594989,0.0131503766498136,0.0174564778734096));
#14973=CARTESIAN_POINT('',(0.0352703589609386,0.0131496889007165,0.0175882842480983));
#14974=CARTESIAN_POINT('',(0.0352703589609386,0.0131496889007165,0.0175882842480983));
#14975=CARTESIAN_POINT('',(0.0352703589609386,0.0131496889007165,0.0175882842480983));
#14976=CARTESIAN_POINT('',(0.0351082938623783,0.0131490011516195,0.017720090622787));
#14977=CARTESIAN_POINT('',(0.0348214066322518,0.0131477836998965,0.017720090622787));
#14978=CARTESIAN_POINT('',(0.0348214066322518,0.0131477836998965,0.017720090622787));
#14979=CARTESIAN_POINT('',(0.0348787919770243,0.0131480272237607,0.0154478512635589));
#14980=CARTESIAN_POINT('',(0.0343338830184717,0.0131457148156756,0.0176553666654755));
#14981=CARTESIAN_POINT('',(0.034367507972011,0.0131458575085296,0.0174660796622942));
#14982=CARTESIAN_POINT('',(0.0344012594108494,0.013146000738144,0.0172760806276987));
#14983=CARTESIAN_POINT('',(0.0344440306307567,0.0131461822446382,0.0172760806276987));
#14984=CARTESIAN_POINT('',(0.034486801850664,0.0131463637511324,0.0172760806276987));
#14985=CARTESIAN_POINT('',(0.0344993131598886,0.0131464168448688,0.017374426222941));
#14986=CARTESIAN_POINT('',(0.0345118244691132,0.0131464699386052,0.0174727718181834));
#14987=CARTESIAN_POINT('',(0.0345118244691132,0.0131464699386052,0.0174727718181834));
#14988=CARTESIAN_POINT('',(0.034626462976892,0.0131469564253992,0.0175746089730202));
#14989=CARTESIAN_POINT('',(0.034813841654581,0.0131477515967071,0.0175746089730202));
#14990=CARTESIAN_POINT('',(0.034813841654581,0.0131477515967071,0.0175746089730202));
#14991=CARTESIAN_POINT('',(0.034813841654581,0.0131477515967071,0.0175746089730202));
#14992=CARTESIAN_POINT('',(0.0349628135225575,0.0131483837825916,0.0175746089730202));
#14993=CARTESIAN_POINT('',(0.0350521384512074,0.0131487628471747,0.0175062325976298));
#14994=CARTESIAN_POINT('',(0.0350521384512074,0.0131487628471747,0.0175062325976298));
#14995=CARTESIAN_POINT('',(0.0350521384512074,0.0131487628471747,0.0175062325976298));
#14996=CARTESIAN_POINT('',(0.0351414633798574,0.0131491419117578,0.0174378562222394));
#14997=CARTESIAN_POINT('',(0.0351414633798574,0.0131491419117578,0.0172941203522698));
#14998=CARTESIAN_POINT('',(0.0351414633798574,0.0131491419117578,0.0172941203522698));
#14999=CARTESIAN_POINT('',(0.0349076201928073,0.0131481495608928,0.0172955218941093));
#15000=CARTESIAN_POINT('',(0.0350649407211117,0.0131488171756492,0.0171215791156463));
#15001=CARTESIAN_POINT('',(0.0350649407211117,0.0131488171756492,0.0171215791156463));
#15002=CARTESIAN_POINT('',(0.034988418062366,0.0131484924395405,0.0170468015476661));
#15003=CARTESIAN_POINT('',(0.0347754348448684,0.0131475886112837,0.0169379812736405));
#15004=CARTESIAN_POINT('',(0.0347754348448684,0.0131475886112837,0.0169379812736405));
#15005=CARTESIAN_POINT('',(0.0347754348448684,0.0131475886112837,0.0169379812736405));
#15006=CARTESIAN_POINT('',(0.0345863104031014,0.0131467860315475,0.0168396356783982));
#15007=CARTESIAN_POINT('',(0.0344990221992089,0.0131464156101308,0.0167270328814786));
#15008=CARTESIAN_POINT('',(0.0344990221992089,0.0131464156101307,0.0167270328814786));
#15009=CARTESIAN_POINT('',(0.0348235239525013,0.0131477926850827,0.0164738888749929));
#15010=CARTESIAN_POINT('',(0.0313106290161902,0.013132885155072,0.0172075649391197));
#15011=CARTESIAN_POINT('',(0.030516410432907,0.0131295147618265,0.0161594466838133));
#15012=CARTESIAN_POINT('',(0.0308111855299717,0.013130765686971,0.0159913902059931));
#15013=CARTESIAN_POINT('',(0.0311196396841541,0.0131320746613764,0.0167009213964218));
#15014=CARTESIAN_POINT('',(0.0311000195396368,0.0131319914001635,0.0159283386242587));
#15015=CARTESIAN_POINT('',(0.0311000195396368,0.0131319914001635,0.0159283386242587));
#15016=CARTESIAN_POINT('',(0.0313490818814099,0.0131330483359392,0.0159283386242587));
#15017=CARTESIAN_POINT('',(0.0314808870692875,0.0131336076722785,0.0160831310996107));
#15018=CARTESIAN_POINT('',(0.0314808870692875,0.0131336076722784,0.0160831310996107));
#15019=CARTESIAN_POINT('',(0.0314808870692875,0.0131336076722785,0.0160831310996107));
#15020=CARTESIAN_POINT('',(0.0316126922571652,0.0131341670086177,0.0162379235749626));
#15021=CARTESIAN_POINT('',(0.0316126922571652,0.0131341670086177,0.0165434350394729));
#15022=CARTESIAN_POINT('',(0.0316126922571652,0.0131341670086177,0.0165434350394729));
#15023=CARTESIAN_POINT('',(0.0302369459861272,0.0131283288098687,0.0165647733629687));
#15024=CARTESIAN_POINT('',(0.0314817175398203,0.0131336111965126,0.0171480392676326));
#15025=CARTESIAN_POINT('',(0.0305740331576269,0.0131297592930503,0.0167300952403211));
#15026=CARTESIAN_POINT('',(0.0311138004896795,0.0131320498818232,0.0175701215091134));
#15027=CARTESIAN_POINT('',(0.030593136785376,0.0131298403623419,0.0167370743059282));
#15028=CARTESIAN_POINT('',(0.0305762925571881,0.0131297688811728,0.0177199559141433));
#15029=CARTESIAN_POINT('',(0.0306199075622635,0.0131299539684039,0.0152311569933953));
#15030=CARTESIAN_POINT('',(0.0302626540424483,0.0131284379061064,0.0176952089551485));
#15031=CARTESIAN_POINT('',(0.0306488437931584,0.0131300767639154,0.0145343471457912));
#15032=CARTESIAN_POINT('',(0.0299617257031008,0.0131271608686967,0.0176435840377752));
#15033=CARTESIAN_POINT('',(0.0301736007356583,0.013128059994194,0.0164721490310872));
#15034=CARTESIAN_POINT('',(0.0303854201104373,0.0131289588834985,0.0153010217504642));
#15035=CARTESIAN_POINT('',(0.0302754369735328,0.0131284921525135,0.0152791995029991));
#15036=CARTESIAN_POINT('',(0.0301654538366283,0.0131280254215284,0.0152573772555342));
#15037=CARTESIAN_POINT('',(0.0301727278536193,0.0131280562899798,0.0152146056505027));
#15038=CARTESIAN_POINT('',(0.0301800018706104,0.0131280871584312,0.0151718340454713));
#15039=CARTESIAN_POINT('',(0.0304444851284045,0.0131292095353239,0.0151718340454713));
#15040=CARTESIAN_POINT('',(0.0307089683861986,0.0131303319122165,0.0151718340454713));
#15041=CARTESIAN_POINT('',(0.0306464118400757,0.0131300664435346,0.0155183713352159));
#15042=CARTESIAN_POINT('',(0.0305838184525343,0.0131298008185101,0.015864901978247));
#15043=CARTESIAN_POINT('',(0.0273760503649986,0.0131161881429535,0.015286175206801));
#15044=CARTESIAN_POINT('',(0.0320381927553345,0.0131359726878541,0.0182307606161111));
#15045=CARTESIAN_POINT('',(0.0318495820550754,0.0131351722882619,0.018232768260718));
#15046=CARTESIAN_POINT('',(0.0319077877400447,0.0131354192933705,0.0180943328148732));
#15047=CARTESIAN_POINT('',(0.0320446872209021,0.0131360002481547,0.018226089750713));
#15048=CARTESIAN_POINT('',(0.0320473873876989,0.0131360117067432,0.0180361137207151));
#15049=CARTESIAN_POINT('',(0.0320493948349282,0.0131360202256657,0.0182247369697603));
#15050=CARTESIAN_POINT('',(0.0321857618438935,0.0131365989208204,0.0180943951801618));
#15051=CARTESIAN_POINT('',(0.0320554184270375,0.0131360457877397,0.0182307606161137));
#15052=CARTESIAN_POINT('',(0.032244029114447,0.0131368461872773,0.0182327688966385));
#15053=CARTESIAN_POINT('',(0.0320533801673963,0.0131360371380597,0.0182358109033752));
#15054=CARTESIAN_POINT('',(0.0321858213372676,0.01313659917329,0.0183729511760366));
#15055=CARTESIAN_POINT('',(0.032049394834929,0.0131360202256657,0.0182425447231677));
#15056=CARTESIAN_POINT('',(0.0320473869284316,0.0131360117047942,0.0184311679623618));
#15057=CARTESIAN_POINT('',(0.0320446872209025,0.0131360002481547,0.0182411919422144));
#15058=CARTESIAN_POINT('',(0.0319077737754711,0.0131354192341097,0.0183729643083508));
#15059=CARTESIAN_POINT('',(0.0320402310149748,0.013135981337534,0.0182358109033789));
#15060=CARTESIAN_POINT('',(0.032097432749448,0.0131362240822186,0.0160697467878321));
#15061=CARTESIAN_POINT('',(0.0322400034824723,0.0131368291038659,0.0160924419251957));
#15062=CARTESIAN_POINT('',(0.0319548620164236,0.0131356190605713,0.0160470516504685));
#15063=CARTESIAN_POINT('',(0.0319621360334147,0.0131356499290227,0.0160060258252342));
#15064=CARTESIAN_POINT('',(0.0319694100504056,0.0131356807974741,0.015965));
#15065=CARTESIAN_POINT('',(0.0322667718649993,0.013136942699767,0.015965));
#15066=CARTESIAN_POINT('',(0.0325641336795929,0.01313820460206,0.015965));
#15067=CARTESIAN_POINT('',(0.0324250544747242,0.0131376143972694,0.0167561292114321));
#15068=CARTESIAN_POINT('',(0.0322859752698556,0.0131370241924787,0.017547258422864));
#15069=CARTESIAN_POINT('',(0.0324032324237511,0.0131375217919152,0.0175699535602277));
#15070=CARTESIAN_POINT('',(0.0325204895776467,0.0131380193913516,0.0175926486975913));
#15071=CARTESIAN_POINT('',(0.0325132155606556,0.0131379885229003,0.0176336745228255));
#15072=CARTESIAN_POINT('',(0.0325059415436646,0.0131379576544489,0.0176747003480598));
#15073=CARTESIAN_POINT('',(0.0322338933081998,0.0131368031743667,0.0176747003480598));
#15074=CARTESIAN_POINT('',(0.031961845072735,0.0131356486942846,0.0176747003480598));
#15075=CARTESIAN_POINT('',(0.0321009242776037,0.0131362388990753,0.0168835711366278));
#15076=CARTESIAN_POINT('',(0.0329621678893425,0.0131398937237203,0.0164672026549951));
#15077=CARTESIAN_POINT('',(0.0329621678893425,0.0131398937237203,0.0161925333002353));
#15078=CARTESIAN_POINT('',(0.0331367442971274,0.0131406345665537,0.0160604359622471));
#15079=CARTESIAN_POINT('',(0.0329621678893425,0.0131398937237203,0.0164672026549951));
#15080=CARTESIAN_POINT('',(0.0331367442971274,0.0131406345665537,0.0160604359622471));
#15081=CARTESIAN_POINT('',(0.0331367442971274,0.0131406345665537,0.0160604359622471));
#15082=CARTESIAN_POINT('',(0.0333113207049123,0.0131413754093872,0.0159283386242587));
#15083=CARTESIAN_POINT('',(0.033666292734075,0.0131428817898152,0.0159283386242587));
#15084=CARTESIAN_POINT('',(0.033666292734075,0.0131428817898152,0.0159283386242587));
#15085=CARTESIAN_POINT('',(0.0336500495931733,0.0131428128594558,0.0171938728953933));
#15086=CARTESIAN_POINT('',(0.0341753654960412,0.0131450421212838,0.0160418312818732));
#15087=CARTESIAN_POINT('',(0.0341382309564535,0.0131448845349416,0.0162469434372481));
#15088=CARTESIAN_POINT('',(0.0341009879894593,0.0131447264884705,0.0164526544900184));
#15089=CARTESIAN_POINT('',(0.0340599625336299,0.0131445523904046,0.0164526544900184));
#15090=CARTESIAN_POINT('',(0.0340189370778004,0.0131443782923388,0.0164526544900184));
#15091=CARTESIAN_POINT('',(0.0340035161617794,0.0131443128512218,0.0163278312345185));
#15092=CARTESIAN_POINT('',(0.0339880079060673,0.0131442470394649,0.0162023008864422));
#15093=CARTESIAN_POINT('',(0.0336859133205225,0.0131429650529035,0.0165079630404601));
#15094=CARTESIAN_POINT('',(0.0338545163955122,0.0131436805469464,0.0161123005153753));
#15095=CARTESIAN_POINT('',(0.0336676152121042,0.0131428874019617,0.0165323950584423));
#15096=CARTESIAN_POINT('',(0.0336587277564043,0.0131428496866257,0.0160720744942284));
#15097=CARTESIAN_POINT('',(0.0336587277564043,0.0131428496866257,0.0160720744942284));
#15098=CARTESIAN_POINT('',(0.0332606935466547,0.0131411605649655,0.0160720744942284));
#15099=CARTESIAN_POINT('',(0.0332606935466547,0.0131411605649655,0.0163979533897061));
#15100=CARTESIAN_POINT('',(0.0332606935466547,0.0131411605649655,0.0163979533897061));
#15101=CARTESIAN_POINT('',(0.0335217166678832,0.0131422682582167,0.016395166877394));
#15102=CARTESIAN_POINT('',(0.0333453631044303,0.0131415198737397,0.0165888253142002));
#15103=CARTESIAN_POINT('',(0.0333453631044303,0.0131415198737397,0.0165888253142002));
#15104=CARTESIAN_POINT('',(0.0334300326622061,0.0131418791825139,0.0166726227444659));
#15105=CARTESIAN_POINT('',(0.0336209028680509,0.0131426891706785,0.0167651490737176));
#15106=CARTESIAN_POINT('',(0.0336209028680509,0.0131426891706785,0.0167651490737176));
#15107=CARTESIAN_POINT('',(0.0336209028680509,0.0131426891706785,0.0167651490737176));
#15108=CARTESIAN_POINT('',(0.0338042080962251,0.0131434670556536,0.0168541838433749));
#15109=CARTESIAN_POINT('',(0.033893533024875,0.0131438461202367,0.0169624221908014));
#15110=CARTESIAN_POINT('',(0.033893533024875,0.0131438461202367,0.0169624221908014));
#15111=CARTESIAN_POINT('',(0.0335969215927392,0.0131425874023114,0.0172089421743841));
#15112=CARTESIAN_POINT('',(0.0339828579535249,0.0131442251848198,0.0172161421879948));
#15113=CARTESIAN_POINT('',(0.0339828579535249,0.0131442251848198,0.0172161421879948));
#15114=CARTESIAN_POINT('',(0.0339828579535249,0.0131442251848198,0.0174564778734096));
#15115=CARTESIAN_POINT('',(0.0338207928549646,0.0131435374357228,0.0175882842480983));
#15116=CARTESIAN_POINT('',(0.0338207928549646,0.0131435374357228,0.0175882842480983));
#15117=CARTESIAN_POINT('',(0.0338207928549646,0.0131435374357228,0.0175882842480983));
#15118=CARTESIAN_POINT('',(0.0336587277564043,0.0131428496866257,0.017720090622787));
#15119=CARTESIAN_POINT('',(0.0333718405262778,0.0131416322349028,0.017720090622787));
#15120=CARTESIAN_POINT('',(0.0333718405262778,0.0131416322349028,0.017720090622787));
#15121=CARTESIAN_POINT('',(0.0334292258710534,0.013141875758767,0.0154478512635202));
#15122=CARTESIAN_POINT('',(0.0328843169124976,0.0131395633506819,0.017655366665476));
#15123=CARTESIAN_POINT('',(0.032917941866037,0.0131397060435358,0.0174660796622942));
#15124=CARTESIAN_POINT('',(0.0329516933048754,0.0131398492731503,0.0172760806276987));
#15125=CARTESIAN_POINT('',(0.0329944645247827,0.0131400307796445,0.0172760806276987));
#15126=CARTESIAN_POINT('',(0.03303723574469,0.0131402122861387,0.0172760806276987));
#15127=CARTESIAN_POINT('',(0.0330497470539146,0.0131402653798751,0.017374426222941));
#15128=CARTESIAN_POINT('',(0.0330622583631391,0.0131403184736115,0.0174727718181834));
#15129=CARTESIAN_POINT('',(0.0330622583631392,0.0131403184736115,0.0174727718181834));
#15130=CARTESIAN_POINT('',(0.033176896870918,0.0131408049604054,0.0175746089730202));
#15131=CARTESIAN_POINT('',(0.033364275548607,0.0131416001317133,0.0175746089730202));
#15132=CARTESIAN_POINT('',(0.033364275548607,0.0131416001317133,0.0175746089730202));
#15133=CARTESIAN_POINT('',(0.033364275548607,0.0131416001317133,0.0175746089730202));
#15134=CARTESIAN_POINT('',(0.0335132474165835,0.0131422323175979,0.0175746089730202));
#15135=CARTESIAN_POINT('',(0.0336025723452335,0.013142611382181,0.0175062325976298));
#15136=CARTESIAN_POINT('',(0.0336025723452335,0.013142611382181,0.0175062325976298));
#15137=CARTESIAN_POINT('',(0.0336025723452335,0.013142611382181,0.0175062325976298));
#15138=CARTESIAN_POINT('',(0.0336918972738834,0.0131429904467641,0.0174378562222394));
#15139=CARTESIAN_POINT('',(0.0336918972738834,0.0131429904467641,0.0172941203522698));
#15140=CARTESIAN_POINT('',(0.0336918972738834,0.0131429904467641,0.0172941203522698));
#15141=CARTESIAN_POINT('',(0.0334580540868286,0.0131419980958991,0.0172955218941111));
#15142=CARTESIAN_POINT('',(0.0336153746151377,0.0131426657106554,0.0171215791156463));
#15143=CARTESIAN_POINT('',(0.0336153746151377,0.0131426657106554,0.0171215791156463));
#15144=CARTESIAN_POINT('',(0.033538851956392,0.0131423409745468,0.0170468015476661));
#15145=CARTESIAN_POINT('',(0.0333258687388944,0.01314143714629,0.0169379812736405));
#15146=CARTESIAN_POINT('',(0.0333258687388944,0.01314143714629,0.0169379812736405));
#15147=CARTESIAN_POINT('',(0.0333258687388944,0.01314143714629,0.0169379812736405));
#15148=CARTESIAN_POINT('',(0.0331367442971274,0.0131406345665537,0.0168396356783982));
#15149=CARTESIAN_POINT('',(0.0330494560932349,0.013140264145137,0.0167270328814786));
#15150=CARTESIAN_POINT('',(0.0330494560932349,0.013140264145137,0.0167270328814786));
#15151=CARTESIAN_POINT('',(0.0333739578465385,0.013141641220089,0.0164738888749912));
#15152=CARTESIAN_POINT('',(0.0291897894986281,0.01312388503428,0.016306104385195));
#15153=CARTESIAN_POINT('',(0.0293868430579076,0.0131247212624912,0.0163159017392376));
#15154=CARTESIAN_POINT('',(0.0293431989559614,0.0131245360517829,0.0161835134379498));
#15155=CARTESIAN_POINT('',(0.0293431989559614,0.0131245360517829,0.0161835134379498));
#15156=CARTESIAN_POINT('',(0.0292995548540151,0.0131243508410745,0.0161325948605314));
#15157=CARTESIAN_POINT('',(0.0292052835938113,0.0131239507859444,0.0161325948605314));
#15158=CARTESIAN_POINT('',(0.0292052835938113,0.0131239507859444,0.0161325948605314));
#15159=CARTESIAN_POINT('',(0.0292052835938113,0.0131239507859444,0.0161325948605314));
#15160=CARTESIAN_POINT('',(0.0290691139957391,0.0131233729285343,0.0161325948605314));
#15161=CARTESIAN_POINT('',(0.0289108313860141,0.013122701231032,0.0162460705473495));
#15162=CARTESIAN_POINT('',(0.0289108313860141,0.013122701231032,0.0162460705473495));
#15163=CARTESIAN_POINT('',(0.0294655845241179,0.0131250554144633,0.0170234867118945));
#15164=CARTESIAN_POINT('',(0.0286506987450202,0.0131215973166757,0.0165254738226809));
#15165=CARTESIAN_POINT('',(0.028549749182579,0.0131211689211048,0.0171000478314808));
#15166=CARTESIAN_POINT('',(0.0284487858267434,0.0131207404669995,0.0176747003480598));
#15167=CARTESIAN_POINT('',(0.0282977772340095,0.0131200996379485,0.0176747003480598));
#15168=CARTESIAN_POINT('',(0.0281467686412755,0.0131194588088976,0.0176747003480598));
#15169=CARTESIAN_POINT('',(0.0282858478461442,0.0131200490136883,0.0168835711366278));
#15170=CARTESIAN_POINT('',(0.0284249270510128,0.0131206392184789,0.0160924419251957));
#15171=CARTESIAN_POINT('',(0.0283178535209047,0.0131201848348744,0.0160697467878321));
#15172=CARTESIAN_POINT('',(0.0282107799907966,0.0131197304512699,0.0160470516504685));
#15173=CARTESIAN_POINT('',(0.0282180540077876,0.0131197613197213,0.0160060258252342));
#15174=CARTESIAN_POINT('',(0.0282253280247787,0.0131197921881727,0.015965));
#15175=CARTESIAN_POINT('',(0.0284778818947076,0.0131208639408051,0.015965));
#15176=CARTESIAN_POINT('',(0.0287304357646363,0.0131219356934374,0.015965));
#15177=CARTESIAN_POINT('',(0.0287059950675465,0.0131218319754408,0.0161404508696188));
#15178=CARTESIAN_POINT('',(0.0286815543704566,0.0131217282574441,0.0163159017392376));
#15179=CARTESIAN_POINT('',(0.0286815543704566,0.0131217282574441,0.0163159017392376));
#15180=CARTESIAN_POINT('',(0.0288322720025109,0.013122367851757,0.0161215382551491));
#15181=CARTESIAN_POINT('',(0.0289960828651491,0.0131230630092823,0.0160214468801096));
#15182=CARTESIAN_POINT('',(0.0289960828651491,0.0131230630092823,0.0160214468801096));
#15183=CARTESIAN_POINT('',(0.0293367773130076,0.0131245088005167,0.0165402930809015));
#15184=CARTESIAN_POINT('',(0.0293199221015901,0.0131244372727384,0.01592135550507));
#15185=CARTESIAN_POINT('',(0.0293199221015901,0.0131244372727384,0.01592135550507));
#15186=CARTESIAN_POINT('',(0.0295032273297643,0.0131252151577135,0.01592135550507));
#15187=CARTESIAN_POINT('',(0.0295960437865698,0.0131256090391533,0.0160205739902109));
#15188=CARTESIAN_POINT('',(0.0295960437865698,0.0131256090391533,0.0160205739902109));
#15189=CARTESIAN_POINT('',(0.0295960437865698,0.0131256090391533,0.0160205739902109));
#15190=CARTESIAN_POINT('',(0.0296888602433755,0.0131260029205931,0.0161197924753519));
#15191=CARTESIAN_POINT('',(0.0296888602433755,0.0131260029205931,0.0163048451338553));
#15192=CARTESIAN_POINT('',(0.0296888602433755,0.0131260029205931,0.0163048451338553));
#15193=CARTESIAN_POINT('',(0.0287876043247452,0.0131221782973413,0.0162588115420058));
#15194=CARTESIAN_POINT('',(0.0296790741444426,0.0131259613917213,0.0164023369788449));
#15195=CARTESIAN_POINT('',(-0.162878866770689,0.0123088110541644,-0.0159387375432943));
#15196=CARTESIAN_POINT('',(0.0294832631733153,0.0131251304366311,0.0175489655502455));
#15197=CARTESIAN_POINT('',(0.0295844053593842,0.0131255596496311,0.0175708264501263));
#15198=CARTESIAN_POINT('',(0.0296853687152198,0.0131259881037364,0.0175926486975913));
#15199=CARTESIAN_POINT('',(0.0296780946982288,0.013125957235285,0.0176336745228255));
#15200=CARTESIAN_POINT('',(0.0296708206812378,0.0131259263668336,0.0176747003480598));
#15201=CARTESIAN_POINT('',(0.0294153572045125,0.0131248422668207,0.0176747003480598));
#15202=CARTESIAN_POINT('',(0.0291598937277873,0.0131237581668077,0.0176747003480598));
#15203=CARTESIAN_POINT('',(0.0292527101845929,0.0131241520482475,0.0171463109961067));
#15204=CARTESIAN_POINT('',(0.0293455266413985,0.0131245459296873,0.0166179216441536));
#15205=CARTESIAN_POINT('',(0.0293455266413986,0.0131245459296873,0.0166179216441536));
#15206=CARTESIAN_POINT('',(0.0293868430579076,0.0131247212624912,0.016388642564121));
#15207=CARTESIAN_POINT('',(0.0293868430579076,0.0131247212624912,0.0163159017392376));
#15208=CARTESIAN_POINT('',(0.0264429029012948,0.0131122281828431,0.0173470756727849));
#15209=CARTESIAN_POINT('',(0.0264429029012948,0.0131122281828431,0.0170997568681813));
#15210=CARTESIAN_POINT('',(0.0267484116149184,0.0131135246578017,0.0169251788884611));
#15211=CARTESIAN_POINT('',(0.0264429029012948,0.0131122281828431,0.0173470756727849));
#15212=CARTESIAN_POINT('',(0.0267484116149184,0.0131135246578017,0.0169251788884611));
#15213=CARTESIAN_POINT('',(0.0267484116149184,0.0131135246578017,0.0169251788884611));
#15214=CARTESIAN_POINT('',(0.027053920328542,0.0131148211327602,0.0167506009087409));
#15215=CARTESIAN_POINT('',(0.0275683388101482,0.0131170041496428,0.0167162672393959));
#15216=CARTESIAN_POINT('',(0.0275683388101482,0.0131170041496428,0.0167162672393959));
#15217=CARTESIAN_POINT('',(0.0275721212989835,0.0131170202012375,0.0166499276071022));
#15218=CARTESIAN_POINT('',(0.0275759037878189,0.0131170362528322,0.0165835879748086));
#15219=CARTESIAN_POINT('',(0.0275759037878189,0.0131170362528322,0.0165835879748086));
#15220=CARTESIAN_POINT('',(0.0275759037878189,0.0131170362528322,0.0163525631149788));
#15221=CARTESIAN_POINT('',(0.0274787229208186,0.0131166238503216,0.0162353049052668));
#15222=CARTESIAN_POINT('',(0.0274787229208186,0.0131166238503216,0.0162353049052668));
#15223=CARTESIAN_POINT('',(0.0274787229208186,0.0131166238503216,0.0162353049052668));
#15224=CARTESIAN_POINT('',(0.0273815420538183,0.013116211447811,0.0161180466955547));
#15225=CARTESIAN_POINT('',(0.0271900899266142,0.0131153989901703,0.0161180466955547));
#15226=CARTESIAN_POINT('',(0.0271900899266142,0.0131153989901703,0.0161180466955547));
#15227=CARTESIAN_POINT('',(0.0271804929331116,0.0131153582637976,0.0169237379600205));
#15228=CARTESIAN_POINT('',(0.026888334800526,0.0131141184441592,0.0161732546684901));
#15229=CARTESIAN_POINT('',(0.0275757548839388,0.0131170356209349,0.0179069347267312));
#15230=CARTESIAN_POINT('',(0.0266302461545966,0.013113023203822,0.016299556798458));
#15231=CARTESIAN_POINT('',(0.0266038041571366,0.013112910992988,0.0162614916022248));
#15232=CARTESIAN_POINT('',(0.0265774749256206,0.0131127992606942,0.0162235887458287));
#15233=CARTESIAN_POINT('',(0.0274450623986054,0.0131164810065264,0.017229711372399));
#15234=CARTESIAN_POINT('',(0.0269312037628056,0.0131143003654388,0.0160050159197354));
#15235=CARTESIAN_POINT('',(0.0273046865225729,0.0131158852991048,0.0168620234192153));
#15236=CARTESIAN_POINT('',(0.0272849431081774,0.0131158015147765,0.0159283386242587));
#15237=CARTESIAN_POINT('',(0.0272849431081774,0.0131158015147765,0.0159283386242587));
#15238=CARTESIAN_POINT('',(0.0275793953159746,0.0131170510696889,0.0159283386242587));
#15239=CARTESIAN_POINT('',(0.0277385508077384,0.0131177264714054,0.0160930238517948));
#15240=CARTESIAN_POINT('',(0.0277385508077384,0.0131177264714054,0.0160930238517948));
#15241=CARTESIAN_POINT('',(0.0277385508077384,0.0131177264714054,0.0160930238517948));
#15242=CARTESIAN_POINT('',(0.0278977062995024,0.0131184018731219,0.0162577090793308));
#15243=CARTESIAN_POINT('',(0.0278977062995024,0.0131184018731219,0.0165649663236384));
#15244=CARTESIAN_POINT('',(0.0278977062995024,0.0131184018731219,0.0165649663236384));
#15245=CARTESIAN_POINT('',(0.0266246631672537,0.0131129995115247,0.01657541518131));
#15246=CARTESIAN_POINT('',(0.0277692978526476,0.013117856951395,0.0171314283742117));
#15247=CARTESIAN_POINT('',(0.0267612572338368,0.0131135791702346,0.0166521873786131));
#15248=CARTESIAN_POINT('',(0.0274138386892585,0.0131163485037352,0.0175571511750482));
#15249=CARTESIAN_POINT('',(0.0274138386892585,0.0131163485037352,0.0175571511750482));
#15250=CARTESIAN_POINT('',(0.0271865983984585,0.0131153841733136,0.017720090622787));
#15251=CARTESIAN_POINT('',(0.0269375360566854,0.0131143272375379,0.017720090622787));
#15252=CARTESIAN_POINT('',(0.0269375360566854,0.0131143272375379,0.017720090622787));
#15253=CARTESIAN_POINT('',(0.0269375360566854,0.0131143272375379,0.017720090622787));
#15254=CARTESIAN_POINT('',(0.0267140782547207,0.0131133789587111,0.017720090622787));
#15255=CARTESIAN_POINT('',(0.0265784905780077,0.0131128035707771,0.0176173805780517));
#15256=CARTESIAN_POINT('',(0.0265784905780077,0.0131128035707771,0.0176173805780517));
#15257=CARTESIAN_POINT('',(0.0267648012333787,0.013113594209762,0.0173544988756723));
#15258=CARTESIAN_POINT('',(0.0400509693422903,0.0131699761834341,0.0292377173124502));
#15259=CARTESIAN_POINT('',(0.0411825821746727,0.013174778362994,0.0292377173124502));
#15260=CARTESIAN_POINT('',(0.038919354270336,0.0131651739943702,0.0292375113839113));
#15261=CARTESIAN_POINT('',(0.0388767667339151,0.0131649932673661,0.0253215888425527));
#15262=CARTESIAN_POINT('',(0.0384455011325692,0.0131631631229948,0.0292131911763902));
#15263=CARTESIAN_POINT('',(0.0385893186542613,0.0131637734355887,0.0278369202789017));
#15264=CARTESIAN_POINT('',(0.0381266634080203,0.0131618100842523,0.0291397978329055));
#15265=CARTESIAN_POINT('',(0.0382967681464816,0.0131625319508437,0.0286505467424503));
#15266=CARTESIAN_POINT('',(0.0379334205506311,0.0131609900273624,0.0290182930498785));
#15267=CARTESIAN_POINT('',(0.0382637399311705,0.0131623917903436,0.0287132958815479));
#15268=CARTESIAN_POINT('',(0.0378347530379231,0.0131605713160336,0.0288473477923354));
#15269=CARTESIAN_POINT('',(0.0386318818801006,0.0131639540594269,0.0286040436564378));
#15270=CARTESIAN_POINT('',(0.0377984988038504,0.0131604174654083,0.0286276555771192));
#15271=CARTESIAN_POINT('',(0.0443794962328176,0.0131883449777456,0.0283724074652552));
#15272=CARTESIAN_POINT('',(0.0377934180341249,0.0131603959043516,0.0283590305092491));
#15273=CARTESIAN_POINT('',(0.0431331179686915,0.0131830557727696,0.0283462474278484));
#15274=CARTESIAN_POINT('',(0.0378003805809413,0.0131604254510296,0.0280765981419911));
#15275=CARTESIAN_POINT('',(0.0386100832131246,0.0131638615533065,0.0281095978010422));
#15276=CARTESIAN_POINT('',(0.037845381259973,0.0131606164185892,0.0278421376976686));
#15277=CARTESIAN_POINT('',(0.0382950909853432,0.0131625248335429,0.0280061852224956));
#15278=CARTESIAN_POINT('',(0.0379669314000129,0.0131611322359972,0.0276576502257942));
#15279=CARTESIAN_POINT('',(0.0379669314000129,0.0131611322359972,0.0276576502257942));
#15280=CARTESIAN_POINT('',(0.0380500920768241,0.0131614851415943,0.0275782546005859));
#15281=CARTESIAN_POINT('',(0.038204174689331,0.0131621390157385,0.0275255333949139));
#15282=CARTESIAN_POINT('',(0.038204174689331,0.0131621390157385,0.0275255333949139));
#15283=CARTESIAN_POINT('',(0.0387834687729257,0.0131645973425865,0.0293837508861142));
#15284=CARTESIAN_POINT('',(0.0385945610956149,0.0131637956827249,0.0274452288592735));
#15285=CARTESIAN_POINT('',(0.039122948390583,0.0131660379784951,0.0326281981046281));
#15286=CARTESIAN_POINT('',(0.0391760538417396,0.013166263339948,0.0274178176619212));
#15287=CARTESIAN_POINT('',(0.0399910308922111,0.0131697218250603,0.0274175804499666));
#15288=CARTESIAN_POINT('',(0.0408060055249614,0.0131731802999125,0.0274175804499666));
#15289=CARTESIAN_POINT('',(0.0408060055249614,0.0131731802999125,0.026821328719153));
#15290=CARTESIAN_POINT('',(0.0408060055249614,0.0131731802999125,0.0262250769883395));
#15291=CARTESIAN_POINT('',(0.0409942938498171,0.0131739793314532,0.0262250769883395));
#15292=CARTESIAN_POINT('',(0.0411825821746727,0.013174778362994,0.0262250769883395));
#15293=CARTESIAN_POINT('',(0.0411825821746727,0.013174778362994,0.0277313971503948));
#15294=CARTESIAN_POINT('',(0.0125071229413152,0.0130530894776602,0.0162951145321131));
#15295=CARTESIAN_POINT('',(0.00813317863283821,0.013034527947291,0.0162951145321131));
#15296=CARTESIAN_POINT('',(0.0421501950025559,0.0131788845823749,0.033));
#15297=CARTESIAN_POINT('',(0.0421501950025559,0.0131788845823749,0.03033));
#15298=CARTESIAN_POINT('',(0.0421501950025559,0.0131788845823749,0.0016));
#15299=CARTESIAN_POINT('',(0.00116999999999936,0.0130049785880527,0.0016));
#15300=CARTESIAN_POINT('',(-0.00029581958997273,0.0129987581488069,0.0016));
#15301=CARTESIAN_POINT('',(-0.00029581958997273,0.0129987581488069,0.033));
#15302=CARTESIAN_POINT('',(-0.00029581958997273,0.0129987581488069,0.03033));
#15303=CARTESIAN_POINT('',(0.0222399281106836,0.0130943921888947,0.03033));
#15304=CARTESIAN_POINT('',(0.00458113430067897,-0.00047704485617578,0.0161494396161288));
#15305=CARTESIAN_POINT('',(0.00458113430067897,-0.00216983544416726,0.00139279058799148));
#15306=CARTESIAN_POINT('',(0.00458113430067897,-0.00216983544416726,0.00139279058799148));
#15307=CARTESIAN_POINT('',(0.00458113430067897,-0.00216983544416726,0.000292790587991476));
#15308=CARTESIAN_POINT('',(0.00458113430067897,-0.00047704485617578,0.00139279058799148));
#15309=CARTESIAN_POINT('',(0.00458113430067897,-0.00197704485617578,0.00139279058799148));
#15310=CARTESIAN_POINT('',(0.00458113430067897,-0.00197704485617578,0.033));
#15311=CARTESIAN_POINT('',(0.00458113430067897,-0.00197704485617578,0.031));
#15312=CARTESIAN_POINT('',(0.00458113430067897,0.010705674693175,0.031));
#15313=CARTESIAN_POINT('',(0.00458113430067897,-0.00047704485617578,0.031));
#15314=CARTESIAN_POINT('',(0.00458113430067897,-0.00047704485617578,0.0161494396161288));
#15315=CARTESIAN_POINT('',(0.00458113430067897,-0.00047704485617578,0.0320060886442662));
#15316=CARTESIAN_POINT('',(0.00458113430067897,-0.00047704485617578,0.0320060886442662));
#15317=CARTESIAN_POINT('',(0.00458113430067897,-0.00180095621190966,0.0320060886442662));
#15318=CARTESIAN_POINT('',(0.00458113430067897,-0.00347704485617578,0.03033));
#15319=CARTESIAN_POINT('',(0.00458113430067897,-0.00258378514377406,0.0312232597124017));
#15320=CARTESIAN_POINT('',(0.00458113430067897,-0.00258378514377407,0.0312232597124017));
#15321=CARTESIAN_POINT('',(0.00458113430067897,-0.00258378514377407,0.000706740287598286));
#15322=CARTESIAN_POINT('',(0.00458113430067897,-0.00187704485617578,0.));
#15323=CARTESIAN_POINT('',(0.04176015406847,-0.00047704485617578,0.0161494396161288));
#15324=CARTESIAN_POINT('',(0.04176015406847,-0.00197704485617578,0.033));
#15325=CARTESIAN_POINT('',(0.04176015406847,-0.00197704485617578,0.031));
#15326=CARTESIAN_POINT('',(0.04176015406847,-0.00197704485617578,0.00139279058799148));
#15327=CARTESIAN_POINT('',(0.04176015406847,-0.00047704485617578,0.00139279058799148));
#15328=CARTESIAN_POINT('',(0.04176015406847,-0.00216983544416726,0.00139279058799148));
#15329=CARTESIAN_POINT('',(0.04176015406847,-0.00216983544416726,0.00139279058799148));
#15330=CARTESIAN_POINT('',(0.04176015406847,-0.00216983544416726,0.000292790587991476));
#15331=CARTESIAN_POINT('',(0.04176015406847,-0.00187704485617578,0.));
#15332=CARTESIAN_POINT('',(0.04176015406847,-0.00258378514377407,0.000706740287598285));
#15333=CARTESIAN_POINT('',(0.04176015406847,-0.00258378514377407,0.0161494396161288));
#15334=CARTESIAN_POINT('',(0.04176015406847,-0.00258378514377406,0.0312232597124017));
#15335=CARTESIAN_POINT('',(0.04176015406847,-0.00347704485617578,0.03033));
#15336=CARTESIAN_POINT('',(0.04176015406847,-0.00180095621190966,0.0320060886442662));
#15337=CARTESIAN_POINT('',(0.04176015406847,-0.00047704485617578,0.0320060886442662));
#15338=CARTESIAN_POINT('',(0.04176015406847,-0.00047704485617578,0.0320060886442662));
#15339=CARTESIAN_POINT('',(0.04176015406847,-0.00047704485617578,0.0161494396161288));
#15340=CARTESIAN_POINT('',(0.04176015406847,-0.00047704485617578,0.031));
#15341=CARTESIAN_POINT('',(0.04176015406847,0.010705674693175,0.031));
#15342=CARTESIAN_POINT('',(0.0426534137808717,-0.00258378514377407,0.03033));
#15343=CARTESIAN_POINT('',(0.0426534137808717,-0.00347704485617578,0.033));
#15344=CARTESIAN_POINT('',(0.0426534137808717,-0.00347704485617578,0.03033));
#15345=CARTESIAN_POINT('',(0.0426534137808717,-0.00347704485617578,0.0016));
#15346=CARTESIAN_POINT('',(0.0426534137808717,-0.00258378514377407,0.0312232597124017));
#15347=CARTESIAN_POINT('',(0.0426534137808717,-0.00258378514377407,0.000706740287598279));
#15348=CARTESIAN_POINT('',(0.00368787458827725,-0.00258378514377407,0.0312232597124017));
#15349=CARTESIAN_POINT('',(0.00368787458827725,-0.00258378514377407,0.0312232597124017));
#15350=CARTESIAN_POINT('',(0.00368787458827725,-0.00347704485617578,0.03033));
#15351=CARTESIAN_POINT('',(0.00368787458827725,-0.00347704485617578,0.0312232597124017));
#15352=CARTESIAN_POINT('',(0.00368787458827726,-0.00347704485617578,0.0016));
#15353=CARTESIAN_POINT('',(0.00368787458827726,-0.00258378514377407,0.00070674028759829));
#15354=CARTESIAN_POINT('',(0.0257570166140753,-0.00347704485617578,0.033));
#15355=CARTESIAN_POINT('',(0.0257570166140753,-0.00347704485617578,0.03033));
#15356=CARTESIAN_POINT('',(0.0503440332281506,-0.00347704485617578,0.03033));
#15357=CARTESIAN_POINT('',(0.0503440332281506,-0.00347704485617578,0.0016));
#15358=CARTESIAN_POINT('',(0.0503440332281506,-0.00347704485617578,0.0016));
#15359=CARTESIAN_POINT('',(0.0503440332281506,-0.00347704485617578,0.033));
#15360=CARTESIAN_POINT('',(0.0257570166140753,-0.00197704485617578,0.033));
#15361=CARTESIAN_POINT('',(0.0257570166140753,-0.00197704485617578,0.031));
#15362=CARTESIAN_POINT('',(0.0495826629792211,-0.00197704485617578,0.031));
#15363=CARTESIAN_POINT('',(0.0495826629792211,-0.00197704485617578,0.033));
#15364=CARTESIAN_POINT('',(0.0495826629792211,-0.00197704485617578,0.0012));
#15365=CARTESIAN_POINT('',(0.0257570166140753,-0.00197704485617578,0.0012));
#15366=CARTESIAN_POINT('',(0.04176015406847,-0.00197704485617578,0.0012));
#15367=CARTESIAN_POINT('',(0.04176015406847,-0.00197704485617578,0.033));
#15368=CARTESIAN_POINT('',(0.0257570166140751,0.010705674693175,0.031));
#15369=CARTESIAN_POINT('',(0.0257570166140751,-0.000477044856175781,0.031));
#15370=CARTESIAN_POINT('',(0.0257570166140753,-0.00197704485617578,0.031));
#15371=CARTESIAN_POINT('',(0.002,-0.00197704485617578,0.031));
#15372=CARTESIAN_POINT('',(0.,2.29551438242197E-5,0.031));
#15373=CARTESIAN_POINT('',(5.42101086242752E-20,2.29551438242196E-5,0.031));
#15374=CARTESIAN_POINT('',(0.,-0.00098852242808789,0.031));
#15375=CARTESIAN_POINT('',(-5.44215280479099E-16,0.01117,0.031));
#15376=CARTESIAN_POINT('',(0.00016499851430621,0.0113357001975147,0.031));
#15377=CARTESIAN_POINT('',(0.000329997028612919,0.0115014003950294,0.031));
#15378=CARTESIAN_POINT('',(0.0222462935426354,0.0115944056951968,0.031));
#15379=CARTESIAN_POINT('',(0.0441625900566578,0.0116874109953642,0.031));
#15380=CARTESIAN_POINT('',(0.0441625900566578,0.0122918719425797,0.031));
#15381=CARTESIAN_POINT('',(0.0441625900566578,0.0128963328897953,0.031));
#15382=CARTESIAN_POINT('',(0.0439063925296068,0.0132189588621259,0.031));
#15383=CARTESIAN_POINT('',(0.0436501950025559,0.0135415848344564,0.031));
#15384=CARTESIAN_POINT('',(0.0436501950025559,0.0179384155198931,0.031));
#15385=CARTESIAN_POINT('',(0.0436501950025559,0.0223352462053299,0.031));
#15386=CARTESIAN_POINT('',(0.0441641376796112,0.0228618202239279,0.031));
#15387=CARTESIAN_POINT('',(0.0446780803566666,0.0233883942425259,0.031));
#15388=CARTESIAN_POINT('',(0.045010477561031,0.0233883942425259,0.031));
#15389=CARTESIAN_POINT('',(0.0509140332281495,0.0233883942425259,0.031));
#15390=CARTESIAN_POINT('',(0.0512140332281495,0.0230883942425259,0.031));
#15391=CARTESIAN_POINT('',(0.0515140332281495,0.0227883942425259,0.031));
#15392=CARTESIAN_POINT('',(0.05151403322815,0.0116883942425259,0.031));
#15393=CARTESIAN_POINT('',(0.0515140332281506,-4.56746072462347E-5,0.031));
#15394=CARTESIAN_POINT('',(0.0495826629792211,-4.56746072463289E-5,0.031));
#15395=CARTESIAN_POINT('',(0.0476411134004593,0.0174455437809229,0.031));
#15396=CARTESIAN_POINT('',(0.0498911134004593,0.0174455437809229,0.031));
#15397=CARTESIAN_POINT('',(0.0257570166140751,0.00957266847292285,0.031));
#15398=CARTESIAN_POINT('',(0.00499664625320584,0.00957266847292285,0.031));
#15399=CARTESIAN_POINT('',(0.0110966462532058,0.00957266847292285,0.031));
#15400=CARTESIAN_POINT('',(0.00499664625320584,0.010705674693175,0.031));
#15401=CARTESIAN_POINT('',(0.00499664625320584,0.00587266847292285,0.031));
#15402=CARTESIAN_POINT('',(0.0257570166140751,0.00587266847292285,0.031));
#15403=CARTESIAN_POINT('',(0.0110966462532058,0.00587266847292285,0.031));
#15404=CARTESIAN_POINT('',(0.0110966462532058,0.010705674693175,0.031));
#15405=CARTESIAN_POINT('',(0.,0.,0.033));
#15406=CARTESIAN_POINT('',(0.0476411134004593,0.0174455437809229,0.033));
#15407=CARTESIAN_POINT('',(0.0498911134004593,0.0174455437809229,0.033));
#15408=CARTESIAN_POINT('',(0.00117,5.69343315699324E-17,0.033));
#15409=CARTESIAN_POINT('',(0.0011699999999995,0.0103349545466184,0.033));
#15410=CARTESIAN_POINT('',(0.00117000000000004,-0.00080704485617578,0.033));
#15411=CARTESIAN_POINT('',(0.,-0.00080704485617578,0.033));
#15412=CARTESIAN_POINT('',(0.0503440332281506,-0.00080704485617578,0.033));
#15413=CARTESIAN_POINT('',(0.0503440332281506,0.,0.033));
#15414=CARTESIAN_POINT('',(0.0503440332281506,0.0222183942425259,0.033));
#15415=CARTESIAN_POINT('',(0.,0.0222183942425259,0.033));
#15416=CARTESIAN_POINT('',(0.0448201950025559,0.0222183942425259,0.033));
#15417=CARTESIAN_POINT('',(0.0448201950025559,0.,0.033));
#15418=CARTESIAN_POINT('',(0.0448201950025559,0.0105201911118374,0.033));
#15419=CARTESIAN_POINT('',(-4.38361686209118E-5,0.0103298034392156,0.033));
#15420=CARTESIAN_POINT('',(0.00499664625320584,0.00772266847292285,0.033));
#15421=CARTESIAN_POINT('',(0.00499664625320584,0.00957266847292285,0.033));
#15422=CARTESIAN_POINT('',(0.00499664625320584,0.00587266847292285,0.033));
#15423=CARTESIAN_POINT('',(0.00804664625320584,0.00957266847292285,0.033));
#15424=CARTESIAN_POINT('',(0.0110966462532058,0.00957266847292285,0.033));
#15425=CARTESIAN_POINT('',(0.0110966462532058,0.00772266847292285,0.033));
#15426=CARTESIAN_POINT('',(0.0110966462532058,0.00587266847292285,0.033));
#15427=CARTESIAN_POINT('',(0.00804664625320584,0.00587266847292285,0.033));
#15428=CARTESIAN_POINT('',(0.025757016614075,0.010705674693175,0.0012));
#15429=CARTESIAN_POINT('',(0.0257570166140753,-0.00197704485617578,0.0012));
#15430=CARTESIAN_POINT('',(0.002,-0.00197704485617578,0.0012));
#15431=CARTESIAN_POINT('',(0.00458113430067897,-0.00197704485617578,0.0012));
#15432=CARTESIAN_POINT('',(0.00458113430067897,0.010705674693175,0.0012));
#15433=CARTESIAN_POINT('',(0.00458113430067897,-0.00195451849140227,0.0012));
#15434=CARTESIAN_POINT('',(0.00458113430067897,0.010705674693175,0.0012));
#15435=CARTESIAN_POINT('',(0.00458113430067897,-0.00047704485617578,0.0012));
#15436=CARTESIAN_POINT('',(0.025757016614075,-0.000477044856175781,0.0012));
#15437=CARTESIAN_POINT('',(0.04176015406847,-0.00047704485617578,0.0012));
#15438=CARTESIAN_POINT('',(0.04176015406847,0.010705674693175,0.0012));
#15439=CARTESIAN_POINT('',(0.04176015406847,-0.00195451849140227,0.0012));
#15440=CARTESIAN_POINT('',(0.04176015406847,0.010705674693175,0.0012));
#15441=CARTESIAN_POINT('',(0.0495826629792211,-4.56746072463289E-5,0.0012));
#15442=CARTESIAN_POINT('',(0.0515140332281506,-4.56746072462347E-5,0.0012));
#15443=CARTESIAN_POINT('',(0.05151403322815,0.0116883942425259,0.0012));
#15444=CARTESIAN_POINT('',(0.0515140332281495,0.0227883942425259,0.0012));
#15445=CARTESIAN_POINT('',(0.0512140332281495,0.0230883942425259,0.0012));
#15446=CARTESIAN_POINT('',(0.0509140332281495,0.0233883942425259,0.0012));
#15447=CARTESIAN_POINT('',(0.045010477561031,0.0233883942425259,0.0012));
#15448=CARTESIAN_POINT('',(0.0446780803566666,0.0233883942425259,0.0012));
#15449=CARTESIAN_POINT('',(0.0441641376796112,0.0228618202239279,0.0012));
#15450=CARTESIAN_POINT('',(0.0436501950025559,0.0223352462053299,0.0012));
#15451=CARTESIAN_POINT('',(0.0436501950025559,0.0179384155198931,0.0012));
#15452=CARTESIAN_POINT('',(0.0436501950025559,0.0135415848344564,0.0012));
#15453=CARTESIAN_POINT('',(0.0439063925296068,0.0132189588621259,0.0012));
#15454=CARTESIAN_POINT('',(0.0441625900566578,0.0128963328897953,0.0012));
#15455=CARTESIAN_POINT('',(0.0441625900566578,0.0122918719425797,0.0012));
#15456=CARTESIAN_POINT('',(0.0441625900566578,0.0116874109953642,0.0012));
#15457=CARTESIAN_POINT('',(0.0222462935426354,0.0115944056951968,0.0012));
#15458=CARTESIAN_POINT('',(0.000329997028612919,0.0115014003950294,0.0012));
#15459=CARTESIAN_POINT('',(0.00016499851430621,0.0113357001975147,0.0012));
#15460=CARTESIAN_POINT('',(-5.44215280479099E-16,0.01117,0.0012));
#15461=CARTESIAN_POINT('',(0.,-0.00098852242808789,0.0012));
#15462=CARTESIAN_POINT('',(0.,2.29551438242197E-5,0.0012));
#15463=CARTESIAN_POINT('',(0.,2.29551438242197E-5,0.0012));
#15464=CARTESIAN_POINT('',(0.0495826629792211,-4.56746072463289E-5,0.033));
#15465=CARTESIAN_POINT('',(0.0515140332281506,-4.56746072462347E-5,0.033));
#15466=CARTESIAN_POINT('',(0.,2.29551438242197E-5,0.033));
#15467=CARTESIAN_POINT('',(0.,2.29551438242197E-5,0.));
#15468=CARTESIAN_POINT('',(0.002,-0.00197704485617578,0.033));
#15469=CARTESIAN_POINT('',(0.0439063925296068,0.0132189588621259,0.033));
#15470=CARTESIAN_POINT('',(0.0436501950025559,0.0135415848344564,0.033));
#15471=CARTESIAN_POINT('',(0.0441625900566578,0.0128963328897953,0.033));
#15472=CARTESIAN_POINT('',(0.0441625900566578,0.0122918719425797,0.033));
#15473=CARTESIAN_POINT('',(0.0441625900566578,0.0116874109953642,0.033));
#15474=CARTESIAN_POINT('',(0.0222462935426354,0.0115944056951968,0.033));
#15475=CARTESIAN_POINT('',(0.0125134883732669,0.0115531029839623,0.0162951145321131));
#15476=CARTESIAN_POINT('',(0.00813954406478991,0.0115345414535931,0.0162951145321131));
#15477=CARTESIAN_POINT('',(0.000329997028612919,0.0115014003950294,0.033));
#15478=CARTESIAN_POINT('',(0.0441641376796112,0.0228618202239279,0.033));
#15479=CARTESIAN_POINT('',(0.0446780803566666,0.0233883942425259,0.033));
#15480=CARTESIAN_POINT('',(0.0436501950025559,0.0223352462053299,0.033));
#15481=CARTESIAN_POINT('',(0.0436501950025559,0.0179384155198931,0.033));
#15482=CARTESIAN_POINT('',(0.00016499851430621,0.0113357001975147,0.033));
#15483=CARTESIAN_POINT('',(-5.44215280479099E-16,0.01117,0.033));
#15484=CARTESIAN_POINT('',(0.,-0.00098852242808789,0.033));
#15485=CARTESIAN_POINT('',(0.0257570166140753,-0.00197704485617578,0.033));
#15486=CARTESIAN_POINT('',(0.00458113430067897,-0.00197704485617578,0.033));
#15487=CARTESIAN_POINT('',(0.05151403322815,0.0116883942425259,0.033));
#15488=CARTESIAN_POINT('',(0.0515140332281495,0.0227883942425259,0.033));
#15489=CARTESIAN_POINT('',(0.0512140332281495,0.0230883942425259,0.033));
#15490=CARTESIAN_POINT('',(0.0509140332281495,0.0233883942425259,0.033));
#15491=CARTESIAN_POINT('',(0.045010477561031,0.0233883942425259,0.033));
#15492=CARTESIAN_POINT('',(0.0125283410478209,0.00805313449866725,0.0162951145321131));
#15493=CARTESIAN_POINT('',(0.045010477561031,0.0248883942425259,0.033));
#15494=CARTESIAN_POINT('',(0.0515353535717091,0.0248883942425259,0.033));
#15495=CARTESIAN_POINT('',(0.0515353535717091,0.0248883942425259,0.03033));
#15496=CARTESIAN_POINT('',(0.0515353535717091,0.0248883942425259,0.0016));
#15497=CARTESIAN_POINT('',(0.0440460667999896,0.0248883942425259,0.0016));
#15498=CARTESIAN_POINT('',(0.0440460667999896,0.0248883942425259,0.0016));
#15499=CARTESIAN_POINT('',(0.0440460667999896,0.0248883942425259,0.033));
#15500=CARTESIAN_POINT('',(0.0440460667999896,0.0248883942425259,0.03033));
#15501=CARTESIAN_POINT('',(0.045010477561031,0.0248883942425259,0.03033));
#15502=CARTESIAN_POINT('',(0.0430906807280332,0.023909527326657,0.033));
#15503=CARTESIAN_POINT('',(0.0537938478859248,0.0348757498134692,0.0115873555709433));
#15504=CARTESIAN_POINT('',(0.0431096383591993,0.0239289508858824,0.000640556643356476));
#15505=CARTESIAN_POINT('',(0.0324864038867696,0.0130446256169507,0.0112637911157862));
#15506=CARTESIAN_POINT('',(0.0421501950025559,0.0229459269680798,0.0016));
#15507=CARTESIAN_POINT('',(0.0421501950025559,0.0229459269680798,0.033));
#15508=CARTESIAN_POINT('',(0.0421501950025559,0.0229459269680798,0.03033));
#15509=CARTESIAN_POINT('',(0.0436577794513993,0.0244905638255435,0.0318375844488434));
#15510=CARTESIAN_POINT('',(0.0431096383591993,0.0239289508858824,0.0312894433566435));
#15511=CARTESIAN_POINT('',(0.0425316593103682,0.0233367666521226,0.0318816275904033));
#15512=CARTESIAN_POINT('',(0.0421501950025559,0.0179384155198931,0.033));
#15513=CARTESIAN_POINT('',(0.0421501950025559,0.0131788845823749,0.0016));
#15514=CARTESIAN_POINT('',(0.0421501950025559,0.0179384155198931,0.03033));
#15515=CARTESIAN_POINT('',(-0.000897909794986665,0.0123941074565772,0.033));
#15516=CARTESIAN_POINT('',(0.00973923202332731,0.0230764854627783,0.0116350516133005));
#15517=CARTESIAN_POINT('',(-0.000362909794986685,0.0129313826317072,0.00153290979498605));
#15518=CARTESIAN_POINT('',(-0.0111793954148248,0.00206889813509049,0.0123493954148247));
#15519=CARTESIAN_POINT('',(-0.000721976790541836,0.0125707886449402,0.00189197679054123));
#15520=CARTESIAN_POINT('',(-0.000721976790541836,0.0125707886449402,0.033));
#15521=CARTESIAN_POINT('',(-0.000721976790541836,0.0125707886449402,0.0307561572005691));
#15522=CARTESIAN_POINT('',(-0.00158526020290786,0.0117038339784621,0.0316194406129352));
#15523=CARTESIAN_POINT('',(-0.00150000000000027,0.00558499999999993,0.033));
#15524=CARTESIAN_POINT('',(-0.00149999999999998,-0.000477044856175782,0.00267));
#15525=CARTESIAN_POINT('',(-0.00150000000000052,0.0106868237238089,0.00267));
#15526=CARTESIAN_POINT('',(-0.00150000000000003,0.000628905355360299,0.00267));
#15527=CARTESIAN_POINT('',(-0.00150000000000003,0.000628905355360299,0.033));
#15528=CARTESIAN_POINT('',(-0.00150000000000003,0.000628905355360299,0.03033));
#15529=CARTESIAN_POINT('',(-0.00150000000000027,0.00558499999999993,0.03033));
#15530=CARTESIAN_POINT('',(-0.00150000000000052,0.0106868237238089,0.03033));
#15531=CARTESIAN_POINT('',(-0.00150000000000052,0.0106868237238089,0.033));
#15532=CARTESIAN_POINT('',(0.0257570166140753,-0.00347704485617578,0.033));
#15533=CARTESIAN_POINT('',(0.0503440332281506,-0.00347704485617578,0.0016));
#15534=CARTESIAN_POINT('',(0.0015,-0.00347704485617578,0.0016));
#15535=CARTESIAN_POINT('',(0.0257570166140753,-0.00347704485617578,0.03033));
#15536=CARTESIAN_POINT('',(0.0015,-0.00347704485617578,0.03033));
#15537=CARTESIAN_POINT('',(0.0015,-0.00347704485617578,0.033));
#15538=CARTESIAN_POINT('',(0.0530140332281506,-0.00069432530682495,0.033));
#15539=CARTESIAN_POINT('',(0.0530140332281506,-0.00080704485617578,0.033));
#15540=CARTESIAN_POINT('',(0.0530140332281506,-0.00080704485617578,0.03033));
#15541=CARTESIAN_POINT('',(0.0530140332281506,-0.00080704485617578,0.0016));
#15542=CARTESIAN_POINT('',(0.0530140332281506,0.0234097145860856,0.0016));
#15543=CARTESIAN_POINT('',(0.0530140332281495,0.0234097145860856,0.0016));
#15544=CARTESIAN_POINT('',(0.0530140332281495,0.0234097145860856,0.033));
#15545=CARTESIAN_POINT('',(0.0530140332281495,0.0234097145860856,0.03033));
#15546=CARTESIAN_POINT('',(0.0530140332281506,-0.00069432530682495,0.03033));
#15547=CARTESIAN_POINT('',(0.0522746933999293,0.0241490544143058,0.033));
#15548=CARTESIAN_POINT('',(0.0629878066760034,0.0134359411382321,0.0115737734478528));
#15549=CARTESIAN_POINT('',(0.0522746933999298,0.0241490544143052,0.000860660171779271));
#15550=CARTESIAN_POINT('',(0.0415615801238557,0.0348621676903788,0.0115737734478528));
#15551=CARTESIAN_POINT('',(0.0529182467905226,0.0235055010237125,0.0317128932188134));
#15552=CARTESIAN_POINT('',(0.0522746933999298,0.0241490544143052,0.0310693398282208));
#15553=CARTESIAN_POINT('',(0.0516311400093363,0.0247926078048986,0.0317128932188143));
#15554=CARTESIAN_POINT('',(0.,0.,0.));
#15555=CARTESIAN_POINT('',(0.0514140332281506,-0.00080704485617578,0.));
#15556=CARTESIAN_POINT('',(0.0514140332281506,0.0232883942425259,0.));
#15557=CARTESIAN_POINT('',(0.0514140332281506,-0.00187704485617578,0.));
#15558=CARTESIAN_POINT('',(0.0015,-0.00187704485617578,0.));
#15559=CARTESIAN_POINT('',(0.00117000000000009,-0.00187704485617578,0.));
#15560=CARTESIAN_POINT('',(0.00116999999999943,0.0117894567643475,0.));
#15561=CARTESIAN_POINT('',(0.00116999999999944,0.0114049641812007,0.));
#15562=CARTESIAN_POINT('',(0.0421569847966376,0.0115788989890971,0.));
#15563=CARTESIAN_POINT('',(0.0437501950025559,0.0115856600307419,0.));
#15564=CARTESIAN_POINT('',(0.0437501950025559,0.0229459269680798,0.));
#15565=CARTESIAN_POINT('',(0.0437501950025559,0.0232883942425259,0.));
#15566=CARTESIAN_POINT('',(0.0515353535717091,0.0232883942425259,0.));
#15567=CARTESIAN_POINT('',(0.0015,-0.00347704485617578,0.033));
#15568=CARTESIAN_POINT('',(-0.0096099999999997,0.00763295514382401,0.0107799999999993));
#15569=CARTESIAN_POINT('',(-0.00071797510576812,-0.00125906975040764,0.00188797510576818));
#15570=CARTESIAN_POINT('',(0.000535000000000062,-0.00251204485617583,0.000635000000000056));
#15571=CARTESIAN_POINT('',(0.0119666666666666,-0.0139437115228425,0.0120666666666667));
#15572=CARTESIAN_POINT('',(0.00061,-0.00258704485617577,0.03122));
#15573=CARTESIAN_POINT('',(5.14996031930615E-17,-0.00197704485617582,0.03183));
#15574=CARTESIAN_POINT('',(0.00139000000000006,-0.00336704485617584,0.03322));
#15575=CARTESIAN_POINT('',(-0.00071797510576812,-0.00125906975040764,0.0311120248942319));
#15576=CARTESIAN_POINT('',(-0.00071797510576812,-0.00125906975040764,0.033));
#15577=CARTESIAN_POINT('',(0.0530140332281506,-0.00080704485617578,0.033));
#15578=CARTESIAN_POINT('',(0.0416573665614839,-0.0121637115228424,0.0102866666666666));
#15579=CARTESIAN_POINT('',(0.0516790332281506,-0.00214204485617578,0.000265));
#15580=CARTESIAN_POINT('',(0.0634806998948172,0.00965962181049089,0.0120666666666667));
#15581=CARTESIAN_POINT('',(0.0521240332281506,-0.00169704485617578,0.03122));
#15582=CARTESIAN_POINT('',(0.0516790332281506,-0.00214204485617578,0.031665));
#15583=CARTESIAN_POINT('',(0.0530140332281506,-0.00080704485617578,0.033));
#15584=CARTESIAN_POINT('',(0.00117,5.69343315699324E-17,0.));
#15585=CARTESIAN_POINT('',(0.00179568161872533,-0.00125136323745051,-0.000625681618725269));
#15586=CARTESIAN_POINT('',(-0.000623922120105019,-0.00148613374397717,0.00179392212010509));
#15587=CARTESIAN_POINT('',(-0.00411178431797336,0.00436244936479036,0.00528178431797315));
#15588=CARTESIAN_POINT('',(0.00496625054630745,0.00762478944712096,-0.00379625054630782));
#15589=CARTESIAN_POINT('',(0.0421501950025559,0.0179384155198931,0.03033));
#15590=CARTESIAN_POINT('',(0.0405659399681117,0.0147564308429527,0.0287457449655558));
#15591=CARTESIAN_POINT('',(0.0444668545767668,0.022571734668315,0.0326466595742109));
#15592=CARTESIAN_POINT('',(-0.00150000000000003,0.000628905355360299,0.033));
#15593=CARTESIAN_POINT('',(-0.00302841314312967,0.00431882109441292,0.0288015868568706));
#15594=CARTESIAN_POINT('',(-0.00150000000000052,0.0106868237238089,0.033));
#15595=CARTESIAN_POINT('',(-0.00156909262673,0.0105195175515962,0.0328038149850481));
#15596=CARTESIAN_POINT('',(-0.000824945556810352,0.0123214521967936,0.0310050544431902));
#15597=CARTESIAN_POINT('',(-0.00116045863212159,0.0115090151682029,0.030669541367879));
#15598=CARTESIAN_POINT('',(0.0222399281106836,0.0130943921888947,0.03033));
#15599=CARTESIAN_POINT('',(0.00096603879115068,0.0105380520500676,0.0327960387911512));
#15600=CARTESIAN_POINT('',(0.045010477561031,0.0248883942425259,0.03033));
#15601=CARTESIAN_POINT('',(0.0503461813391107,0.022220542353486,0.0329978518890399));
#15602=CARTESIAN_POINT('',(-0.00150000000000027,0.00558499999999993,0.03033));
#15603=CARTESIAN_POINT('',(0.00758567220469129,0.00560862734851578,0.0394156722046916));
#15604=CARTESIAN_POINT('',(0.0530140332281506,-0.00069432530682495,0.03033));
#15605=CARTESIAN_POINT('',(0.0520864600450336,-0.00254947167305883,0.0312575731831169));
#15606=CARTESIAN_POINT('',(0.0257570166140753,-0.00347704485617578,0.03033));
#15607=CARTESIAN_POINT('',(0.0257570166140753,-0.00180095621190966,0.0320060886442662));
#15608=CARTESIAN_POINT('',(-4.83768434131291E-5,0.01139979380472,0.));
#15609=CARTESIAN_POINT('',(0.0476065918769571,0.0077455936675316,-0.00385639687440124));
#15610=CARTESIAN_POINT('',(0.0437501950025559,0.,0.));
#15611=CARTESIAN_POINT('',(0.0291667966683706,0.0378717925767112,0.0145833983341853));
#15612=CARTESIAN_POINT('',(0.,0.0232883942425259,0.));
#15613=CARTESIAN_POINT('',(0.0436512351473086,0.0155255961616839,-0.00776279808084197));
#15614=CARTESIAN_POINT('',(0.0514140332281506,0.,0.));
#15615=CARTESIAN_POINT('',(0.0342760221521004,0.0152609662198744,-0.0171380110760502));
#15616=CARTESIAN_POINT('',(0.,-0.00187704485617578,0.));
#15617=CARTESIAN_POINT('',(0.,-0.00216983544416726,0.000292790587991476));
#15618=CARTESIAN_POINT('',(0.0476411134004593,0.0174455437809229,0.008));
#15619=CARTESIAN_POINT('',(0.00804664625320584,0.00957266847292285,0.008));
#15620=CARTESIAN_POINT('',(0.0110966462532058,0.00957266847292285,0.008));
#15621=CARTESIAN_POINT('',(0.00499664625320584,0.00957266847292285,0.008));
#15622=CARTESIAN_POINT('',(0.00499664625320584,0.00772266847292285,0.008));
#15623=CARTESIAN_POINT('',(0.00499664625320584,0.00587266847292285,0.008));
#15624=CARTESIAN_POINT('',(0.00804664625320584,0.00587266847292285,0.008));
#15625=CARTESIAN_POINT('',(0.0110966462532058,0.00587266847292285,0.008));
#15626=CARTESIAN_POINT('',(0.0110966462532058,0.00772266847292285,0.008));
#15627=CARTESIAN_POINT('',(0.0259220166140753,-0.00047704485617578,0.0161494396161288));
#15628=CARTESIAN_POINT('',(0.0231706441845745,-0.00047704485617578,0.0320060886442662));
#15629=CARTESIAN_POINT('',(0.0259220166140753,-0.00047704485617578,0.0161494396161288));
#15630=CARTESIAN_POINT('',(0.00458113430067897,-0.00047704485617578,0.0161494396161288));
#15631=CARTESIAN_POINT('',(0.00458113430067897,-0.00047704485617578,0.000292790587991476));
#15632=CARTESIAN_POINT('',(0.0231706441845745,-0.00047704485617578,0.000292790587991476));
#15633=CARTESIAN_POINT('',(0.04176015406847,-0.00047704485617578,0.000292790587991476));
#15634=CARTESIAN_POINT('',(0.04176015406847,-0.00047704485617578,0.0161494396161288));
#15635=CARTESIAN_POINT('',(0.00458113430067897,-0.00047704485617578,0.0161494396161288));
#15636=CARTESIAN_POINT('',(0.00458113430067897,-0.00195451849140227,0.00139279058799148));
#15637=CARTESIAN_POINT('',(0.00458113430067897,-0.00195451849140227,0.000292790587991476));
#15638=CARTESIAN_POINT('',(0.00458113430067897,-0.00047704485617578,0.000292790587991476));
#15639=CARTESIAN_POINT('',(0.04176015406847,-0.00047704485617578,0.0161494396161288));
#15640=CARTESIAN_POINT('',(0.04176015406847,-0.00195451849140227,0.00139279058799148));
#15641=CARTESIAN_POINT('',(0.04176015406847,-0.00195451849140227,0.000292790587991476));
#15642=CARTESIAN_POINT('',(0.04176015406847,-0.00047704485617578,0.000292790587991476));
#15643=CARTESIAN_POINT('',(0.0231706441845745,-0.00047704485617578,0.0320060886442662));
#15644=CARTESIAN_POINT('',(0.0231706441845745,-0.00047704485617578,0.000292790587991476));
#15645=CARTESIAN_POINT('',(0.0231706441845745,-0.00195451849140227,0.000292790587991476));
#15646=CARTESIAN_POINT('',(0.0231706441845745,-0.00195451849140227,0.00139279058799148));
#15647=CARTESIAN_POINT('',(0.00458113430067897,-0.00195451849140227,0.00139279058799148));
#15648=CARTESIAN_POINT('',(0.00458113430067897,-0.00195451849140227,0.00139279058799148));
#15649=CARTESIAN_POINT('',(0.0231706441845745,-0.00195451849140227,0.00139279058799148));
#15650=CARTESIAN_POINT('',(0.04176015406847,-0.00195451849140227,0.00139279058799148));
#15651=CARTESIAN_POINT('',(0.04176015406847,-0.00195451849140227,0.00139279058799148));
#15652=CARTESIAN_POINT('',(0.00458113430067897,-0.00047704485617578,0.00139279058799148));
#15653=CARTESIAN_POINT('',(0.00458113430067897,-0.00047704485617578,0.00139279058799148));
#15654=CARTESIAN_POINT('',(0.,-0.00216983544416726,0.00139279058799148));
#15655=CARTESIAN_POINT('',(0.,-0.00216983544416726,0.00139279058799148));
#15656=CARTESIAN_POINT('',(0.04176015406847,-0.00047704485617578,0.00139279058799148));
#15657=CARTESIAN_POINT('',(0.04176015406847,-0.00047704485617578,0.00139279058799148));
#15658=CARTESIAN_POINT('',(0.0231706441845745,-0.00132344015017152,0.00139279058799148));
#15659=CARTESIAN_POINT('',(0.039990606530081,0.0132697209246401,0.0277313971503948));
#15660=CARTESIAN_POINT('',(0.0399910308922111,0.0131697218250603,0.0277313971503948));
#15661=CARTESIAN_POINT('',(0.0408060055249614,0.0131731802999125,0.0277313971503948));
#15662=CARTESIAN_POINT('',(0.0391760559137918,0.0131662633487411,0.0277314736529256));
#15663=CARTESIAN_POINT('',(0.0408055811628313,0.0132731793994923,0.0277313971503948));
#15664=CARTESIAN_POINT('',(0.0408055811628313,0.0132731793994923,0.0277313971503948));
#15665=CARTESIAN_POINT('',(0.039990606530081,0.0132697209246401,0.0277313971503948));
#15666=CARTESIAN_POINT('',(0.0391756315527226,0.0132662621983232,0.0277314736529257));
#15667=CARTESIAN_POINT('',(0.0391756318973308,0.0132662624497879,0.0277313971503948));
#15668=CARTESIAN_POINT('',(0.0408055811628313,0.0132731793994923,0.0283276488812084));
#15669=CARTESIAN_POINT('',(0.0408060055249614,0.0131731802999125,0.0283276488812084));
#15670=CARTESIAN_POINT('',(0.0408060055249614,0.0131731802999125,0.028923900612022));
#15671=CARTESIAN_POINT('',(0.0408055811628313,0.0132731793994923,0.028923900612022));
#15672=CARTESIAN_POINT('',(0.0408055811628313,0.0132731793994923,0.028923900612022));
#15673=CARTESIAN_POINT('',(0.0408055811628313,0.0132731793994923,0.0283276488812084));
#15674=CARTESIAN_POINT('',(0.039990606530081,0.0132697209246401,0.028923900612022));
#15675=CARTESIAN_POINT('',(0.0399910308922111,0.0131697218250603,0.028923900612022));
#15676=CARTESIAN_POINT('',(0.0391760560998878,0.0131662633495309,0.0289238486316978));
#15677=CARTESIAN_POINT('',(0.0391756318973308,0.0132662624497879,0.028923900612022));
#15678=CARTESIAN_POINT('',(0.0391756317377576,0.0132662624491107,0.0289238486316978));
#15679=CARTESIAN_POINT('',(0.039990606530081,0.0132697209246401,0.028923900612022));
#15680=CARTESIAN_POINT('',(0.0391366404770454,0.0132660969834956,0.0162226009653631));
#15681=CARTESIAN_POINT('',(0.0391370648391756,0.0131660978838965,0.0162226009653631));
#15682=CARTESIAN_POINT('',(0.0387533501835405,0.0131644695295482,0.0289178395738733));
#15683=CARTESIAN_POINT('',(0.0387529246080298,0.0132644686239789,0.0289179380947139));
#15684=CARTESIAN_POINT('',(0.0387529258214104,0.0132644686291281,0.0289178395738733));
#15685=CARTESIAN_POINT('',(0.0391366404770455,0.0132660969834763,0.0162226009653631));
#15686=CARTESIAN_POINT('',(0.0387957600953176,0.0132646504032011,0.0268674602839817));
#15687=CARTESIAN_POINT('',(0.0387961844574477,0.0131646513036221,0.0268674602839817));
#15688=CARTESIAN_POINT('',(0.0384699867275676,0.0131632670315229,0.0288914706284221));
#15689=CARTESIAN_POINT('',(0.0384695506791221,0.0132632660815101,0.0288915774918779));
#15690=CARTESIAN_POINT('',(0.0384695623654375,0.0132632661311028,0.0288914706284221));
#15691=CARTESIAN_POINT('',(0.0387957600953176,0.013264650403202,0.0268674602839817));
#15692=CARTESIAN_POINT('',(0.0385432575264755,0.0132635788682742,0.0283729054460551));
#15693=CARTESIAN_POINT('',(0.0385436818886056,0.0131635797686941,0.0283729054460551));
#15694=CARTESIAN_POINT('',(0.0382972503628222,0.0131625339972057,0.0288340946762686));
#15695=CARTESIAN_POINT('',(0.0382969530480044,0.013262533635931,0.0288338352189991));
#15696=CARTESIAN_POINT('',(0.0382968260006921,0.0132625330967855,0.0288340946762686));
#15697=CARTESIAN_POINT('',(0.0385432575264755,0.0132635788682739,0.0283729054460551));
#15698=CARTESIAN_POINT('',(0.0384106926536045,0.0132630163080904,0.0286425391122519));
#15699=CARTESIAN_POINT('',(0.0384111170157346,0.0131630172085104,0.0286425391122519));
#15700=CARTESIAN_POINT('',(0.0382080791273266,0.013162155584844,0.0287338000614647));
#15701=CARTESIAN_POINT('',(0.0382078299075727,0.0132621554276684,0.0287337276915625));
#15702=CARTESIAN_POINT('',(0.0382076547651964,0.0132621546844238,0.0287338000614647));
#15703=CARTESIAN_POINT('',(0.0384106926536045,0.0132630163080902,0.0286425391122519));
#15704=CARTESIAN_POINT('',(0.038614961811589,0.0132638831568455,0.0285673686584071));
#15705=CARTESIAN_POINT('',(0.0386153861737191,0.0131638840572656,0.0285673686584071));
#15706=CARTESIAN_POINT('',(0.0381751257552211,0.013162015741953,0.0285787017205408));
#15707=CARTESIAN_POINT('',(0.0381745656368482,0.0132620142654295,0.028578702241551));
#15708=CARTESIAN_POINT('',(0.038174701393091,0.0132620148415328,0.0285787017205408));
#15709=CARTESIAN_POINT('',(0.038614961811589,0.0132638831568455,0.0285673686584071));
#15710=CARTESIAN_POINT('',(0.0423353820466852,0.0132796713535542,0.0283766823952421));
#15711=CARTESIAN_POINT('',(0.0423358064088153,0.0131796722539846,0.0283766823952421));
#15712=CARTESIAN_POINT('',(0.0381700434295689,0.0131619941742934,0.0283588270740954));
#15713=CARTESIAN_POINT('',(0.0381696190674388,0.0132619932738732,0.0283588270740954));
#15714=CARTESIAN_POINT('',(0.0381696190674388,0.0132619932738732,0.0283588270740954));
#15715=CARTESIAN_POINT('',(0.0423353820466852,0.0132796713535644,0.0283766823952421));
#15716=CARTESIAN_POINT('',(0.0429765846024197,0.0132823923988739,0.0283396945208163));
#15717=CARTESIAN_POINT('',(0.0429770089645497,0.0131823932993093,0.0283396945208163));
#15718=CARTESIAN_POINT('',(0.0381751023483843,0.0131620156426223,0.0281227285409465));
#15719=CARTESIAN_POINT('',(0.0381745656368482,0.0132620142654295,0.0281227265758288));
#15720=CARTESIAN_POINT('',(0.0381746779862542,0.0132620147422022,0.0281227285409465));
#15721=CARTESIAN_POINT('',(0.0429765846024196,0.0132823923988891,0.0283396945208163));
#15722=CARTESIAN_POINT('',(0.0387079657741896,0.0132642778339961,0.0281374246933002));
#15723=CARTESIAN_POINT('',(0.0387083901363197,0.0131642787344162,0.0281374246933002));
#15724=CARTESIAN_POINT('',(0.0382081321797576,0.0131621558099804,0.02795322289454));
#15725=CARTESIAN_POINT('',(0.0382078299075727,0.0132621554276684,0.0279532655575976));
#15726=CARTESIAN_POINT('',(0.0382077078176275,0.0132621549095603,0.02795322289454));
#15727=CARTESIAN_POINT('',(0.0387079657741896,0.013264277833996,0.0281374246933002));
#15728=CARTESIAN_POINT('',(0.0384417436310338,0.0132631480778661,0.0280443025561344));
#15729=CARTESIAN_POINT('',(0.0384421679931639,0.0131631489782861,0.0280443025561344));
#15730=CARTESIAN_POINT('',(0.0382971890666212,0.0131625337370855,0.0278390488465864));
#15731=CARTESIAN_POINT('',(0.0382969530480044,0.013262533635931,0.0278393500953421));
#15732=CARTESIAN_POINT('',(0.0382967646903105,0.0132625328366051,0.0278390488554571));
#15733=CARTESIAN_POINT('',(0.0384417436310338,0.0132631480778659,0.0280443025561344));
#15734=CARTESIAN_POINT('',(0.0385478362614786,0.0132635982988665,0.0282404190662685));
#15735=CARTESIAN_POINT('',(0.0385482606236087,0.0131635991992864,0.0282404190662685));
#15736=CARTESIAN_POINT('',(0.0384699903184737,0.0131632670467615,0.0277726222399793));
#15737=CARTESIAN_POINT('',(0.0384695506791221,0.0132632660815101,0.0277725071381509));
#15738=CARTESIAN_POINT('',(0.0384695659563435,0.0132632661463414,0.0277726222399793));
#15739=CARTESIAN_POINT('',(0.0385478362614786,0.0132635982988663,0.0282404190662685));
#15740=CARTESIAN_POINT('',(0.0388225686191405,0.0132647641694487,0.0296526049449788));
#15741=CARTESIAN_POINT('',(0.0388229929812706,0.0131647650698692,0.0296526049449788));
#15742=CARTESIAN_POINT('',(0.0387533505002252,0.0131644695308921,0.0277402647654818));
#15743=CARTESIAN_POINT('',(0.0387529246080298,0.0132644686239789,0.0277401840180068));
#15744=CARTESIAN_POINT('',(0.0387529261380951,0.013264468630472,0.0277402647654818));
#15745=CARTESIAN_POINT('',(0.0388225686191405,0.0132647641694491,0.0296526049449788));
#15746=CARTESIAN_POINT('',(0.0400505449801601,0.0132699752830139,0.0292377173124502));
#15747=CARTESIAN_POINT('',(0.0411821578125426,0.0132747774625739,0.0292377173124502));
#15748=CARTESIAN_POINT('',(0.0411821578125426,0.0132747774625739,0.0292377173124502));
#15749=CARTESIAN_POINT('',(0.0400505449801601,0.0132699752830139,0.0292377173124502));
#15750=CARTESIAN_POINT('',(0.0389189299092669,0.0132651728439523,0.0292375113839114));
#15751=CARTESIAN_POINT('',(0.0389189321477776,0.013265173103454,0.0292377173124502));
#15752=CARTESIAN_POINT('',(0.0411821578125426,0.0132747774625739,0.0277313971503948));
#15753=CARTESIAN_POINT('',(0.0411821578125426,0.0132747774625739,0.0262250769883395));
#15754=CARTESIAN_POINT('',(0.0411821578125426,0.0132747774625739,0.0262250769883395));
#15755=CARTESIAN_POINT('',(0.0411821578125426,0.0132747774625739,0.0277313971503948));
#15756=CARTESIAN_POINT('',(0.0409938694876869,0.0132739784310331,0.0262250769883395));
#15757=CARTESIAN_POINT('',(0.0408055811628313,0.0132731793994923,0.0262250769883395));
#15758=CARTESIAN_POINT('',(0.0408055811628313,0.0132731793994923,0.0262250769883395));
#15759=CARTESIAN_POINT('',(0.0409938694876869,0.0132739784310331,0.0262250769883395));
#15760=CARTESIAN_POINT('',(0.0408055811628313,0.0132731793994923,0.026821328719153));
#15761=CARTESIAN_POINT('',(0.0408055811628313,0.0132731793994923,0.0274175804499666));
#15762=CARTESIAN_POINT('',(0.0408055811628313,0.0132731793994923,0.0274175804499666));
#15763=CARTESIAN_POINT('',(0.0408055811628313,0.0132731793994923,0.026821328719153));
#15764=CARTESIAN_POINT('',(0.039990606530081,0.0132697209246401,0.0274175804499666));
#15765=CARTESIAN_POINT('',(0.0391756318973308,0.0132662624497879,0.0274175804499666));
#15766=CARTESIAN_POINT('',(0.0391756294796095,0.0132662624395279,0.0274178176619212));
#15767=CARTESIAN_POINT('',(0.039990606530081,0.0132697209246401,0.0274175804499666));
#15768=CARTESIAN_POINT('',(0.0391225240284529,0.0132660370780776,0.0326281981046281));
#15769=CARTESIAN_POINT('',(0.0385941347874016,0.0132637947740462,0.0274451963196043));
#15770=CARTESIAN_POINT('',(0.0385941367334848,0.0132637947823047,0.0274452288592735));
#15771=CARTESIAN_POINT('',(0.0391225240284529,0.013266037078075,0.0326281981046281));
#15772=CARTESIAN_POINT('',(0.0387830444107956,0.0132645964421672,0.0293837508861142));
#15773=CARTESIAN_POINT('',(0.0382037503272009,0.0132621381153184,0.0275255333949139));
#15774=CARTESIAN_POINT('',(0.0382037503272009,0.0132621381153184,0.0275255333949139));
#15775=CARTESIAN_POINT('',(0.0387830444107956,0.0132645964421664,0.0293837508861142));
#15776=CARTESIAN_POINT('',(0.0379665070378827,0.013261131335577,0.0276576502257942));
#15777=CARTESIAN_POINT('',(0.0379669314000129,0.0131611322359972,0.0276576502257942));
#15778=CARTESIAN_POINT('',(0.0380219474890902,0.0132613666059751,0.0276047198089886));
#15779=CARTESIAN_POINT('',(0.0380223718512204,0.0131613675063953,0.0276047198089886));
#15780=CARTESIAN_POINT('',(0.0381010285855296,0.0132617021992223,0.0275606808653619));
#15781=CARTESIAN_POINT('',(0.0381014529476597,0.0131617030996424,0.0275606808653619));
#15782=CARTESIAN_POINT('',(0.0382037503272009,0.0132621381153184,0.0275255333949139));
#15783=CARTESIAN_POINT('',(0.038204174689331,0.0131621390157385,0.0275255333949139));
#15784=CARTESIAN_POINT('',(0.0379665070378827,0.013261131335577,0.0276576502257942));
#15785=CARTESIAN_POINT('',(0.0379665070378827,0.013261131335577,0.0276576502257942));
#15786=CARTESIAN_POINT('',(0.0379665070378827,0.013261131335577,0.0276576502257942));
#15787=CARTESIAN_POINT('',(0.038049667714694,0.0132614842411742,0.0275782546005859));
#15788=CARTESIAN_POINT('',(0.0382037503272009,0.0132621381153184,0.0275255333949139));
#15789=CARTESIAN_POINT('',(0.0382946666232131,0.0132625239331228,0.0280061852224956));
#15790=CARTESIAN_POINT('',(0.0378450610683509,0.0132606159602332,0.027842174445646));
#15791=CARTESIAN_POINT('',(0.0378449568978429,0.0132606155181691,0.0278421376976686));
#15792=CARTESIAN_POINT('',(0.0382946666232131,0.0132625239331227,0.0280061852224956));
#15793=CARTESIAN_POINT('',(0.0386096588509944,0.0132638606528863,0.0281095978010422));
#15794=CARTESIAN_POINT('',(0.0377998718703855,0.0132604241926634,0.0280765955208658));
#15795=CARTESIAN_POINT('',(0.0377999562188112,0.0132604245506094,0.0280765981419911));
#15796=CARTESIAN_POINT('',(0.0386096588509944,0.0132638606528863,0.0281095978010422));
#15797=CARTESIAN_POINT('',(0.0431326936065614,0.0132830548723339,0.0283462474278484));
#15798=CARTESIAN_POINT('',(0.0377929679651407,0.0132603948948403,0.0283590305512512));
#15799=CARTESIAN_POINT('',(0.0377929936719948,0.0132603950039314,0.0283590305092491));
#15800=CARTESIAN_POINT('',(0.0431326936065613,0.0132830548723495,0.0283462474278484));
#15801=CARTESIAN_POINT('',(0.0443790718706876,0.0132883440773058,0.0283724074652552));
#15802=CARTESIAN_POINT('',(0.0377979889871369,0.013260416202348,0.0286276576468178));
#15803=CARTESIAN_POINT('',(0.0377980744417203,0.0132604165649882,0.0286276555771192));
#15804=CARTESIAN_POINT('',(0.0443790718706875,0.0132883440773254,0.0283724074652552));
#15805=CARTESIAN_POINT('',(0.0386314575179705,0.0132639531590067,0.0286040436564378));
#15806=CARTESIAN_POINT('',(0.037834391396609,0.0132605706817793,0.0288473293371175));
#15807=CARTESIAN_POINT('',(0.037834328675793,0.0132605704156135,0.0288473477923354));
#15808=CARTESIAN_POINT('',(0.0386314575179705,0.0132639531590068,0.0286040436564378));
#15809=CARTESIAN_POINT('',(0.0382633155690403,0.0132623908899234,0.0287132958815479));
#15810=CARTESIAN_POINT('',(0.0379332427671583,0.0132609901733381,0.0290180456221505));
#15811=CARTESIAN_POINT('',(0.0379329961885009,0.0132609891269423,0.0290182930498785));
#15812=CARTESIAN_POINT('',(0.0382633155690403,0.0132623908899235,0.0287132958815479));
#15813=CARTESIAN_POINT('',(0.0382963437843515,0.0132625310504232,0.0286505467424503));
#15814=CARTESIAN_POINT('',(0.0381262383001353,0.0132618091806674,0.0291398065019166));
#15815=CARTESIAN_POINT('',(0.0381262390458902,0.0132618091838321,0.0291397978329055));
#15816=CARTESIAN_POINT('',(0.0382963437843515,0.0132625310504235,0.0286505467424503));
#15817=CARTESIAN_POINT('',(0.0385888942921312,0.0132637725351682,0.0278369202789017));
#15818=CARTESIAN_POINT('',(0.0384450731968908,0.0132631622074098,0.0292132396098168));
#15819=CARTESIAN_POINT('',(0.0384450767704391,0.0132631622225747,0.0292131911763902));
#15820=CARTESIAN_POINT('',(0.0385888942921312,0.0132637725351686,0.0278369202789017));
#15821=CARTESIAN_POINT('',(0.038876342371785,0.0132649923669433,0.0253215888425527));
#15822=CARTESIAN_POINT('',(0.038876342371785,0.013264992366946,0.0253215888425527));
#15823=CARTESIAN_POINT('',(0.0391366730300695,0.0132660971216299,0.0363536645428887));
#15824=CARTESIAN_POINT('',(0.0391370973921997,0.0131660980220404,0.0363536645428887));
#15825=CARTESIAN_POINT('',(0.0391366730300695,0.0132660971216203,0.0363536645428887));
#15826=CARTESIAN_POINT('',(0.0209267633441615,0.0131888204651708,0.015965));
#15827=CARTESIAN_POINT('',(0.0222399281106836,0.0130943921888947,0.033));
#15828=CARTESIAN_POINT('',(0.027553366414036,0.0132169415123198,0.0168309067794122));
#15829=CARTESIAN_POINT('',(0.0275537907761661,0.01311694241274,0.0168309067794122));
#15830=CARTESIAN_POINT('',(0.0273136148140114,0.0132159240881619,0.0168487525284503));
#15831=CARTESIAN_POINT('',(0.0273140391761415,0.013115924988582,0.0168487525284503));
#15832=CARTESIAN_POINT('',(0.027121580765448,0.0132151091610451,0.0169050054330268));
#15833=CARTESIAN_POINT('',(0.0271220051275781,0.0131151100614653,0.0169050054330268));
#15834=CARTESIAN_POINT('',(0.0269772642683458,0.0132144967309695,0.0169996654931417));
#15835=CARTESIAN_POINT('',(0.0269776886304759,0.0131144976313896,0.0169996654931417));
#15836=CARTESIAN_POINT('',(0.0275537907761661,0.01311694241274,0.0168309067794122));
#15837=CARTESIAN_POINT('',(0.0271941633761292,0.0131154162765031,0.0168576754029693));
#15838=CARTESIAN_POINT('',(0.0269776886304759,0.0131144976313896,0.0169996654931417));
#15839=CARTESIAN_POINT('',(0.0275537907761661,0.01311694241274,0.0168309067794122));
#15840=CARTESIAN_POINT('',(0.0269776886304759,0.0131144976313896,0.0169996654931417));
#15841=CARTESIAN_POINT('',(0.027553366414036,0.0132169415123198,0.0168309067794122));
#15842=CARTESIAN_POINT('',(0.027553366414036,0.0132169415123198,0.0168309067794122));
#15843=CARTESIAN_POINT('',(0.027553366414036,0.0132169415123198,0.0168309067794122));
#15844=CARTESIAN_POINT('',(0.0271937390139991,0.0132154153760829,0.0168576754029693));
#15845=CARTESIAN_POINT('',(0.0269772642683458,0.0132144967309695,0.0169996654931417));
#15846=CARTESIAN_POINT('',(0.0269772642683458,0.0132144967309695,0.0169996654931417));
#15847=CARTESIAN_POINT('',(0.0269772642683458,0.0132144967309695,0.0169996654931417));
#15848=CARTESIAN_POINT('',(0.0262300884628064,0.0132113259712545,0.0165963884902207));
#15849=CARTESIAN_POINT('',(0.0262305128249365,0.0131113268716754,0.0165963884902207));
#15850=CARTESIAN_POINT('',(0.0274318877223975,0.0131164250976863,0.0171979698834799));
#15851=CARTESIAN_POINT('',(0.0274317448499459,0.0132164253918125,0.0171981024634236));
#15852=CARTESIAN_POINT('',(0.0274314633602674,0.0132164241972662,0.0171979698834799));
#15853=CARTESIAN_POINT('',(0.0262300884628064,0.0132113259712552,0.0165963884902207));
#15854=CARTESIAN_POINT('',(0.0266283269385416,0.0132130159597508,0.0168199275832545));
#15855=CARTESIAN_POINT('',(0.0266287513006717,0.0131130168601709,0.0168199275832545));
#15856=CARTESIAN_POINT('',(0.0272250052081712,0.013115547158737,0.0174762633777779));
#15857=CARTESIAN_POINT('',(0.0272245808460411,0.0132155462583169,0.0174762633777779));
#15858=CARTESIAN_POINT('',(0.0272245808460411,0.0132155462583169,0.0174762633777779));
#15859=CARTESIAN_POINT('',(0.0266283269385416,0.0132130159597508,0.0168199275832545));
#15860=CARTESIAN_POINT('',(0.0269772642683458,0.0132144967309695,0.0175798463124118));
#15861=CARTESIAN_POINT('',(0.0269776886304759,0.0131144976313896,0.0175798463124118));
#15862=CARTESIAN_POINT('',(0.0270622247868011,0.0132148572744818,0.0175798463124118));
#15863=CARTESIAN_POINT('',(0.0270626491489312,0.0131148581749019,0.0175798463124118));
#15864=CARTESIAN_POINT('',(0.0271446636460329,0.0132152071169309,0.0175453186675338));
#15865=CARTESIAN_POINT('',(0.027145088008163,0.013115208017351,0.0175453186675338));
#15866=CARTESIAN_POINT('',(0.0272245808460411,0.0132155462583169,0.0174762633777779));
#15867=CARTESIAN_POINT('',(0.0272250052081712,0.013115547158737,0.0174762633777779));
#15868=CARTESIAN_POINT('',(0.0269776886304759,0.0131144976313896,0.0175798463124118));
#15869=CARTESIAN_POINT('',(0.0271051294081589,0.013115038446658,0.0175798463124118));
#15870=CARTESIAN_POINT('',(0.0272250052081712,0.013115547158737,0.0174762633777779));
#15871=CARTESIAN_POINT('',(0.0269776886304759,0.0131144976313896,0.0175798463124118));
#15872=CARTESIAN_POINT('',(0.0269772642683458,0.0132144967309695,0.0175798463124118));
#15873=CARTESIAN_POINT('',(0.0269772642683458,0.0132144967309695,0.0175798463124118));
#15874=CARTESIAN_POINT('',(0.0269772642683458,0.0132144967309695,0.0175798463124118));
#15875=CARTESIAN_POINT('',(0.0271047050460288,0.0132150375462379,0.0175798463124118));
#15876=CARTESIAN_POINT('',(0.0272245808460411,0.0132155462583169,0.0174762633777779));
#15877=CARTESIAN_POINT('',(0.0269629663878419,0.0132144360556328,0.0173796945678003));
#15878=CARTESIAN_POINT('',(0.026963390749972,0.013114436956053,0.0173796945678003));
#15879=CARTESIAN_POINT('',(0.0268165431535056,0.0131138137848535,0.0175146069620454));
#15880=CARTESIAN_POINT('',(0.026816363012504,0.0132138139208246,0.0175143795700167));
#15881=CARTESIAN_POINT('',(0.0268161187913755,0.0132138128844333,0.0175146069620454));
#15882=CARTESIAN_POINT('',(0.0269629663878419,0.0132144360556329,0.0173796945678003));
#15883=CARTESIAN_POINT('',(0.027011008666514,0.0132146399307057,0.0173583609768444));
#15884=CARTESIAN_POINT('',(0.0270114330286441,0.0131146408311259,0.0173583609768444));
#15885=CARTESIAN_POINT('',(0.0267612138848226,0.0131135789862761,0.0173470756727849));
#15886=CARTESIAN_POINT('',(0.0267607895226925,0.013213578085856,0.0173470756727849));
#15887=CARTESIAN_POINT('',(0.0267607895226925,0.013213578085856,0.0173470756727849));
#15888=CARTESIAN_POINT('',(0.027011008666514,0.0132146399307057,0.0173583609768444));
#15889=CARTESIAN_POINT('',(0.0264424785391647,0.013212227282423,0.0173470756727849));
#15890=CARTESIAN_POINT('',(0.0264429029012948,0.0131122281828431,0.0173470756727849));
#15891=CARTESIAN_POINT('',(0.0264424785391647,0.013212227282423,0.0171821964697158));
#15892=CARTESIAN_POINT('',(0.0264429029012948,0.0131122281828431,0.0171821964697158));
#15893=CARTESIAN_POINT('',(0.0265443147770392,0.0132126594407425,0.0170415642082746));
#15894=CARTESIAN_POINT('',(0.0265447391391693,0.0131126603411627,0.0170415642082746));
#15895=CARTESIAN_POINT('',(0.0267479872527883,0.0132135237573815,0.0169251788884611));
#15896=CARTESIAN_POINT('',(0.0267484116149184,0.0131135246578017,0.0169251788884611));
#15897=CARTESIAN_POINT('',(0.0264424785391647,0.013212227282423,0.0173470756727849));
#15898=CARTESIAN_POINT('',(0.0264424785391647,0.013212227282423,0.0173470756727849));
#15899=CARTESIAN_POINT('',(0.0264424785391647,0.013212227282423,0.0173470756727849));
#15900=CARTESIAN_POINT('',(0.0264424785391647,0.013212227282423,0.0170997568681813));
#15901=CARTESIAN_POINT('',(0.0267479872527883,0.0132135237573815,0.0169251788884611));
#15902=CARTESIAN_POINT('',(0.0267479872527883,0.0132135237573815,0.0169251788884611));
#15903=CARTESIAN_POINT('',(0.0267479872527883,0.0132135237573815,0.0169251788884611));
#15904=CARTESIAN_POINT('',(0.0267643768712486,0.0132135933093418,0.0173544988756723));
#15905=CARTESIAN_POINT('',(0.0265780662158776,0.013212802670357,0.0176173805780517));
#15906=CARTESIAN_POINT('',(0.0265780662158776,0.013212802670357,0.0176173805780517));
#15907=CARTESIAN_POINT('',(0.0267643768712486,0.0132135933093418,0.0173544988756723));
#15908=CARTESIAN_POINT('',(0.0269371116945552,0.0132143263371178,0.017720090622787));
#15909=CARTESIAN_POINT('',(0.0269375360566854,0.0131143272375379,0.017720090622787));
#15910=CARTESIAN_POINT('',(0.0267881398265788,0.0132136941512332,0.017720090622787));
#15911=CARTESIAN_POINT('',(0.0267885641887089,0.0131136950516534,0.017720090622787));
#15912=CARTESIAN_POINT('',(0.0266684580003529,0.013213186262313,0.0176858539412086));
#15913=CARTESIAN_POINT('',(0.0266688823624831,0.0131131871627331,0.0176858539412086));
#15914=CARTESIAN_POINT('',(0.0265780662158776,0.013212802670357,0.0176173805780517));
#15915=CARTESIAN_POINT('',(0.0265784905780078,0.0131128035707771,0.0176173805780517));
#15916=CARTESIAN_POINT('',(0.0269371116945552,0.0132143263371178,0.017720090622787));
#15917=CARTESIAN_POINT('',(0.0269371116945552,0.0132143263371178,0.017720090622787));
#15918=CARTESIAN_POINT('',(0.0269371116945552,0.0132143263371178,0.017720090622787));
#15919=CARTESIAN_POINT('',(0.0267136538925906,0.013213378058291,0.017720090622787));
#15920=CARTESIAN_POINT('',(0.0265780662158776,0.013212802670357,0.0176173805780517));
#15921=CARTESIAN_POINT('',(0.0274134143271284,0.013216347603315,0.0175571511750482));
#15922=CARTESIAN_POINT('',(0.0274138386892586,0.0131163485037352,0.0175571511750482));
#15923=CARTESIAN_POINT('',(0.0272619207999284,0.0132157047163673,0.0176657774735408));
#15924=CARTESIAN_POINT('',(0.0272623451620585,0.0131157056167875,0.0176657774735408));
#15925=CARTESIAN_POINT('',(0.0271031532557373,0.0132150309609683,0.017720090622787));
#15926=CARTESIAN_POINT('',(0.0271035776178675,0.0131150318613884,0.017720090622787));
#15927=CARTESIAN_POINT('',(0.0269371116945552,0.0132143263371178,0.017720090622787));
#15928=CARTESIAN_POINT('',(0.0269375360566854,0.0131143272375379,0.017720090622787));
#15929=CARTESIAN_POINT('',(0.0274134143271284,0.013216347603315,0.0175571511750482));
#15930=CARTESIAN_POINT('',(0.0274134143271284,0.013216347603315,0.0175571511750482));
#15931=CARTESIAN_POINT('',(0.0274134143271284,0.013216347603315,0.0175571511750482));
#15932=CARTESIAN_POINT('',(0.0271861740363284,0.0132153832728935,0.017720090622787));
#15933=CARTESIAN_POINT('',(0.0269371116945552,0.0132143263371178,0.017720090622787));
#15934=CARTESIAN_POINT('',(0.0267608328717067,0.0132135782698144,0.0166521873786131));
#15935=CARTESIAN_POINT('',(0.0277689682776504,0.0132178564532192,0.0171314718678305));
#15936=CARTESIAN_POINT('',(0.0277688734905175,0.0132178560509748,0.0171314283742117));
#15937=CARTESIAN_POINT('',(0.0267608328717067,0.0132135782698144,0.0166521873786131));
#15938=CARTESIAN_POINT('',(0.0266242388051236,0.0132129986111045,0.01657541518131));
#15939=CARTESIAN_POINT('',(0.0278972819373723,0.0132184009727017,0.0165649663236384));
#15940=CARTESIAN_POINT('',(0.0278972819373723,0.0132184009727017,0.0165649663236384));
#15941=CARTESIAN_POINT('',(0.0266242388051236,0.0132129986111045,0.01657541518131));
#15942=CARTESIAN_POINT('',(0.0277381264456084,0.0132177255709852,0.0160930238517948));
#15943=CARTESIAN_POINT('',(0.0277385508077385,0.0131177264714054,0.0160930238517948));
#15944=CARTESIAN_POINT('',(0.0278442301067843,0.0132181758387962,0.0162028140034855));
#15945=CARTESIAN_POINT('',(0.0278446544689144,0.0131181767392164,0.0162028140034855));
#15946=CARTESIAN_POINT('',(0.0278972819373722,0.0132184009727017,0.0163601281607667));
#15947=CARTESIAN_POINT('',(0.0278977062995024,0.0131184018731219,0.0163601281607667));
#15948=CARTESIAN_POINT('',(0.0278972819373723,0.0132184009727017,0.0165649663236384));
#15949=CARTESIAN_POINT('',(0.0278977062995024,0.0131184018731219,0.0165649663236384));
#15950=CARTESIAN_POINT('',(0.0277381264456084,0.0132177255709852,0.0160930238517948));
#15951=CARTESIAN_POINT('',(0.0277381264456084,0.0132177255709852,0.0160930238517948));
#15952=CARTESIAN_POINT('',(0.0277381264456084,0.0132177255709852,0.0160930238517948));
#15953=CARTESIAN_POINT('',(0.0278972819373723,0.0132184009727017,0.0162577090793308));
#15954=CARTESIAN_POINT('',(0.0278972819373723,0.0132184009727017,0.0165649663236384));
#15955=CARTESIAN_POINT('',(0.0272845187460472,0.0132158006143563,0.0159283386242587));
#15956=CARTESIAN_POINT('',(0.0272849431081774,0.0131158015147765,0.0159283386242587));
#15957=CARTESIAN_POINT('',(0.027480820217912,0.0132166336509646,0.0159283386242587));
#15958=CARTESIAN_POINT('',(0.0274812445800422,0.0131166345513848,0.0159283386242587));
#15959=CARTESIAN_POINT('',(0.0276320227844324,0.0132172753031743,0.0159832337001041));
#15960=CARTESIAN_POINT('',(0.0276324471465625,0.0131172762035944,0.0159832337001041));
#15961=CARTESIAN_POINT('',(0.0277381264456084,0.0132177255709852,0.0160930238517948));
#15962=CARTESIAN_POINT('',(0.0277385508077385,0.0131177264714054,0.0160930238517948));
#15963=CARTESIAN_POINT('',(0.0272845187460472,0.0132158006143563,0.0159283386242587));
#15964=CARTESIAN_POINT('',(0.0272845187460472,0.0132158006143563,0.0159283386242587));
#15965=CARTESIAN_POINT('',(0.0272845187460472,0.0132158006143563,0.0159283386242587));
#15966=CARTESIAN_POINT('',(0.0275789709538444,0.0132170501692688,0.0159283386242587));
#15967=CARTESIAN_POINT('',(0.0277381264456084,0.0132177255709852,0.0160930238517948));
#15968=CARTESIAN_POINT('',(0.0273042621604427,0.0132158843986848,0.0168620234192153));
#15969=CARTESIAN_POINT('',(0.0269307105596031,0.0132142991728805,0.0160048619720361));
#15970=CARTESIAN_POINT('',(0.0269307794006755,0.0132142994650186,0.0160050159197354));
#15971=CARTESIAN_POINT('',(0.0273042621604427,0.0132158843986846,0.0168620234192153));
#15972=CARTESIAN_POINT('',(0.0274446380364753,0.013216480106106,0.017229711372399));
#15973=CARTESIAN_POINT('',(0.0265770505596947,0.0132127983602579,0.0162235887453478));
#15974=CARTESIAN_POINT('',(0.0265770505634904,0.0132127983602741,0.0162235887458287));
#15975=CARTESIAN_POINT('',(0.0274446380364753,0.0132164801061062,0.017229711372399));
#15976=CARTESIAN_POINT('',(0.0266033797950064,0.0132129100925678,0.0162614916022248));
#15977=CARTESIAN_POINT('',(0.0266298217924665,0.0132130223034019,0.016299556798458));
#15978=CARTESIAN_POINT('',(0.0266298217924665,0.0132130223034019,0.016299556798458));
#15979=CARTESIAN_POINT('',(0.0266033797950064,0.0132129100925678,0.0162614916022248));
#15980=CARTESIAN_POINT('',(0.0275753305218087,0.0132170347205155,0.0179069347267312));
#15981=CARTESIAN_POINT('',(0.0268879393396959,0.0132141176663863,0.0161733297224661));
#15982=CARTESIAN_POINT('',(0.0268879104383959,0.0132141175437391,0.0161732546684901));
#15983=CARTESIAN_POINT('',(0.0275753305218087,0.0132170347205147,0.0179069347267312));
#15984=CARTESIAN_POINT('',(0.0271800685709815,0.0132153573633776,0.0169237379600205));
#15985=CARTESIAN_POINT('',(0.0271896655644841,0.0132153980897502,0.0161180466955547));
#15986=CARTESIAN_POINT('',(0.0271896655644841,0.0132153980897502,0.0161180466955547));
#15987=CARTESIAN_POINT('',(0.0271800685709815,0.0132153573633774,0.0169237379600205));
#15988=CARTESIAN_POINT('',(0.0274782985586885,0.0132166229499015,0.0162353049052668));
#15989=CARTESIAN_POINT('',(0.0274787229208186,0.0131166238503216,0.0162353049052668));
#15990=CARTESIAN_POINT('',(0.0274135113140216,0.0132163480148944,0.0161571327654587));
#15991=CARTESIAN_POINT('',(0.0274139356761517,0.0131163489153145,0.0161571327654587));
#15992=CARTESIAN_POINT('',(0.0273173003159535,0.0132159397281773,0.0161180466955547));
#15993=CARTESIAN_POINT('',(0.0273177246780836,0.0131159406285974,0.0161180466955547));
#15994=CARTESIAN_POINT('',(0.0271896655644841,0.0132153980897502,0.0161180466955547));
#15995=CARTESIAN_POINT('',(0.0271900899266142,0.0131153989901703,0.0161180466955547));
#15996=CARTESIAN_POINT('',(0.0274782985586885,0.0132166229499015,0.0162353049052668));
#15997=CARTESIAN_POINT('',(0.0274782985586885,0.0132166229499015,0.0162353049052668));
#15998=CARTESIAN_POINT('',(0.0274782985586885,0.0132166229499015,0.0162353049052668));
#15999=CARTESIAN_POINT('',(0.0273811176916882,0.0132162105473908,0.0161180466955547));
#16000=CARTESIAN_POINT('',(0.0271896655644841,0.0132153980897502,0.0161180466955547));
#16001=CARTESIAN_POINT('',(0.0275754794256887,0.0132170353524121,0.0165835879748086));
#16002=CARTESIAN_POINT('',(0.0275759037878189,0.0131170362528322,0.0165835879748086));
#16003=CARTESIAN_POINT('',(0.0275754794256887,0.0132170353524121,0.0164295714015887));
#16004=CARTESIAN_POINT('',(0.0275759037878189,0.0131170362528322,0.0164295714015887));
#16005=CARTESIAN_POINT('',(0.0275430858033553,0.0132168978849086,0.0163134770450748));
#16006=CARTESIAN_POINT('',(0.0275435101654854,0.0131168987853287,0.0163134770450748));
#16007=CARTESIAN_POINT('',(0.0274782985586885,0.0132166229499015,0.0162353049052668));
#16008=CARTESIAN_POINT('',(0.0274787229208186,0.0131166238503216,0.0162353049052668));
#16009=CARTESIAN_POINT('',(0.0275754794256887,0.0132170353524121,0.0165835879748086));
#16010=CARTESIAN_POINT('',(0.0275754794256887,0.0132170353524121,0.0165835879748086));
#16011=CARTESIAN_POINT('',(0.0275754794256887,0.0132170353524121,0.0165835879748086));
#16012=CARTESIAN_POINT('',(0.0275754794256887,0.0132170353524121,0.0163525631149788));
#16013=CARTESIAN_POINT('',(0.0274782985586885,0.0132166229499015,0.0162353049052668));
#16014=CARTESIAN_POINT('',(0.0275716969368534,0.0132170193008174,0.0166499276071022));
#16015=CARTESIAN_POINT('',(0.0275679144480181,0.0132170032492226,0.0167162672393959));
#16016=CARTESIAN_POINT('',(0.0275679144480181,0.0132170032492226,0.0167162672393959));
#16017=CARTESIAN_POINT('',(0.0275716969368534,0.0132170193008174,0.0166499276071022));
#16018=CARTESIAN_POINT('',(0.0267479872527883,0.0132135237573815,0.0169251788884611));
#16019=CARTESIAN_POINT('',(0.0267484116149184,0.0131135246578017,0.0169251788884611));
#16020=CARTESIAN_POINT('',(0.0269516597285374,0.0132143880740206,0.0168087935686476));
#16021=CARTESIAN_POINT('',(0.0269520840906675,0.0131143889744407,0.0168087935686476));
#16022=CARTESIAN_POINT('',(0.027224968793614,0.0132155479046343,0.0167391563522926));
#16023=CARTESIAN_POINT('',(0.0272253931557441,0.0131155488050544,0.0167391563522926));
#16024=CARTESIAN_POINT('',(0.0275679144480181,0.0132170032492226,0.0167162672393959));
#16025=CARTESIAN_POINT('',(0.0275683388101482,0.0131170041496428,0.0167162672393959));
#16026=CARTESIAN_POINT('',(0.0267479872527883,0.0132135237573815,0.0169251788884611));
#16027=CARTESIAN_POINT('',(0.0270534959664119,0.0132148202323401,0.0167506009087409));
#16028=CARTESIAN_POINT('',(0.0275679144480181,0.0132170032492226,0.0167162672393959));
#16029=CARTESIAN_POINT('',(0.0269772642683458,0.0132144967309695,0.0169996654931417));
#16030=CARTESIAN_POINT('',(0.0269776886304759,0.0131144976313896,0.0169996654931417));
#16031=CARTESIAN_POINT('',(0.0268329477712436,0.0132138843008938,0.0170943255532567));
#16032=CARTESIAN_POINT('',(0.0268333721333737,0.013113885201314,0.0170943255532567));
#16033=CARTESIAN_POINT('',(0.0267607895226925,0.013213578085856,0.0172101289464711));
#16034=CARTESIAN_POINT('',(0.0267612138848226,0.0131135789862761,0.0172101289464711));
#16035=CARTESIAN_POINT('',(0.0267607895226925,0.013213578085856,0.0173470756727849));
#16036=CARTESIAN_POINT('',(0.0267612138848226,0.0131135789862761,0.0173470756727849));
#16037=CARTESIAN_POINT('',(0.0269776886304759,0.0131144976313896,0.0169996654931417));
#16038=CARTESIAN_POINT('',(0.0267612138848226,0.0131135789862761,0.0171416555833142));
#16039=CARTESIAN_POINT('',(0.0267612138848226,0.0131135789862761,0.0173470756727849));
#16040=CARTESIAN_POINT('',(0.0269772642683458,0.0132144967309695,0.0169996654931417));
#16041=CARTESIAN_POINT('',(0.0267607895226925,0.013213578085856,0.0171416555833142));
#16042=CARTESIAN_POINT('',(0.0267607895226925,0.013213578085856,0.0173470756727849));
#16043=CARTESIAN_POINT('',(0.0209267633441615,0.0131888204651708,0.015965));
#16044=CARTESIAN_POINT('',(0.0222399281106836,0.0130943921888947,0.033));
#16045=CARTESIAN_POINT('',(0.029189365136498,0.0132238841338599,0.016306104385195));
#16046=CARTESIAN_POINT('',(0.0293864186957775,0.0132247203620711,0.0163159017392376));
#16047=CARTESIAN_POINT('',(0.0293864186957775,0.0132247203620711,0.0163159017392376));
#16048=CARTESIAN_POINT('',(0.029189365136498,0.0132238841338599,0.016306104385195));
#16049=CARTESIAN_POINT('',(0.0293427745938313,0.0132245351513627,0.0161835134379498));
#16050=CARTESIAN_POINT('',(0.0293427745938313,0.0132245351513627,0.0161835134379498));
#16051=CARTESIAN_POINT('',(0.0293451022792684,0.0132245450292672,0.0166179216441536));
#16052=CARTESIAN_POINT('',(0.0293455266413985,0.0131245459296873,0.0166179216441536));
#16053=CARTESIAN_POINT('',(0.0293726465569411,0.0132246619178031,0.0164650689241319));
#16054=CARTESIAN_POINT('',(0.0293730709190712,0.0131246628182232,0.0164650689241319));
#16055=CARTESIAN_POINT('',(0.0293864186957775,0.0132247203620711,0.0163643956224932));
#16056=CARTESIAN_POINT('',(0.0293868430579076,0.0131247212624912,0.0163643956224932));
#16057=CARTESIAN_POINT('',(0.0293864186957775,0.0132247203620711,0.0163159017392376));
#16058=CARTESIAN_POINT('',(0.0293868430579076,0.0131247212624912,0.0163159017392376));
#16059=CARTESIAN_POINT('',(0.0293451022792684,0.0132245450292672,0.0166179216441536));
#16060=CARTESIAN_POINT('',(0.0293451022792684,0.0132245450292672,0.0166179216441536));
#16061=CARTESIAN_POINT('',(0.0293451022792684,0.0132245450292672,0.0166179216441536));
#16062=CARTESIAN_POINT('',(0.0293864186957775,0.0132247203620711,0.016388642564121));
#16063=CARTESIAN_POINT('',(0.0293864186957775,0.0132247203620711,0.0163159017392376));
#16064=CARTESIAN_POINT('',(0.0292522858224628,0.0132241511478274,0.0171463109961067));
#16065=CARTESIAN_POINT('',(0.0291594693656572,0.0132237572663876,0.0176747003480598));
#16066=CARTESIAN_POINT('',(0.0291594693656572,0.0132237572663876,0.0176747003480598));
#16067=CARTESIAN_POINT('',(0.0292522858224628,0.0132241511478274,0.0171463109961067));
#16068=CARTESIAN_POINT('',(0.0294149328423824,0.0132248413664005,0.0176747003480598));
#16069=CARTESIAN_POINT('',(0.0296703963191076,0.0132259254664135,0.0176747003480598));
#16070=CARTESIAN_POINT('',(0.0296703963191076,0.0132259254664135,0.0176747003480598));
#16071=CARTESIAN_POINT('',(0.0294149328423824,0.0132248413664005,0.0176747003480598));
#16072=CARTESIAN_POINT('',(0.0296776703360986,0.0132259563348649,0.0176336745228255));
#16073=CARTESIAN_POINT('',(0.0296849443530897,0.0132259872033163,0.0175926486975913));
#16074=CARTESIAN_POINT('',(0.0296849443530897,0.0132259872033163,0.0175926486975913));
#16075=CARTESIAN_POINT('',(0.0296776703360986,0.0132259563348649,0.0176336745228255));
#16076=CARTESIAN_POINT('',(0.0295839809972541,0.0132255587492109,0.0175708264501263));
#16077=CARTESIAN_POINT('',(0.0294828388111852,0.013225129536211,0.0175489655502455));
#16078=CARTESIAN_POINT('',(0.0294828388111852,0.013225129536211,0.0175489655502455));
#16079=CARTESIAN_POINT('',(0.0295839809972541,0.0132255587492109,0.0175708264501263));
#16080=CARTESIAN_POINT('',(-0.162879291132814,0.0124088101524909,-0.0159387375432943));
#16081=CARTESIAN_POINT('',(0.0296785432181376,0.013225960039079,0.0164023178391991));
#16082=CARTESIAN_POINT('',(0.0296786497823125,0.0132259604913011,0.0164023369788449));
#16083=CARTESIAN_POINT('',(-0.162879291132819,0.0124088101537442,-0.0159387375432943));
#16084=CARTESIAN_POINT('',(0.0287871799626151,0.01322217739692,0.0162588115420058));
#16085=CARTESIAN_POINT('',(0.0296884358812454,0.0132260020201729,0.0163048451338553));
#16086=CARTESIAN_POINT('',(0.0296884358812454,0.0132260020201729,0.0163048451338553));
#16087=CARTESIAN_POINT('',(0.028787179962615,0.0132221773969212,0.0162588115420058));
#16088=CARTESIAN_POINT('',(0.0295956194244397,0.0132256081387332,0.0160205739902109));
#16089=CARTESIAN_POINT('',(0.0295960437865699,0.0131256090391533,0.0160205739902109));
#16090=CARTESIAN_POINT('',(0.0296574970623102,0.0132258707263597,0.0160867196469716));
#16091=CARTESIAN_POINT('',(0.0296579214244403,0.0131258716267798,0.0160867196469716));
#16092=CARTESIAN_POINT('',(0.0296884358812454,0.0132260020201729,0.016181476694853));
#16093=CARTESIAN_POINT('',(0.0296888602433755,0.0131260029205931,0.016181476694853));
#16094=CARTESIAN_POINT('',(0.0296884358812454,0.0132260020201729,0.0163048451338553));
#16095=CARTESIAN_POINT('',(0.0296888602433755,0.0131260029205931,0.0163048451338553));
#16096=CARTESIAN_POINT('',(0.0295956194244397,0.0132256081387332,0.0160205739902109));
#16097=CARTESIAN_POINT('',(0.0295956194244397,0.0132256081387332,0.0160205739902109));
#16098=CARTESIAN_POINT('',(0.0295956194244397,0.0132256081387332,0.0160205739902109));
#16099=CARTESIAN_POINT('',(0.0296884358812454,0.0132260020201729,0.0161197924753519));
#16100=CARTESIAN_POINT('',(0.0296884358812454,0.0132260020201729,0.0163048451338553));
#16101=CARTESIAN_POINT('',(0.0293194977394599,0.0132244363723183,0.01592135550507));
#16102=CARTESIAN_POINT('',(0.0293199221015901,0.0131244372727384,0.01592135550507));
#16103=CARTESIAN_POINT('',(0.0294417012249094,0.0132249549623017,0.01592135550507));
#16104=CARTESIAN_POINT('',(0.0294421255870395,0.0131249558627218,0.01592135550507));
#16105=CARTESIAN_POINT('',(0.0295337417865693,0.0132253455511066,0.0159544283334503));
#16106=CARTESIAN_POINT('',(0.0295341661486994,0.0131253464515268,0.0159544283334503));
#16107=CARTESIAN_POINT('',(0.0295956194244397,0.0132256081387332,0.0160205739902109));
#16108=CARTESIAN_POINT('',(0.0295960437865699,0.0131256090391533,0.0160205739902109));
#16109=CARTESIAN_POINT('',(0.0293194977394599,0.0132244363723183,0.01592135550507));
#16110=CARTESIAN_POINT('',(0.0293194977394599,0.0132244363723183,0.01592135550507));
#16111=CARTESIAN_POINT('',(0.0293194977394599,0.0132244363723183,0.01592135550507));
#16112=CARTESIAN_POINT('',(0.0295028029676341,0.0132252142572934,0.01592135550507));
#16113=CARTESIAN_POINT('',(0.0295956194244397,0.0132256081387332,0.0160205739902109));
#16114=CARTESIAN_POINT('',(0.0293363529508775,0.0132245079000964,0.0165402930809015));
#16115=CARTESIAN_POINT('',(0.0289956585030189,0.0132230621088622,0.0160214468801096));
#16116=CARTESIAN_POINT('',(0.0289956585030189,0.0132230621088622,0.0160214468801096));
#16117=CARTESIAN_POINT('',(0.0293363529508775,0.0132245079000965,0.0165402930809015));
#16118=CARTESIAN_POINT('',(0.0286811300083265,0.0132217273570239,0.0163159017392376));
#16119=CARTESIAN_POINT('',(0.0286815543704566,0.0131217282574441,0.0163159017392376));
#16120=CARTESIAN_POINT('',(0.028781608429696,0.0132221537532325,0.0161863260831786));
#16121=CARTESIAN_POINT('',(0.0287820327918261,0.0131221546536527,0.0161863260831786));
#16122=CARTESIAN_POINT('',(0.0288864512612602,0.0132225986705119,0.0160881744634693));
#16123=CARTESIAN_POINT('',(0.0288868756233903,0.0131225995709321,0.0160881744634693));
#16124=CARTESIAN_POINT('',(0.0289956585030189,0.0132230621088622,0.0160214468801096));
#16125=CARTESIAN_POINT('',(0.0289960828651491,0.0131230630092823,0.0160214468801096));
#16126=CARTESIAN_POINT('',(0.0286811300083265,0.0132217273570239,0.0163159017392376));
#16127=CARTESIAN_POINT('',(0.0286811300083265,0.0132217273570239,0.0163159017392376));
#16128=CARTESIAN_POINT('',(0.0286811300083265,0.0132217273570239,0.0163159017392376));
#16129=CARTESIAN_POINT('',(0.0288318476403808,0.0132223669513368,0.0161215382551491));
#16130=CARTESIAN_POINT('',(0.0289956585030189,0.0132230621088622,0.0160214468801096));
#16131=CARTESIAN_POINT('',(0.0287055707054164,0.0132218310750206,0.0161404508696188));
#16132=CARTESIAN_POINT('',(0.0287300114025063,0.0132219347930173,0.015965));
#16133=CARTESIAN_POINT('',(0.0287300114025063,0.0132219347930173,0.015965));
#16134=CARTESIAN_POINT('',(0.0287055707054164,0.0132218310750206,0.0161404508696188));
#16135=CARTESIAN_POINT('',(0.0284774575325775,0.0132208630403849,0.015965));
#16136=CARTESIAN_POINT('',(0.0282249036626486,0.0132197912877525,0.015965));
#16137=CARTESIAN_POINT('',(0.0282249036626486,0.0132197912877525,0.015965));
#16138=CARTESIAN_POINT('',(0.0284774575325775,0.0132208630403849,0.015965));
#16139=CARTESIAN_POINT('',(0.0282176296456575,0.0132197604193011,0.0160060258252342));
#16140=CARTESIAN_POINT('',(0.0282103556286665,0.0132197295508497,0.0160470516504685));
#16141=CARTESIAN_POINT('',(0.0282103556286665,0.0132197295508497,0.0160470516504685));
#16142=CARTESIAN_POINT('',(0.0282176296456575,0.0132197604193011,0.0160060258252342));
#16143=CARTESIAN_POINT('',(0.0283174291587746,0.0132201839344542,0.0160697467878321));
#16144=CARTESIAN_POINT('',(0.0284245026888826,0.0132206383180588,0.0160924419251957));
#16145=CARTESIAN_POINT('',(0.0284245026888826,0.0132206383180588,0.0160924419251957));
#16146=CARTESIAN_POINT('',(0.0283174291587746,0.0132201839344542,0.0160697467878321));
#16147=CARTESIAN_POINT('',(0.028285423484014,0.0132200481132681,0.0168835711366278));
#16148=CARTESIAN_POINT('',(0.0281463442791454,0.0132194579084775,0.0176747003480598));
#16149=CARTESIAN_POINT('',(0.0281463442791454,0.0132194579084775,0.0176747003480598));
#16150=CARTESIAN_POINT('',(0.028285423484014,0.0132200481132681,0.0168835711366278));
#16151=CARTESIAN_POINT('',(0.0282973528718794,0.0132200987375284,0.0176747003480598));
#16152=CARTESIAN_POINT('',(0.0284483614646133,0.0132207395665793,0.0176747003480598));
#16153=CARTESIAN_POINT('',(0.0284483614646133,0.0132207395665793,0.0176747003480598));
#16154=CARTESIAN_POINT('',(0.0282973528718794,0.0132200987375284,0.0176747003480598));
#16155=CARTESIAN_POINT('',(0.0285493248204489,0.0132211680206847,0.0171000478314808));
#16156=CARTESIAN_POINT('',(0.02865027438289,0.0132215964162555,0.0165254738226809));
#16157=CARTESIAN_POINT('',(0.02865027438289,0.0132215964162556,0.0165254738226809));
#16158=CARTESIAN_POINT('',(0.0285493248204489,0.0132211680206847,0.0171000478314808));
#16159=CARTESIAN_POINT('',(0.0294651601619878,0.0132250545140429,0.0170234867118945));
#16160=CARTESIAN_POINT('',(0.028910407023884,0.0132227003306119,0.0162460705473495));
#16161=CARTESIAN_POINT('',(0.028910407023884,0.0132227003306119,0.0162460705473495));
#16162=CARTESIAN_POINT('',(0.0294651601619878,0.0132250545140431,0.0170234867118945));
#16163=CARTESIAN_POINT('',(0.0292048592316812,0.0132239498855243,0.0161325948605314));
#16164=CARTESIAN_POINT('',(0.0292052835938113,0.0131239507859444,0.0161325948605314));
#16165=CARTESIAN_POINT('',(0.0291140794996331,0.0132235646472509,0.0161325948605314));
#16166=CARTESIAN_POINT('',(0.0291145038617632,0.013123565547671,0.0161325948605314));
#16167=CARTESIAN_POINT('',(0.0290159287637007,0.0132231481289468,0.0161704200894708));
#16168=CARTESIAN_POINT('',(0.0290163531258308,0.0131231490293669,0.0161704200894708));
#16169=CARTESIAN_POINT('',(0.028910407023884,0.0132227003306119,0.0162460705473495));
#16170=CARTESIAN_POINT('',(0.0289108313860141,0.013122701231032,0.0162460705473495));
#16171=CARTESIAN_POINT('',(0.0292048592316812,0.0132239498855243,0.0161325948605314));
#16172=CARTESIAN_POINT('',(0.0292048592316812,0.0132239498855243,0.0161325948605314));
#16173=CARTESIAN_POINT('',(0.0292048592316812,0.0132239498855243,0.0161325948605314));
#16174=CARTESIAN_POINT('',(0.029068689633609,0.0132233720281142,0.0161325948605314));
#16175=CARTESIAN_POINT('',(0.028910407023884,0.0132227003306119,0.0162460705473495));
#16176=CARTESIAN_POINT('',(0.0293427745938313,0.0132245351513627,0.0161835134379498));
#16177=CARTESIAN_POINT('',(0.0293431989559614,0.0131245360517829,0.0161835134379498));
#16178=CARTESIAN_POINT('',(0.0293136785258671,0.0132244116775571,0.0161495677196709));
#16179=CARTESIAN_POINT('',(0.0293141028879972,0.0131244125779773,0.0161495677196709));
#16180=CARTESIAN_POINT('',(0.0292677067384838,0.0132242165889443,0.0161325948605314));
#16181=CARTESIAN_POINT('',(0.0292681311006139,0.0131242174893645,0.0161325948605314));
#16182=CARTESIAN_POINT('',(0.0292048592316812,0.0132239498855243,0.0161325948605314));
#16183=CARTESIAN_POINT('',(0.0292052835938113,0.0131239507859444,0.0161325948605314));
#16184=CARTESIAN_POINT('',(0.0293427745938313,0.0132245351513627,0.0161835134379498));
#16185=CARTESIAN_POINT('',(0.0292991304918851,0.0132243499406544,0.0161325948605314));
#16186=CARTESIAN_POINT('',(0.0292048592316812,0.0132239498855243,0.0161325948605314));
#16187=CARTESIAN_POINT('',(0.0209267633441615,0.0131888204651708,0.015965));
#16188=CARTESIAN_POINT('',(0.0329617435272124,0.0132398928233001,0.0164672026549951));
#16189=CARTESIAN_POINT('',(0.0329621678893425,0.0131398937237203,0.0164672026549951));
#16190=CARTESIAN_POINT('',(0.0329617435272124,0.0132398928233001,0.0162840897518219));
#16191=CARTESIAN_POINT('',(0.0329621678893425,0.0131398937237203,0.0162840897518219));
#16192=CARTESIAN_POINT('',(0.0330199356631407,0.0132401397709113,0.0161485008542392));
#16193=CARTESIAN_POINT('',(0.0330203600252708,0.0131401406713314,0.0161485008542392));
#16194=CARTESIAN_POINT('',(0.0331363199349973,0.0132406336661336,0.0160604359622471));
#16195=CARTESIAN_POINT('',(0.0331367442971274,0.0131406345665537,0.0160604359622471));
#16196=CARTESIAN_POINT('',(0.0329617435272124,0.0132398928233001,0.0164672026549951));
#16197=CARTESIAN_POINT('',(0.0329617435272124,0.0132398928233001,0.0164672026549951));
#16198=CARTESIAN_POINT('',(0.0329617435272124,0.0132398928233001,0.0164672026549951));
#16199=CARTESIAN_POINT('',(0.0329617435272124,0.0132398928233001,0.0161925333002353));
#16200=CARTESIAN_POINT('',(0.0331363199349973,0.0132406336661336,0.0160604359622471));
#16201=CARTESIAN_POINT('',(0.0331363199349973,0.0132406336661336,0.0160604359622471));
#16202=CARTESIAN_POINT('',(0.0331363199349973,0.0132406336661336,0.0160604359622471));
#16203=CARTESIAN_POINT('',(0.0333735334844084,0.0132416403196689,0.0164738888749912));
#16204=CARTESIAN_POINT('',(0.0330490317311048,0.0132402632447169,0.0167270328814786));
#16205=CARTESIAN_POINT('',(0.0330490317311048,0.0132402632447169,0.0167270328814786));
#16206=CARTESIAN_POINT('',(0.0333735334844084,0.0132416403196689,0.0164738888749912));
#16207=CARTESIAN_POINT('',(0.0333254443767642,0.0132414362458698,0.0169379812736405));
#16208=CARTESIAN_POINT('',(0.0333258687388944,0.01314143714629,0.0169379812736405));
#16209=CARTESIAN_POINT('',(0.0331993614155863,0.0132409011927123,0.016872417543479));
#16210=CARTESIAN_POINT('',(0.0331997857777164,0.0131409020931325,0.016872417543479));
#16211=CARTESIAN_POINT('',(0.0331072238670332,0.013240510192328,0.0168021014127583));
#16212=CARTESIAN_POINT('',(0.0331076482291633,0.0131405110927482,0.0168021014127583));
#16213=CARTESIAN_POINT('',(0.0330490317311048,0.0132402632447169,0.0167270328814786));
#16214=CARTESIAN_POINT('',(0.033049456093235,0.013140264145137,0.0167270328814786));
#16215=CARTESIAN_POINT('',(0.0333254443767642,0.0132414362458698,0.0169379812736405));
#16216=CARTESIAN_POINT('',(0.0333254443767642,0.0132414362458698,0.0169379812736405));
#16217=CARTESIAN_POINT('',(0.0333254443767642,0.0132414362458698,0.0169379812736405));
#16218=CARTESIAN_POINT('',(0.0331363199349973,0.0132406336661336,0.0168396356783982));
#16219=CARTESIAN_POINT('',(0.0330490317311048,0.0132402632447169,0.0167270328814786));
#16220=CARTESIAN_POINT('',(0.0336149502530076,0.0132426648102353,0.0171215791156463));
#16221=CARTESIAN_POINT('',(0.0336153746151377,0.0131426657106554,0.0171215791156463));
#16222=CARTESIAN_POINT('',(0.0335639351471771,0.0132424483194962,0.0170717274036595));
#16223=CARTESIAN_POINT('',(0.0335643595093072,0.0131424492199163,0.0170717274036595));
#16224=CARTESIAN_POINT('',(0.0334674331884293,0.013242038798041,0.017010528122991));
#16225=CARTESIAN_POINT('',(0.0334678575505594,0.0131420396984612,0.017010528122991));
#16226=CARTESIAN_POINT('',(0.0333254443767642,0.0132414362458698,0.0169379812736405));
#16227=CARTESIAN_POINT('',(0.0333258687388944,0.01314143714629,0.0169379812736405));
#16228=CARTESIAN_POINT('',(0.0336149502530076,0.0132426648102353,0.0171215791156463));
#16229=CARTESIAN_POINT('',(0.0336149502530076,0.0132426648102353,0.0171215791156463));
#16230=CARTESIAN_POINT('',(0.0336149502530076,0.0132426648102353,0.0171215791156463));
#16231=CARTESIAN_POINT('',(0.0335384275942619,0.0132423400741266,0.0170468015476661));
#16232=CARTESIAN_POINT('',(0.0333254443767642,0.0132414362458698,0.0169379812736405));
#16233=CARTESIAN_POINT('',(0.0334576297246984,0.0132419971954789,0.0172955218941111));
#16234=CARTESIAN_POINT('',(0.0336914729117533,0.013242989546344,0.0172941203522698));
#16235=CARTESIAN_POINT('',(0.0336914729117533,0.013242989546344,0.0172941203522698));
#16236=CARTESIAN_POINT('',(0.0334576297246984,0.0132419971954789,0.0172955218941111));
#16237=CARTESIAN_POINT('',(0.0336021479831033,0.0132426104817608,0.0175062325976298));
#16238=CARTESIAN_POINT('',(0.0336025723452335,0.013142611382181,0.0175062325976298));
#16239=CARTESIAN_POINT('',(0.0336616979355366,0.0132428631914829,0.0174606483473695));
#16240=CARTESIAN_POINT('',(0.0336621222976668,0.0131428640919031,0.0174606483473695));
#16241=CARTESIAN_POINT('',(0.0336914729117533,0.013242989546344,0.0173899442655829));
#16242=CARTESIAN_POINT('',(0.0336918972738834,0.0131429904467641,0.0173899442655829));
#16243=CARTESIAN_POINT('',(0.0336914729117533,0.013242989546344,0.0172941203522698));
#16244=CARTESIAN_POINT('',(0.0336918972738834,0.0131429904467641,0.0172941203522698));
#16245=CARTESIAN_POINT('',(0.0336021479831033,0.0132426104817608,0.0175062325976298));
#16246=CARTESIAN_POINT('',(0.0336021479831033,0.0132426104817608,0.0175062325976298));
#16247=CARTESIAN_POINT('',(0.0336021479831033,0.0132426104817608,0.0175062325976298));
#16248=CARTESIAN_POINT('',(0.0336914729117533,0.013242989546344,0.0174378562222394));
#16249=CARTESIAN_POINT('',(0.0336914729117533,0.013242989546344,0.0172941203522698));
#16250=CARTESIAN_POINT('',(0.033363851186477,0.0132415992312932,0.0175746089730202));
#16251=CARTESIAN_POINT('',(0.0333642755486071,0.0131416001317133,0.0175746089730202));
#16252=CARTESIAN_POINT('',(0.0334631657651279,0.0132420206885495,0.0175746089730202));
#16253=CARTESIAN_POINT('',(0.033463590127258,0.0131420215889697,0.0175746089730202));
#16254=CARTESIAN_POINT('',(0.03354259803067,0.0132423577720388,0.0175518168478901));
#16255=CARTESIAN_POINT('',(0.0335430223928002,0.0131423586724589,0.0175518168478901));
#16256=CARTESIAN_POINT('',(0.0336021479831033,0.0132426104817608,0.0175062325976298));
#16257=CARTESIAN_POINT('',(0.0336025723452335,0.013142611382181,0.0175062325976298));
#16258=CARTESIAN_POINT('',(0.033363851186477,0.0132415992312932,0.0175746089730202));
#16259=CARTESIAN_POINT('',(0.033363851186477,0.0132415992312932,0.0175746089730202));
#16260=CARTESIAN_POINT('',(0.033363851186477,0.0132415992312932,0.0175746089730202));
#16261=CARTESIAN_POINT('',(0.0335128230544534,0.0132422314171777,0.0175746089730202));
#16262=CARTESIAN_POINT('',(0.0336021479831033,0.0132426104817608,0.0175062325976298));
#16263=CARTESIAN_POINT('',(0.033061834001009,0.0132403175731913,0.0174727718181834));
#16264=CARTESIAN_POINT('',(0.0330622583631392,0.0131403184736115,0.0174727718181834));
#16265=CARTESIAN_POINT('',(0.0331382596728615,0.0132406418977206,0.0175406632547413));
#16266=CARTESIAN_POINT('',(0.0331386840349917,0.0131406427981408,0.0175406632547413));
#16267=CARTESIAN_POINT('',(0.0332389320680175,0.0132410691170879,0.0175746089730202));
#16268=CARTESIAN_POINT('',(0.0332393564301476,0.0131410700175081,0.0175746089730202));
#16269=CARTESIAN_POINT('',(0.033363851186477,0.0132415992312932,0.0175746089730202));
#16270=CARTESIAN_POINT('',(0.0333642755486071,0.0131416001317133,0.0175746089730202));
#16271=CARTESIAN_POINT('',(0.033061834001009,0.0132403175731913,0.0174727718181834));
#16272=CARTESIAN_POINT('',(0.033061834001009,0.0132403175731913,0.0174727718181834));
#16273=CARTESIAN_POINT('',(0.033061834001009,0.0132403175731913,0.0174727718181834));
#16274=CARTESIAN_POINT('',(0.0331764725087878,0.0132408040599853,0.0175746089730202));
#16275=CARTESIAN_POINT('',(0.033363851186477,0.0132415992312932,0.0175746089730202));
#16276=CARTESIAN_POINT('',(0.0330493226917845,0.0132402644794549,0.017374426222941));
#16277=CARTESIAN_POINT('',(0.0330368113825599,0.0132402113857185,0.0172760806276987));
#16278=CARTESIAN_POINT('',(0.0330368113825599,0.0132402113857185,0.0172760806276987));
#16279=CARTESIAN_POINT('',(0.0330493226917845,0.0132402644794549,0.017374426222941));
#16280=CARTESIAN_POINT('',(0.0329940401626526,0.0132400298792243,0.0172760806276987));
#16281=CARTESIAN_POINT('',(0.0329512689427453,0.0132398483727301,0.0172760806276987));
#16282=CARTESIAN_POINT('',(0.0329512689427453,0.0132398483727301,0.0172760806276987));
#16283=CARTESIAN_POINT('',(0.0329940401626526,0.0132400298792243,0.0172760806276987));
#16284=CARTESIAN_POINT('',(0.0329175175039068,0.0132397051431157,0.0174660796622942));
#16285=CARTESIAN_POINT('',(0.0328838925503675,0.0132395624502617,0.017655366665476));
#16286=CARTESIAN_POINT('',(0.0328838925503675,0.0132395624502617,0.017655366665476));
#16287=CARTESIAN_POINT('',(0.0329175175039068,0.0132397051431157,0.0174660796622942));
#16288=CARTESIAN_POINT('',(0.0334288015089233,0.0132418748583475,0.0154478512635202));
#16289=CARTESIAN_POINT('',(0.0333714161641477,0.0132416313344826,0.017720090622787));
#16290=CARTESIAN_POINT('',(0.0333714161641477,0.0132416313344826,0.017720090622787));
#16291=CARTESIAN_POINT('',(0.0334288015089233,0.0132418748583468,0.0154478512635202));
#16292=CARTESIAN_POINT('',(0.0338203684928345,0.0132435365353027,0.0175882842480983));
#16293=CARTESIAN_POINT('',(0.0338207928549646,0.0131435374357228,0.0175882842480983));
#16294=CARTESIAN_POINT('',(0.0337123250937943,0.0132430780359046,0.0176761551645575));
#16295=CARTESIAN_POINT('',(0.0337127494559244,0.0131430789363248,0.0176761551645575));
#16296=CARTESIAN_POINT('',(0.0335626743175653,0.0132424429689646,0.017720090622787));
#16297=CARTESIAN_POINT('',(0.0335630986796954,0.0131424438693848,0.017720090622787));
#16298=CARTESIAN_POINT('',(0.0333714161641477,0.0132416313344826,0.017720090622787));
#16299=CARTESIAN_POINT('',(0.0333718405262778,0.0131416322349028,0.017720090622787));
#16300=CARTESIAN_POINT('',(0.0338203684928345,0.0132435365353027,0.0175882842480983));
#16301=CARTESIAN_POINT('',(0.0338203684928345,0.0132435365353027,0.0175882842480983));
#16302=CARTESIAN_POINT('',(0.0338203684928345,0.0132435365353027,0.0175882842480983));
#16303=CARTESIAN_POINT('',(0.0336583033942741,0.0132428487862056,0.017720090622787));
#16304=CARTESIAN_POINT('',(0.0333714161641477,0.0132416313344826,0.017720090622787));
#16305=CARTESIAN_POINT('',(0.0339824335913948,0.0132442242843997,0.0172161421879948));
#16306=CARTESIAN_POINT('',(0.0339828579535249,0.0131442251848198,0.0172161421879948));
#16307=CARTESIAN_POINT('',(0.0339824335913948,0.0132442242843997,0.0173763659782713));
#16308=CARTESIAN_POINT('',(0.0339828579535249,0.0131442251848198,0.0173763659782713));
#16309=CARTESIAN_POINT('',(0.0339284118918747,0.0132439950347007,0.0175004133316391));
#16310=CARTESIAN_POINT('',(0.0339288362540048,0.0131439959351208,0.0175004133316391));
#16311=CARTESIAN_POINT('',(0.0338203684928345,0.0132435365353027,0.0175882842480983));
#16312=CARTESIAN_POINT('',(0.0338207928549646,0.0131435374357228,0.0175882842480983));
#16313=CARTESIAN_POINT('',(0.0339824335913948,0.0132442242843997,0.0172161421879948));
#16314=CARTESIAN_POINT('',(0.0339824335913948,0.0132442242843997,0.0172161421879948));
#16315=CARTESIAN_POINT('',(0.0339824335913948,0.0132442242843997,0.0172161421879948));
#16316=CARTESIAN_POINT('',(0.0339824335913948,0.0132442242843997,0.0174564778734096));
#16317=CARTESIAN_POINT('',(0.0338203684928345,0.0132435365353027,0.0175882842480983));
#16318=CARTESIAN_POINT('',(0.033596497230609,0.0132425865018913,0.0172089421743841));
#16319=CARTESIAN_POINT('',(0.0338931086627449,0.0132438452198166,0.0169624221908014));
#16320=CARTESIAN_POINT('',(0.0338931086627449,0.0132438452198166,0.0169624221908014));
#16321=CARTESIAN_POINT('',(0.033596497230609,0.0132425865018913,0.0172089421743841));
#16322=CARTESIAN_POINT('',(0.0336204785059208,0.0132426882702584,0.0167651490737176));
#16323=CARTESIAN_POINT('',(0.0336209028680509,0.0131426891706785,0.0167651490737176));
#16324=CARTESIAN_POINT('',(0.0337426819913702,0.0132432068602418,0.0168245055868225));
#16325=CARTESIAN_POINT('',(0.0337431063535003,0.0131432077606619,0.0168245055868225));
#16326=CARTESIAN_POINT('',(0.0338335587103116,0.0132435925100945,0.0168902632925171));
#16327=CARTESIAN_POINT('',(0.0338339830724417,0.0131435934105147,0.0168902632925171));
#16328=CARTESIAN_POINT('',(0.0338931086627449,0.0132438452198166,0.0169624221908014));
#16329=CARTESIAN_POINT('',(0.033893533024875,0.0131438461202367,0.0169624221908014));
#16330=CARTESIAN_POINT('',(0.0336204785059208,0.0132426882702584,0.0167651490737176));
#16331=CARTESIAN_POINT('',(0.0336204785059208,0.0132426882702584,0.0167651490737176));
#16332=CARTESIAN_POINT('',(0.0336204785059208,0.0132426882702584,0.0167651490737176));
#16333=CARTESIAN_POINT('',(0.0338037837340949,0.0132434661552335,0.0168541838433749));
#16334=CARTESIAN_POINT('',(0.0338931086627449,0.0132438452198166,0.0169624221908014));
#16335=CARTESIAN_POINT('',(0.0333449387423002,0.0132415189733196,0.0165888253142002));
#16336=CARTESIAN_POINT('',(0.0333453631044304,0.0131415198737397,0.0165888253142002));
#16337=CARTESIAN_POINT('',(0.0334013851141507,0.0132417585125024,0.0166446902677106));
#16338=CARTESIAN_POINT('',(0.0334018094762808,0.0131417594129225,0.0166446902677106));
#16339=CARTESIAN_POINT('',(0.0334932317020242,0.0132421482781487,0.0167034648542164));
#16340=CARTESIAN_POINT('',(0.0334936560641543,0.0131421491785688,0.0167034648542164));
#16341=CARTESIAN_POINT('',(0.0336204785059208,0.0132426882702584,0.0167651490737176));
#16342=CARTESIAN_POINT('',(0.0336209028680509,0.0131426891706785,0.0167651490737176));
#16343=CARTESIAN_POINT('',(0.0333449387423002,0.0132415189733196,0.0165888253142002));
#16344=CARTESIAN_POINT('',(0.0333449387423002,0.0132415189733196,0.0165888253142002));
#16345=CARTESIAN_POINT('',(0.0333449387423002,0.0132415189733196,0.0165888253142002));
#16346=CARTESIAN_POINT('',(0.0334296083000759,0.0132418782820938,0.0166726227444659));
#16347=CARTESIAN_POINT('',(0.0336204785059208,0.0132426882702584,0.0167651490737176));
#16348=CARTESIAN_POINT('',(0.0335212923057531,0.0132422673577965,0.016395166877394));
#16349=CARTESIAN_POINT('',(0.0332602691845246,0.0132411596645453,0.0163979533897061));
#16350=CARTESIAN_POINT('',(0.0332602691845246,0.0132411596645453,0.0163979533897061));
#16351=CARTESIAN_POINT('',(0.0335212923057531,0.0132422673577966,0.016395166877394));
#16352=CARTESIAN_POINT('',(0.0336583033942741,0.0132428487862056,0.0160720744942284));
#16353=CARTESIAN_POINT('',(0.0336587277564043,0.0131428496866257,0.0160720744942284));
#16354=CARTESIAN_POINT('',(0.0333929472544411,0.0132417227050988,0.0160720744942284));
#16355=CARTESIAN_POINT('',(0.0333933716165712,0.0131417236055189,0.0160720744942284));
#16356=CARTESIAN_POINT('',(0.0332602691845246,0.0132411596645453,0.016180700792721));
#16357=CARTESIAN_POINT('',(0.0332606935466547,0.0131411605649655,0.016180700792721));
#16358=CARTESIAN_POINT('',(0.0332602691845246,0.0132411596645453,0.0163979533897061));
#16359=CARTESIAN_POINT('',(0.0332606935466547,0.0131411605649655,0.0163979533897061));
#16360=CARTESIAN_POINT('',(0.0336583033942741,0.0132428487862056,0.0160720744942284));
#16361=CARTESIAN_POINT('',(0.0336583033942741,0.0132428487862056,0.0160720744942284));
#16362=CARTESIAN_POINT('',(0.0336583033942741,0.0132428487862056,0.0160720744942284));
#16363=CARTESIAN_POINT('',(0.0332602691845246,0.0132411596645453,0.0160720744942284));
#16364=CARTESIAN_POINT('',(0.0332602691845246,0.0132411596645453,0.0163979533897061));
#16365=CARTESIAN_POINT('',(0.0336671908499741,0.0132428865015416,0.0165323950584423));
#16366=CARTESIAN_POINT('',(0.0338541199316729,0.0132436797649171,0.0161122274295641));
#16367=CARTESIAN_POINT('',(0.0338540920333821,0.0132436796465263,0.0161123005153753));
#16368=CARTESIAN_POINT('',(0.0336671908499741,0.0132428865015415,0.0165323950584423));
#16369=CARTESIAN_POINT('',(0.0336854889583924,0.0132429641524835,0.0165079630404601));
#16370=CARTESIAN_POINT('',(0.0339875835589714,0.0132442461391086,0.0162023008790478));
#16371=CARTESIAN_POINT('',(0.0339875835439372,0.0132442461390448,0.0162023008864422));
#16372=CARTESIAN_POINT('',(0.0336854889583924,0.0132429641524834,0.0165079630404601));
#16373=CARTESIAN_POINT('',(0.0340030917996494,0.0132443119508017,0.0163278312345185));
#16374=CARTESIAN_POINT('',(0.0340185127156704,0.0132443773919186,0.0164526544900184));
#16375=CARTESIAN_POINT('',(0.0340185127156704,0.0132443773919186,0.0164526544900184));
#16376=CARTESIAN_POINT('',(0.0340030917996494,0.0132443119508017,0.0163278312345185));
#16377=CARTESIAN_POINT('',(0.0340595381714998,0.0132445514899845,0.0164526544900184));
#16378=CARTESIAN_POINT('',(0.0341005636273293,0.0132447255880503,0.0164526544900184));
#16379=CARTESIAN_POINT('',(0.0341005636273293,0.0132447255880503,0.0164526544900184));
#16380=CARTESIAN_POINT('',(0.0340595381714998,0.0132445514899845,0.0164526544900184));
#16381=CARTESIAN_POINT('',(0.0341378065943233,0.0132448836345215,0.0162469434372481));
#16382=CARTESIAN_POINT('',(0.034174941133911,0.0132450412208636,0.0160418312818732));
#16383=CARTESIAN_POINT('',(0.034174941133911,0.0132450412208636,0.0160418312818732));
#16384=CARTESIAN_POINT('',(0.0341378065943233,0.0132448836345215,0.0162469434372481));
#16385=CARTESIAN_POINT('',(0.0336496252310431,0.013242811959036,0.0171938728953933));
#16386=CARTESIAN_POINT('',(0.0336658683719449,0.0132428808893951,0.0159283386242587));
#16387=CARTESIAN_POINT('',(0.0336658683719449,0.0132428808893951,0.0159283386242587));
#16388=CARTESIAN_POINT('',(0.0336496252310431,0.0132428119590357,0.0171938728953933));
#16389=CARTESIAN_POINT('',(0.0331363199349973,0.0132406336661336,0.0160604359622471));
#16390=CARTESIAN_POINT('',(0.0331367442971274,0.0131406345665537,0.0160604359622471));
#16391=CARTESIAN_POINT('',(0.0332527042068539,0.0132411275613559,0.0159723710702548));
#16392=CARTESIAN_POINT('',(0.033253128568984,0.013141128461776,0.0159723710702548));
#16393=CARTESIAN_POINT('',(0.0334292203525031,0.0132418766357764,0.0159283386242587));
#16394=CARTESIAN_POINT('',(0.0334296447146332,0.0131418775361965,0.0159283386242587));
#16395=CARTESIAN_POINT('',(0.0336658683719449,0.0132428808893951,0.0159283386242587));
#16396=CARTESIAN_POINT('',(0.033666292734075,0.0131428817898152,0.0159283386242587));
#16397=CARTESIAN_POINT('',(0.0331363199349973,0.0132406336661336,0.0160604359622471));
#16398=CARTESIAN_POINT('',(0.0333108963427822,0.013241374508967,0.0159283386242587));
#16399=CARTESIAN_POINT('',(0.0336658683719449,0.0132428808893951,0.0159283386242587));
#16400=CARTESIAN_POINT('',(0.0209267633441615,0.0131888204651708,0.015965));
#16401=CARTESIAN_POINT('',(0.0320970083873178,0.0132362231817984,0.0160697467878321));
#16402=CARTESIAN_POINT('',(0.0322395791203422,0.0132368282034458,0.0160924419251957));
#16403=CARTESIAN_POINT('',(0.0322395791203422,0.0132368282034458,0.0160924419251957));
#16404=CARTESIAN_POINT('',(0.0320970083873178,0.0132362231817984,0.0160697467878321));
#16405=CARTESIAN_POINT('',(0.0319544376542935,0.0132356181601511,0.0160470516504685));
#16406=CARTESIAN_POINT('',(0.0319544376542935,0.0132356181601511,0.0160470516504685));
#16407=CARTESIAN_POINT('',(0.0321004999154735,0.0132362379986551,0.0168835711366278));
#16408=CARTESIAN_POINT('',(0.0319614207106049,0.0132356477938645,0.0176747003480598));
#16409=CARTESIAN_POINT('',(0.0319614207106049,0.0132356477938645,0.0176747003480598));
#16410=CARTESIAN_POINT('',(0.0321004999154735,0.0132362379986551,0.0168835711366278));
#16411=CARTESIAN_POINT('',(0.0322334689460697,0.0132368022739466,0.0176747003480598));
#16412=CARTESIAN_POINT('',(0.0325055171815345,0.0132379567540287,0.0176747003480598));
#16413=CARTESIAN_POINT('',(0.0325055171815345,0.0132379567540287,0.0176747003480598));
#16414=CARTESIAN_POINT('',(0.0322334689460697,0.0132368022739466,0.0176747003480598));
#16415=CARTESIAN_POINT('',(0.0325127911985255,0.0132379876224801,0.0176336745228255));
#16416=CARTESIAN_POINT('',(0.0325200652155166,0.0132380184909315,0.0175926486975913));
#16417=CARTESIAN_POINT('',(0.0325200652155166,0.0132380184909315,0.0175926486975913));
#16418=CARTESIAN_POINT('',(0.0325127911985255,0.0132379876224801,0.0176336745228255));
#16419=CARTESIAN_POINT('',(0.032402808061621,0.013237520891495,0.0175699535602277));
#16420=CARTESIAN_POINT('',(0.0322855509077255,0.0132370232920586,0.017547258422864));
#16421=CARTESIAN_POINT('',(0.0322855509077255,0.0132370232920586,0.017547258422864));
#16422=CARTESIAN_POINT('',(0.032402808061621,0.013237520891495,0.0175699535602277));
#16423=CARTESIAN_POINT('',(0.0324246301125941,0.0132376134968492,0.0167561292114321));
#16424=CARTESIAN_POINT('',(0.0325637093174628,0.0132382037016399,0.015965));
#16425=CARTESIAN_POINT('',(0.0325637093174628,0.0132382037016399,0.015965));
#16426=CARTESIAN_POINT('',(0.0324246301125941,0.0132376134968492,0.0167561292114321));
#16427=CARTESIAN_POINT('',(0.0322663475028691,0.0132369417993469,0.015965));
#16428=CARTESIAN_POINT('',(0.0319689856882755,0.0132356798970539,0.015965));
#16429=CARTESIAN_POINT('',(0.0319689856882755,0.0132356798970539,0.015965));
#16430=CARTESIAN_POINT('',(0.0322663475028691,0.0132369417993469,0.015965));
#16431=CARTESIAN_POINT('',(0.0319617116712845,0.0132356490286025,0.0160060258252342));
#16432=CARTESIAN_POINT('',(0.0319617116712845,0.0132356490286025,0.0160060258252342));
#16433=CARTESIAN_POINT('',(0.0209267633441615,0.0131888204651708,0.015965));
#16434=CARTESIAN_POINT('',(0.0320377683932044,0.013235971787434,0.0182307606161111));
#16435=CARTESIAN_POINT('',(0.0318491098882632,0.0132351711849749,0.0182327679565653));
#16436=CARTESIAN_POINT('',(0.0318491576929453,0.0132351713878417,0.018232768260718));
#16437=CARTESIAN_POINT('',(0.0320377683932044,0.0132359717874339,0.0182307606161111));
#16438=CARTESIAN_POINT('',(0.0319073627511527,0.0132354183902906,0.0180943329572656));
#16439=CARTESIAN_POINT('',(0.0319073020241916,0.0132354181325861,0.0180942694259873));
#16440=CARTESIAN_POINT('',(0.0320398066528447,0.0132359804371139,0.0182358109033789));
#16441=CARTESIAN_POINT('',(0.0319073020241916,0.0132354181325861,0.0183730122669406));
#16442=CARTESIAN_POINT('',(0.031907349413341,0.0132354183336895,0.0183729643083508));
#16443=CARTESIAN_POINT('',(0.0320398066528447,0.0132359804371139,0.0182358109033789));
#16444=CARTESIAN_POINT('',(0.0320442628587724,0.0132359993477346,0.0182411919422144));
#16445=CARTESIAN_POINT('',(0.0320469631504195,0.0132360108068529,0.0184312049268473));
#16446=CARTESIAN_POINT('',(0.0320469625663014,0.0132360108043741,0.0184311679623618));
#16447=CARTESIAN_POINT('',(0.0320442628587724,0.0132359993477345,0.0182411919422144));
#16448=CARTESIAN_POINT('',(0.0320489704727989,0.0132360193252456,0.0182425447231677));
#16449=CARTESIAN_POINT('',(0.0321854604339289,0.0132365985421674,0.0183730122669406));
#16450=CARTESIAN_POINT('',(0.0321853969751375,0.0132365982728699,0.0183729511760366));
#16451=CARTESIAN_POINT('',(0.0320489704727989,0.0132360193252456,0.0182425447231677));
#16452=CARTESIAN_POINT('',(0.0320529558052662,0.0132360362376396,0.0182358109033752));
#16453=CARTESIAN_POINT('',(0.0322436525698571,0.0132368454897785,0.0182327679565653));
#16454=CARTESIAN_POINT('',(0.0322436047523169,0.0132368452868572,0.0182327688966385));
#16455=CARTESIAN_POINT('',(0.0320529558052662,0.0132360362376396,0.0182358109033752));
#16456=CARTESIAN_POINT('',(0.0320549940649074,0.0132360448873195,0.0182307606161137));
#16457=CARTESIAN_POINT('',(0.0321853388505649,0.013236598026209,0.0180943966122637));
#16458=CARTESIAN_POINT('',(0.0321853374817634,0.0132365980204003,0.0180943951801618));
#16459=CARTESIAN_POINT('',(0.0320549940649074,0.0132360448873195,0.0182307606161137));
#16460=CARTESIAN_POINT('',(0.0320489704727981,0.0132360193252456,0.0182247369697603));
#16461=CARTESIAN_POINT('',(0.0320469631504195,0.0132360108068529,0.0180360767660806));
#16462=CARTESIAN_POINT('',(0.0320469630255688,0.013236010806323,0.0180361137207151));
#16463=CARTESIAN_POINT('',(0.0320489704727981,0.0132360193252456,0.0182247369697603));
#16464=CARTESIAN_POINT('',(0.032044262858772,0.0132359993477346,0.018226089750713));
#16465=CARTESIAN_POINT('',(0.032044262858772,0.0132359993477345,0.018226089750713));
#16466=CARTESIAN_POINT('',(0.0209267633441615,0.0131888204651708,0.015965));
#16467=CARTESIAN_POINT('',(0.0313102046540601,0.0132328842546527,0.0172075649391197));
#16468=CARTESIAN_POINT('',(0.0305159860703326,0.0132295138614044,0.0161594466835114));
#16469=CARTESIAN_POINT('',(0.0305159860707769,0.0132295138614063,0.0161594466838133));
#16470=CARTESIAN_POINT('',(0.0313102046540601,0.0132328842546518,0.0172075649391197));
#16471=CARTESIAN_POINT('',(0.0308107615817505,0.0132307645383051,0.0159913900265123));
#16472=CARTESIAN_POINT('',(0.0308106712226227,0.013230764404854,0.015991186696958));
#16473=CARTESIAN_POINT('',(0.0273756260028685,0.0132161872425346,0.015286175206801));
#16474=CARTESIAN_POINT('',(0.0305834309318227,0.0132298000744324,0.0158649086249604));
#16475=CARTESIAN_POINT('',(0.0305833940914651,0.0132297996680923,0.015864901978247));
#16476=CARTESIAN_POINT('',(0.0273756260028685,0.0132161872425334,0.015286175206801));
#16477=CARTESIAN_POINT('',(0.0306459874779456,0.0132300655431144,0.0155183713352159));
#16478=CARTESIAN_POINT('',(0.0307085440240686,0.0132303310117964,0.0151718340454713));
#16479=CARTESIAN_POINT('',(0.0307085440240686,0.0132303310117964,0.0151718340454713));
#16480=CARTESIAN_POINT('',(0.0306459874779456,0.0132300655431144,0.0155183713352159));
#16481=CARTESIAN_POINT('',(0.0304440607662744,0.0132292086349037,0.0151718340454713));
#16482=CARTESIAN_POINT('',(0.0301795775084803,0.0132280862580111,0.0151718340454713));
#16483=CARTESIAN_POINT('',(0.0301795775084803,0.0132280862580111,0.0151718340454713));
#16484=CARTESIAN_POINT('',(0.0304440607662744,0.0132292086349037,0.0151718340454713));
#16485=CARTESIAN_POINT('',(0.0301723034914892,0.0132280553895597,0.0152146056505027));
#16486=CARTESIAN_POINT('',(0.0301650294744982,0.0132280245211083,0.0152573772555342));
#16487=CARTESIAN_POINT('',(0.0301650294744982,0.0132280245211083,0.0152573772555342));
#16488=CARTESIAN_POINT('',(0.0301723034914892,0.0132280553895597,0.0152146056505027));
#16489=CARTESIAN_POINT('',(0.0302750126114027,0.0132284912520933,0.0152791995029991));
#16490=CARTESIAN_POINT('',(0.0303849957483072,0.0132289579830784,0.0153010217504642));
#16491=CARTESIAN_POINT('',(0.0303849957483072,0.0132289579830784,0.0153010217504642));
#16492=CARTESIAN_POINT('',(0.0302750126114027,0.0132284912520933,0.0152791995029991));
#16493=CARTESIAN_POINT('',(0.0301731763735281,0.0132280590937738,0.0164721490310872));
#16494=CARTESIAN_POINT('',(0.0299613013409707,0.0132271599682766,0.0176435840377752));
#16495=CARTESIAN_POINT('',(0.0299613013409707,0.0132271599682766,0.0176435840377752));
#16496=CARTESIAN_POINT('',(0.0301731763735281,0.0132280590937738,0.0164721490310872));
#16497=CARTESIAN_POINT('',(0.0306484194310283,0.0132300758635,0.0145343471457912));
#16498=CARTESIAN_POINT('',(0.0302622103414985,0.0132284369236189,0.0176953587423267));
#16499=CARTESIAN_POINT('',(0.0302622296803182,0.0132284370056863,0.0176952089551485));
#16500=CARTESIAN_POINT('',(0.0306484194310283,0.0132300758634953,0.0145343471457912));
#16501=CARTESIAN_POINT('',(0.0306194832001333,0.0132299530679895,0.0152311569933953));
#16502=CARTESIAN_POINT('',(0.030575865954152,0.013229767971243,0.017720090622787));
#16503=CARTESIAN_POINT('',(0.030575868195058,0.0132297679807526,0.0177199559141433));
#16504=CARTESIAN_POINT('',(0.0306194832001334,0.0132299530679838,0.0152311569933953));
#16505=CARTESIAN_POINT('',(0.0305927124232459,0.0132298394619219,0.0167370743059282));
#16506=CARTESIAN_POINT('',(0.0311132703294498,0.013232048532432,0.0175699535602277));
#16507=CARTESIAN_POINT('',(0.0311133761275494,0.0132320489814031,0.0175701215091134));
#16508=CARTESIAN_POINT('',(0.0305927124232459,0.0132298394619218,0.0167370743059282));
#16509=CARTESIAN_POINT('',(0.0305736087954968,0.0132297583926301,0.0167300952403211));
#16510=CARTESIAN_POINT('',(0.0314813355891964,0.0132336104760725,0.0171480567759039));
#16511=CARTESIAN_POINT('',(0.0314812931776902,0.0132336102960925,0.0171480392676326));
#16512=CARTESIAN_POINT('',(0.0305736087954968,0.0132297583926302,0.0167300952403211));
#16513=CARTESIAN_POINT('',(0.030236521623997,0.0132283279094486,0.0165647733629687));
#16514=CARTESIAN_POINT('',(0.0316122678950351,0.0132341661081976,0.0165434350394729));
#16515=CARTESIAN_POINT('',(0.0316122678950351,0.0132341661081976,0.0165434350394729));
#16516=CARTESIAN_POINT('',(0.030236521623997,0.0132283279094485,0.0165647733629687));
#16517=CARTESIAN_POINT('',(0.0314804627071575,0.0132336067718583,0.0160831310996107));
#16518=CARTESIAN_POINT('',(0.0314808870692876,0.0131336076722785,0.0160831310996107));
#16519=CARTESIAN_POINT('',(0.0315683328324092,0.0132339796627511,0.0161863260831786));
#16520=CARTESIAN_POINT('',(0.0315687571945393,0.0131339805631713,0.0161863260831786));
#16521=CARTESIAN_POINT('',(0.0316122678950351,0.0132341661081976,0.0163397607297994));
#16522=CARTESIAN_POINT('',(0.0316126922571652,0.0131341670086177,0.0163397607297994));
#16523=CARTESIAN_POINT('',(0.0316122678950351,0.0132341661081976,0.0165434350394729));
#16524=CARTESIAN_POINT('',(0.0316126922571652,0.0131341670086177,0.0165434350394729));
#16525=CARTESIAN_POINT('',(0.0314804627071575,0.0132336067718583,0.0160831310996107));
#16526=CARTESIAN_POINT('',(0.0314804627071575,0.0132336067718583,0.0160831310996107));
#16527=CARTESIAN_POINT('',(0.0314804627071575,0.0132336067718583,0.0160831310996107));
#16528=CARTESIAN_POINT('',(0.0316122678950351,0.0132341661081976,0.0162379235749626));
#16529=CARTESIAN_POINT('',(0.0316122678950351,0.0132341661081976,0.0165434350394729));
#16530=CARTESIAN_POINT('',(0.0310995951775067,0.0132319904997433,0.0159283386242587));
#16531=CARTESIAN_POINT('',(0.0311000195396368,0.0131319914001635,0.0159283386242587));
#16532=CARTESIAN_POINT('',(0.0312656367386888,0.0132326951235938,0.0159283386242587));
#16533=CARTESIAN_POINT('',(0.0312660611008189,0.013132696024014,0.0159283386242587));
#16534=CARTESIAN_POINT('',(0.0313925925819057,0.0132332338809655,0.0159799361160427));
#16535=CARTESIAN_POINT('',(0.0313930169440358,0.0131332347813856,0.0159799361160427));
#16536=CARTESIAN_POINT('',(0.0314804627071575,0.0132336067718583,0.0160831310996107));
#16537=CARTESIAN_POINT('',(0.0314808870692876,0.0131336076722784,0.0160831310996107));
#16538=CARTESIAN_POINT('',(0.0310995951775067,0.0132319904997433,0.0159283386242587));
#16539=CARTESIAN_POINT('',(0.0310995951775067,0.0132319904997433,0.0159283386242587));
#16540=CARTESIAN_POINT('',(0.0310995951775067,0.0132319904997433,0.0159283386242587));
#16541=CARTESIAN_POINT('',(0.0313486575192799,0.0132330474355191,0.0159283386242587));
#16542=CARTESIAN_POINT('',(0.0314804627071575,0.0132336067718583,0.0160831310996107));
#16543=CARTESIAN_POINT('',(0.0309742475953722,0.0132314585672837,0.0170869837313667));
#16544=CARTESIAN_POINT('',(0.0309746719575023,0.0131314594677043,0.0170869837313667));
#16545=CARTESIAN_POINT('',(0.0309749064476108,0.0131314604628004,0.0161593626146973));
#16546=CARTESIAN_POINT('',(0.0307174531270663,0.0131303679185678,0.0161959095073121));
#16547=CARTESIAN_POINT('',(0.0309744820852609,0.0132314595623794,0.0161593634840885));
#16548=CARTESIAN_POINT('',(0.0309744820854806,0.0132314595623803,0.0161593626146973));
#16549=CARTESIAN_POINT('',(0.0309742475953722,0.0132314585672841,0.0170869837313667));
#16550=CARTESIAN_POINT('',(0.0307170286914957,0.0132303667678338,0.0161959095270727));
#16551=CARTESIAN_POINT('',(0.0307169818837782,0.0132303668192,0.0161957338965302));
#16552=CARTESIAN_POINT('',(0.0312116150391687,0.0132324658738948,0.0162684747214136));
#16553=CARTESIAN_POINT('',(0.0312120394012988,0.0131324667743149,0.0162684747214136));
#16554=CARTESIAN_POINT('',(0.0311563325100368,0.0132322312736642,0.0161957338965302));
#16555=CARTESIAN_POINT('',(0.0311567568721669,0.0131322321740843,0.0161957338965302));
#16556=CARTESIAN_POINT('',(0.0310772881920675,0.0132318958364924,0.0161593634840885));
#16557=CARTESIAN_POINT('',(0.0310777125541976,0.0131318967369125,0.0161593634840885));
#16558=CARTESIAN_POINT('',(0.0309744820852609,0.0132314595623794,0.0161593634840885));
#16559=CARTESIAN_POINT('',(0.030974906447391,0.0131314604627995,0.0161593634840885));
#16560=CARTESIAN_POINT('',(0.0312120394012988,0.0131324667743149,0.0162684747214136));
#16561=CARTESIAN_POINT('',(0.031129115607601,0.013132114873969,0.0161593634840885));
#16562=CARTESIAN_POINT('',(0.030974906447391,0.0131314604627995,0.0161593634840885));
#16563=CARTESIAN_POINT('',(0.0312120394012988,0.0131324667743149,0.0162684747214136));
#16564=CARTESIAN_POINT('',(0.0312116150391687,0.0132324658738948,0.0162684747214136));
#16565=CARTESIAN_POINT('',(0.0312116150391687,0.0132324658738948,0.0162684747214136));
#16566=CARTESIAN_POINT('',(0.0312116150391687,0.0132324658738948,0.0162684747214136));
#16567=CARTESIAN_POINT('',(0.0311286912454708,0.0132321139735489,0.0161593634840885));
#16568=CARTESIAN_POINT('',(0.0309744820852609,0.0132314595623794,0.0161593634840885));
#16569=CARTESIAN_POINT('',(0.0312945388328666,0.0132328177742407,0.0165888253142002));
#16570=CARTESIAN_POINT('',(0.0312949631949967,0.0131328186746608,0.0165888253142002));
#16571=CARTESIAN_POINT('',(0.0312945388328666,0.0132328177742407,0.0164479990772259));
#16572=CARTESIAN_POINT('',(0.0312949631949967,0.0131328186746608,0.0164479990772259));
#16573=CARTESIAN_POINT('',(0.0312668975683006,0.0132327004741254,0.016341215546297));
#16574=CARTESIAN_POINT('',(0.0312673219304307,0.0131327013745455,0.016341215546297));
#16575=CARTESIAN_POINT('',(0.0312116150391687,0.0132324658738948,0.0162684747214136));
#16576=CARTESIAN_POINT('',(0.0312120394012988,0.0131324667743149,0.0162684747214136));
#16577=CARTESIAN_POINT('',(0.0312949631949967,0.0131328186746608,0.0165888253142002));
#16578=CARTESIAN_POINT('',(0.0312949631949967,0.0131328186746608,0.0163775859587387));
#16579=CARTESIAN_POINT('',(0.0312120394012988,0.0131324667743149,0.0162684747214136));
#16580=CARTESIAN_POINT('',(0.0312949631949967,0.0131328186746608,0.0165888253142002));
#16581=CARTESIAN_POINT('',(0.0312945388328666,0.0132328177742407,0.0165888253142002));
#16582=CARTESIAN_POINT('',(0.0312945388328666,0.0132328177742407,0.0165888253142002));
#16583=CARTESIAN_POINT('',(0.0312945388328666,0.0132328177742407,0.0165888253142002));
#16584=CARTESIAN_POINT('',(0.0312945388328666,0.0132328177742407,0.0163775859587387));
#16585=CARTESIAN_POINT('',(0.0312116150391687,0.0132324658738948,0.0162684747214136));
#16586=CARTESIAN_POINT('',(0.0298335434477536,0.0132266178072776,0.016600529268864));
#16587=CARTESIAN_POINT('',(0.0298339678098837,0.0131266187076979,0.016600529268864));
#16588=CARTESIAN_POINT('',(0.0312120394012988,0.0131324667743149,0.017084335813306));
#16589=CARTESIAN_POINT('',(0.0312116150391687,0.0132324658738948,0.017084335813306));
#16590=CARTESIAN_POINT('',(0.0312116150391687,0.0132324658738948,0.017084335813306));
#16591=CARTESIAN_POINT('',(0.0298335434477536,0.0132266178072778,0.016600529268864));
#16592=CARTESIAN_POINT('',(0.0309823380236112,0.0132314929003069,0.0174480399377231));
#16593=CARTESIAN_POINT('',(0.0309827623857413,0.013131493800727,0.0174480399377231));
#16594=CARTESIAN_POINT('',(0.0310799068381843,0.0132319069491349,0.0173601690212639));
#16595=CARTESIAN_POINT('',(0.0310803312003144,0.013131907849555,0.0173601690212639));
#16596=CARTESIAN_POINT('',(0.0311563325100368,0.0132322312736642,0.0172389343131249));
#16597=CARTESIAN_POINT('',(0.0311567568721669,0.0131322321740843,0.0172389343131249));
#16598=CARTESIAN_POINT('',(0.0312116150391687,0.0132324658738948,0.017084335813306));
#16599=CARTESIAN_POINT('',(0.0312120394012988,0.0131324667743149,0.017084335813306));
#16600=CARTESIAN_POINT('',(0.0309827623857413,0.013131493800727,0.0174480399377231));
#16601=CARTESIAN_POINT('',(0.031129115607601,0.013132114873969,0.0173162335630344));
#16602=CARTESIAN_POINT('',(0.0312120394012988,0.0131324667743149,0.017084335813306));
#16603=CARTESIAN_POINT('',(0.0309827623857413,0.013131493800727,0.0174480399377231));
#16604=CARTESIAN_POINT('',(0.0309823380236112,0.0132314929003069,0.0174480399377231));
#16605=CARTESIAN_POINT('',(0.0309823380236112,0.0132314929003069,0.0174480399377231));
#16606=CARTESIAN_POINT('',(0.0309823380236112,0.0132314929003069,0.0174480399377231));
#16607=CARTESIAN_POINT('',(0.0311286912454708,0.0132321139735489,0.0173162335630344));
#16608=CARTESIAN_POINT('',(0.0312116150391687,0.0132324658738948,0.017084335813306));
#16609=CARTESIAN_POINT('',(0.03065234695429,0.0132300925305667,0.0171050646736277));
#16610=CARTESIAN_POINT('',(0.0306527713164201,0.0131300934309868,0.0171050646736277));
#16611=CARTESIAN_POINT('',(0.0306565976416344,0.0131301096686082,0.0175800436075016));
#16612=CARTESIAN_POINT('',(0.0306561711017331,0.0132301087589464,0.0175798463124118));
#16613=CARTESIAN_POINT('',(0.0306561732795043,0.0132301087681881,0.0175800436075016));
#16614=CARTESIAN_POINT('',(0.03065234695429,0.0132300925305667,0.0171050646736277));
#16615=CARTESIAN_POINT('',(0.0306590967531142,0.0132301211744148,0.0161273889222526));
#16616=CARTESIAN_POINT('',(0.0306595211152443,0.0131301220748348,0.0161273889222526));
#16617=CARTESIAN_POINT('',(0.0302853431945563,0.0131285341911426,0.0175308878989188));
#16618=CARTESIAN_POINT('',(0.0302849188321536,0.0132285332907213,0.0175308878990926));
#16619=CARTESIAN_POINT('',(0.0302849188324262,0.0132285332907224,0.0175308878989188));
#16620=CARTESIAN_POINT('',(0.0306590967531142,0.0132301211744147,0.0161273889222526));
#16621=CARTESIAN_POINT('',(0.030394888411415,0.0132289999641723,0.0169097578335858));
#16622=CARTESIAN_POINT('',(0.0303953127735451,0.0131290008645924,0.0169097578335858));
#16623=CARTESIAN_POINT('',(0.0305053863683287,0.01312946797945,0.0162880402649788));
#16624=CARTESIAN_POINT('',(0.0305049620061986,0.0132294670790298,0.0162880402649788));
#16625=CARTESIAN_POINT('',(0.0305049620061986,0.0132294670790298,0.0162880402649788));
#16626=CARTESIAN_POINT('',(0.030394888411415,0.0132289999641723,0.0169097578335858));
#16627=CARTESIAN_POINT('',(0.030916098821532,0.0132312118036874,0.016945805720782));
#16628=CARTESIAN_POINT('',(0.0309165231836621,0.013131212704107,0.016945805720782));
#16629=CARTESIAN_POINT('',(0.030916098821532,0.0132312118036869,0.016945805720782));
#16630=CARTESIAN_POINT('',(0.031119215322024,0.0132320737609563,0.0167009213964218));
#16631=CARTESIAN_POINT('',(0.031119215322024,0.0132320737609562,0.0167009213964218));
#16632=CARTESIAN_POINT('',(0.0209267633441615,0.0131888204651708,0.015965));
#16633=CARTESIAN_POINT('',(0.0222399281106836,0.0130943921888947,0.033));
#16634=CARTESIAN_POINT('',(0.0344113096331864,0.0132460442882939,0.0164672026549951));
#16635=CARTESIAN_POINT('',(0.0344117339953165,0.013146045188714,0.0164672026549951));
#16636=CARTESIAN_POINT('',(0.0344113096331864,0.0132460442882939,0.0162840897518219));
#16637=CARTESIAN_POINT('',(0.0344117339953165,0.013146045188714,0.0162840897518219));
#16638=CARTESIAN_POINT('',(0.0344695017691147,0.013246291235905,0.0161485008542392));
#16639=CARTESIAN_POINT('',(0.0344699261312448,0.0131462921363252,0.0161485008542392));
#16640=CARTESIAN_POINT('',(0.0345858860409713,0.0132467851311273,0.0160604359622471));
#16641=CARTESIAN_POINT('',(0.0345863104031014,0.0131467860315475,0.0160604359622471));
#16642=CARTESIAN_POINT('',(0.0344113096331864,0.0132460442882939,0.0164672026549951));
#16643=CARTESIAN_POINT('',(0.0344113096331864,0.0132460442882939,0.0164672026549951));
#16644=CARTESIAN_POINT('',(0.0344113096331864,0.0132460442882939,0.0164672026549951));
#16645=CARTESIAN_POINT('',(0.0344113096331864,0.0132460442882939,0.0161925333002353));
#16646=CARTESIAN_POINT('',(0.0345858860409713,0.0132467851311273,0.0160604359622471));
#16647=CARTESIAN_POINT('',(0.0345858860409713,0.0132467851311273,0.0160604359622471));
#16648=CARTESIAN_POINT('',(0.0345858860409713,0.0132467851311273,0.0160604359622471));
#16649=CARTESIAN_POINT('',(0.0348230995903712,0.0132477917846625,0.0164738888749929));
#16650=CARTESIAN_POINT('',(0.0344985978370788,0.0132464147097106,0.0167270328814786));
#16651=CARTESIAN_POINT('',(0.0344985978370788,0.0132464147097106,0.0167270328814786));
#16652=CARTESIAN_POINT('',(0.0348230995903712,0.0132477917846626,0.0164738888749929));
#16653=CARTESIAN_POINT('',(0.0347750104827383,0.0132475877108636,0.0169379812736405));
#16654=CARTESIAN_POINT('',(0.0347754348448684,0.0131475886112837,0.0169379812736405));
#16655=CARTESIAN_POINT('',(0.0346489275215603,0.0132470526577061,0.016872417543479));
#16656=CARTESIAN_POINT('',(0.0346493518836904,0.0131470535581262,0.016872417543479));
#16657=CARTESIAN_POINT('',(0.0345567899730072,0.0132466616573218,0.0168021014127583));
#16658=CARTESIAN_POINT('',(0.0345572143351373,0.0131466625577419,0.0168021014127583));
#16659=CARTESIAN_POINT('',(0.0344985978370788,0.0132464147097106,0.0167270328814786));
#16660=CARTESIAN_POINT('',(0.034499022199209,0.0131464156101307,0.0167270328814786));
#16661=CARTESIAN_POINT('',(0.0347750104827383,0.0132475877108636,0.0169379812736405));
#16662=CARTESIAN_POINT('',(0.0347750104827383,0.0132475877108636,0.0169379812736405));
#16663=CARTESIAN_POINT('',(0.0347750104827383,0.0132475877108636,0.0169379812736405));
#16664=CARTESIAN_POINT('',(0.0345858860409713,0.0132467851311273,0.0168396356783982));
#16665=CARTESIAN_POINT('',(0.0344985978370788,0.0132464147097106,0.0167270328814786));
#16666=CARTESIAN_POINT('',(0.0350645163589816,0.013248816275229,0.0171215791156463));
#16667=CARTESIAN_POINT('',(0.0350649407211117,0.0131488171756492,0.0171215791156463));
#16668=CARTESIAN_POINT('',(0.0350135012531511,0.0132485997844899,0.0170717274036595));
#16669=CARTESIAN_POINT('',(0.0350139256152812,0.0131486006849101,0.0170717274036595));
#16670=CARTESIAN_POINT('',(0.0349169992944033,0.0132481902630348,0.017010528122991));
#16671=CARTESIAN_POINT('',(0.0349174236565334,0.0131481911634549,0.017010528122991));
#16672=CARTESIAN_POINT('',(0.0347750104827383,0.0132475877108636,0.0169379812736405));
#16673=CARTESIAN_POINT('',(0.0347754348448684,0.0131475886112837,0.0169379812736405));
#16674=CARTESIAN_POINT('',(0.0350645163589816,0.013248816275229,0.0171215791156463));
#16675=CARTESIAN_POINT('',(0.0350645163589816,0.013248816275229,0.0171215791156463));
#16676=CARTESIAN_POINT('',(0.0350645163589816,0.013248816275229,0.0171215791156463));
#16677=CARTESIAN_POINT('',(0.0349879937002359,0.0132484915391204,0.0170468015476661));
#16678=CARTESIAN_POINT('',(0.0347750104827383,0.0132475877108636,0.0169379812736405));
#16679=CARTESIAN_POINT('',(0.0349071958306772,0.0132481486604727,0.0172955218941093));
#16680=CARTESIAN_POINT('',(0.0351410390177273,0.0132491410113377,0.0172941203522698));
#16681=CARTESIAN_POINT('',(0.0351410390177273,0.0132491410113377,0.0172941203522698));
#16682=CARTESIAN_POINT('',(0.0349071958306772,0.0132481486604727,0.0172955218941093));
#16683=CARTESIAN_POINT('',(0.0350517140890773,0.0132487619467546,0.0175062325976298));
#16684=CARTESIAN_POINT('',(0.0350521384512075,0.0131487628471747,0.0175062325976298));
#16685=CARTESIAN_POINT('',(0.0351112640415107,0.0132490146564767,0.0174606483473695));
#16686=CARTESIAN_POINT('',(0.0351116884036408,0.0131490155568968,0.0174606483473695));
#16687=CARTESIAN_POINT('',(0.0351410390177273,0.0132491410113377,0.0173899442655829));
#16688=CARTESIAN_POINT('',(0.0351414633798574,0.0131491419117578,0.0173899442655829));
#16689=CARTESIAN_POINT('',(0.0351410390177273,0.0132491410113377,0.0172941203522698));
#16690=CARTESIAN_POINT('',(0.0351414633798574,0.0131491419117578,0.0172941203522698));
#16691=CARTESIAN_POINT('',(0.0350517140890773,0.0132487619467546,0.0175062325976298));
#16692=CARTESIAN_POINT('',(0.0350517140890773,0.0132487619467546,0.0175062325976298));
#16693=CARTESIAN_POINT('',(0.0350517140890773,0.0132487619467546,0.0175062325976298));
#16694=CARTESIAN_POINT('',(0.0351410390177273,0.0132491410113377,0.0174378562222394));
#16695=CARTESIAN_POINT('',(0.0351410390177273,0.0132491410113377,0.0172941203522698));
#16696=CARTESIAN_POINT('',(0.034813417292451,0.0132477506962869,0.0175746089730202));
#16697=CARTESIAN_POINT('',(0.0348138416545811,0.0131477515967071,0.0175746089730202));
#16698=CARTESIAN_POINT('',(0.0349127318711019,0.0132481721535433,0.0175746089730202));
#16699=CARTESIAN_POINT('',(0.034913156233232,0.0131481730539634,0.0175746089730202));
#16700=CARTESIAN_POINT('',(0.034992164136644,0.0132485092370325,0.0175518168478901));
#16701=CARTESIAN_POINT('',(0.0349925884987742,0.0131485101374526,0.0175518168478901));
#16702=CARTESIAN_POINT('',(0.0350517140890773,0.0132487619467546,0.0175062325976298));
#16703=CARTESIAN_POINT('',(0.0350521384512075,0.0131487628471747,0.0175062325976298));
#16704=CARTESIAN_POINT('',(0.034813417292451,0.0132477506962869,0.0175746089730202));
#16705=CARTESIAN_POINT('',(0.034813417292451,0.0132477506962869,0.0175746089730202));
#16706=CARTESIAN_POINT('',(0.034813417292451,0.0132477506962869,0.0175746089730202));
#16707=CARTESIAN_POINT('',(0.0349623891604274,0.0132483828821715,0.0175746089730202));
#16708=CARTESIAN_POINT('',(0.0350517140890773,0.0132487619467546,0.0175062325976298));
#16709=CARTESIAN_POINT('',(0.0345114001069831,0.0132464690381851,0.0174727718181834));
#16710=CARTESIAN_POINT('',(0.0345118244691132,0.0131464699386052,0.0174727718181834));
#16711=CARTESIAN_POINT('',(0.0345878257788355,0.0132467933627144,0.0175406632547413));
#16712=CARTESIAN_POINT('',(0.0345882501409657,0.0131467942631345,0.0175406632547413));
#16713=CARTESIAN_POINT('',(0.0346884981739915,0.0132472205820817,0.0175746089730202));
#16714=CARTESIAN_POINT('',(0.0346889225361216,0.0131472214825018,0.0175746089730202));
#16715=CARTESIAN_POINT('',(0.034813417292451,0.0132477506962869,0.0175746089730202));
#16716=CARTESIAN_POINT('',(0.0348138416545811,0.0131477515967071,0.0175746089730202));
#16717=CARTESIAN_POINT('',(0.0345114001069831,0.0132464690381851,0.0174727718181834));
#16718=CARTESIAN_POINT('',(0.0345114001069831,0.0132464690381851,0.0174727718181834));
#16719=CARTESIAN_POINT('',(0.0345114001069831,0.0132464690381851,0.0174727718181834));
#16720=CARTESIAN_POINT('',(0.0346260386147618,0.013246955524979,0.0175746089730202));
#16721=CARTESIAN_POINT('',(0.034813417292451,0.0132477506962869,0.0175746089730202));
#16722=CARTESIAN_POINT('',(0.0344988887977585,0.0132464159444487,0.017374426222941));
#16723=CARTESIAN_POINT('',(0.0344863774885339,0.0132463628507123,0.0172760806276987));
#16724=CARTESIAN_POINT('',(0.0344863774885339,0.0132463628507123,0.0172760806276987));
#16725=CARTESIAN_POINT('',(0.0344988887977585,0.0132464159444487,0.017374426222941));
#16726=CARTESIAN_POINT('',(0.0344436062686266,0.0132461813442181,0.0172760806276987));
#16727=CARTESIAN_POINT('',(0.0344008350487193,0.0132459998377239,0.0172760806276987));
#16728=CARTESIAN_POINT('',(0.0344008350487193,0.0132459998377239,0.0172760806276987));
#16729=CARTESIAN_POINT('',(0.0344436062686266,0.0132461813442181,0.0172760806276987));
#16730=CARTESIAN_POINT('',(0.0343670836098809,0.0132458566081094,0.0174660796622942));
#16731=CARTESIAN_POINT('',(0.0343334586563416,0.0132457139152555,0.0176553666654755));
#16732=CARTESIAN_POINT('',(0.0343334586563416,0.0132457139152555,0.0176553666654755));
#16733=CARTESIAN_POINT('',(0.0343670836098809,0.0132458566081094,0.0174660796622942));
#16734=CARTESIAN_POINT('',(0.0348783676148942,0.0132480263233425,0.0154478512635589));
#16735=CARTESIAN_POINT('',(0.0348209822701217,0.0132477827994764,0.017720090622787));
#16736=CARTESIAN_POINT('',(0.0348209822701217,0.0132477827994764,0.017720090622787));
#16737=CARTESIAN_POINT('',(0.0348783676148942,0.0132480263233406,0.0154478512635589));
#16738=CARTESIAN_POINT('',(0.0352699345988085,0.0132496880002964,0.0175882842480983));
#16739=CARTESIAN_POINT('',(0.0352703589609386,0.0131496889007165,0.0175882842480983));
#16740=CARTESIAN_POINT('',(0.0351618911997683,0.0132492295008984,0.0176761551645575));
#16741=CARTESIAN_POINT('',(0.0351623155618984,0.0131492304013185,0.0176761551645575));
#16742=CARTESIAN_POINT('',(0.0350122404235393,0.0132485944339584,0.017720090622787));
#16743=CARTESIAN_POINT('',(0.0350126647856694,0.0131485953343785,0.017720090622787));
#16744=CARTESIAN_POINT('',(0.0348209822701217,0.0132477827994764,0.017720090622787));
#16745=CARTESIAN_POINT('',(0.0348214066322518,0.0131477836998965,0.017720090622787));
#16746=CARTESIAN_POINT('',(0.0352699345988085,0.0132496880002964,0.0175882842480983));
#16747=CARTESIAN_POINT('',(0.0352699345988085,0.0132496880002964,0.0175882842480983));
#16748=CARTESIAN_POINT('',(0.0352699345988085,0.0132496880002964,0.0175882842480983));
#16749=CARTESIAN_POINT('',(0.0351078695002481,0.0132490002511993,0.017720090622787));
#16750=CARTESIAN_POINT('',(0.0348209822701217,0.0132477827994764,0.017720090622787));
#16751=CARTESIAN_POINT('',(0.0354319996973688,0.0132503757493935,0.0172161421879948));
#16752=CARTESIAN_POINT('',(0.0354324240594989,0.0131503766498136,0.0172161421879948));
#16753=CARTESIAN_POINT('',(0.0354319996973688,0.0132503757493935,0.0173763659782713));
#16754=CARTESIAN_POINT('',(0.0354324240594989,0.0131503766498136,0.0173763659782713));
#16755=CARTESIAN_POINT('',(0.0353779779978487,0.0132501464996944,0.0175004133316391));
#16756=CARTESIAN_POINT('',(0.0353784023599788,0.0131501474001146,0.0175004133316391));
#16757=CARTESIAN_POINT('',(0.0352699345988085,0.0132496880002964,0.0175882842480983));
#16758=CARTESIAN_POINT('',(0.0352703589609386,0.0131496889007165,0.0175882842480983));
#16759=CARTESIAN_POINT('',(0.0354319996973688,0.0132503757493935,0.0172161421879948));
#16760=CARTESIAN_POINT('',(0.0354319996973688,0.0132503757493935,0.0172161421879948));
#16761=CARTESIAN_POINT('',(0.0354319996973688,0.0132503757493935,0.0172161421879948));
#16762=CARTESIAN_POINT('',(0.0354319996973688,0.0132503757493935,0.0174564778734096));
#16763=CARTESIAN_POINT('',(0.0352699345988085,0.0132496880002964,0.0175882842480983));
#16764=CARTESIAN_POINT('',(0.0350460633366106,0.0132487379668851,0.0172089421743734));
#16765=CARTESIAN_POINT('',(0.0353426747687188,0.0132499966848103,0.0169624221908014));
#16766=CARTESIAN_POINT('',(0.0353426747687188,0.0132499966848103,0.0169624221908014));
#16767=CARTESIAN_POINT('',(0.0350460633366106,0.0132487379668851,0.0172089421743734));
#16768=CARTESIAN_POINT('',(0.0350700446118948,0.0132488397352521,0.0167651490737176));
#16769=CARTESIAN_POINT('',(0.0350704689740249,0.0131488406356722,0.0167651490737176));
#16770=CARTESIAN_POINT('',(0.0351922480973442,0.0132493583252355,0.0168245055868225));
#16771=CARTESIAN_POINT('',(0.0351926724594743,0.0131493592256557,0.0168245055868225));
#16772=CARTESIAN_POINT('',(0.0352831248162855,0.0132497439750883,0.0168902632925171));
#16773=CARTESIAN_POINT('',(0.0352835491784157,0.0131497448755084,0.0168902632925171));
#16774=CARTESIAN_POINT('',(0.0353426747687188,0.0132499966848103,0.0169624221908014));
#16775=CARTESIAN_POINT('',(0.035343099130849,0.0131499975852305,0.0169624221908014));
#16776=CARTESIAN_POINT('',(0.0350700446118948,0.0132488397352521,0.0167651490737176));
#16777=CARTESIAN_POINT('',(0.0350700446118948,0.0132488397352521,0.0167651490737176));
#16778=CARTESIAN_POINT('',(0.0350700446118948,0.0132488397352521,0.0167651490737176));
#16779=CARTESIAN_POINT('',(0.0352533498400689,0.0132496176202272,0.0168541838433749));
#16780=CARTESIAN_POINT('',(0.0353426747687188,0.0132499966848103,0.0169624221908014));
#16781=CARTESIAN_POINT('',(0.0347945048482743,0.0132476704383133,0.0165888253142002));
#16782=CARTESIAN_POINT('',(0.0347949292104044,0.0131476713387334,0.0165888253142002));
#16783=CARTESIAN_POINT('',(0.0348509512201247,0.0132479099774961,0.0166446902677106));
#16784=CARTESIAN_POINT('',(0.0348513755822548,0.0131479108779163,0.0166446902677106));
#16785=CARTESIAN_POINT('',(0.0349427978079982,0.0132482997431424,0.0167034648542164));
#16786=CARTESIAN_POINT('',(0.0349432221701283,0.0131483006435625,0.0167034648542164));
#16787=CARTESIAN_POINT('',(0.0350700446118948,0.0132488397352521,0.0167651490737176));
#16788=CARTESIAN_POINT('',(0.0350704689740249,0.0131488406356722,0.0167651490737176));
#16789=CARTESIAN_POINT('',(0.0347945048482743,0.0132476704383133,0.0165888253142002));
#16790=CARTESIAN_POINT('',(0.0347945048482743,0.0132476704383133,0.0165888253142002));
#16791=CARTESIAN_POINT('',(0.0347945048482743,0.0132476704383133,0.0165888253142002));
#16792=CARTESIAN_POINT('',(0.0348791744060499,0.0132480297470875,0.0166726227444659));
#16793=CARTESIAN_POINT('',(0.0350700446118948,0.0132488397352521,0.0167651490737176));
#16794=CARTESIAN_POINT('',(0.0349708584117297,0.0132484188227903,0.0163951668773933));
#16795=CARTESIAN_POINT('',(0.0347098352904986,0.0132473111295391,0.0163979533897061));
#16796=CARTESIAN_POINT('',(0.0347098352904986,0.0132473111295391,0.0163979533897061));
#16797=CARTESIAN_POINT('',(0.0349708584117297,0.0132484188227903,0.0163951668773933));
#16798=CARTESIAN_POINT('',(0.0351078695002481,0.0132490002511993,0.0160720744942284));
#16799=CARTESIAN_POINT('',(0.0351082938623783,0.0131490011516195,0.0160720744942284));
#16800=CARTESIAN_POINT('',(0.0348425133604151,0.0132478741700925,0.0160720744942284));
#16801=CARTESIAN_POINT('',(0.0348429377225452,0.0131478750705126,0.0160720744942284));
#16802=CARTESIAN_POINT('',(0.0347098352904986,0.0132473111295391,0.016180700792721));
#16803=CARTESIAN_POINT('',(0.0347102596526287,0.0131473120299592,0.016180700792721));
#16804=CARTESIAN_POINT('',(0.0347098352904986,0.0132473111295391,0.0163979533897061));
#16805=CARTESIAN_POINT('',(0.0347102596526287,0.0131473120299592,0.0163979533897061));
#16806=CARTESIAN_POINT('',(0.0351078695002481,0.0132490002511993,0.0160720744942284));
#16807=CARTESIAN_POINT('',(0.0351078695002481,0.0132490002511993,0.0160720744942284));
#16808=CARTESIAN_POINT('',(0.0351078695002481,0.0132490002511993,0.0160720744942284));
#16809=CARTESIAN_POINT('',(0.0347098352904986,0.0132473111295391,0.0160720744942284));
#16810=CARTESIAN_POINT('',(0.0347098352904986,0.0132473111295391,0.0163979533897061));
#16811=CARTESIAN_POINT('',(0.0351167569559493,0.0132490379665349,0.0165323950584358));
#16812=CARTESIAN_POINT('',(0.0353036860376469,0.0132498312299109,0.0161122274295641));
#16813=CARTESIAN_POINT('',(0.0353036581393557,0.01324983111152,0.0161123005153763));
#16814=CARTESIAN_POINT('',(0.0351167569559493,0.0132490379665353,0.0165323950584358));
#16815=CARTESIAN_POINT('',(0.0351350550643987,0.0132491156174774,0.016507963040422));
#16816=CARTESIAN_POINT('',(0.0354371496348769,0.0132503976039747,0.0162023008938363));
#16817=CARTESIAN_POINT('',(0.0354371496348769,0.0132503976039748,0.0162023008938363));
#16818=CARTESIAN_POINT('',(0.0351350550643987,0.0132491156174772,0.016507963040422));
#16819=CARTESIAN_POINT('',(0.0354526579056233,0.0132504634157954,0.0163278312345185));
#16820=CARTESIAN_POINT('',(0.0354680788216443,0.0132505288569124,0.0164526544900184));
#16821=CARTESIAN_POINT('',(0.0354680788216443,0.0132505288569124,0.0164526544900184));
#16822=CARTESIAN_POINT('',(0.0354526579056233,0.0132504634157954,0.0163278312345185));
#16823=CARTESIAN_POINT('',(0.0355091042774738,0.0132507029549782,0.0164526544900184));
#16824=CARTESIAN_POINT('',(0.0355501297333033,0.0132508770530441,0.0164526544900184));
#16825=CARTESIAN_POINT('',(0.0355501297333033,0.0132508770530441,0.0164526544900184));
#16826=CARTESIAN_POINT('',(0.0355091042774738,0.0132507029549782,0.0164526544900184));
#16827=CARTESIAN_POINT('',(0.0355873727002974,0.0132510350995152,0.0162469434372481));
#16828=CARTESIAN_POINT('',(0.0356245072398849,0.0132511926858574,0.016041831281874));
#16829=CARTESIAN_POINT('',(0.0356245072398849,0.0132511926858574,0.016041831281874));
#16830=CARTESIAN_POINT('',(0.0355873727002974,0.0132510350995152,0.0162469434372481));
#16831=CARTESIAN_POINT('',(0.0350991913370194,0.0132489634240293,0.0171938728953766));
#16832=CARTESIAN_POINT('',(0.0351154344779189,0.0132490323543888,0.0159283386242587));
#16833=CARTESIAN_POINT('',(0.0351154344779189,0.0132490323543888,0.0159283386242587));
#16834=CARTESIAN_POINT('',(0.0350991913370194,0.0132489634240294,0.0171938728953766));
#16835=CARTESIAN_POINT('',(0.0345858860409713,0.0132467851311273,0.0160604359622471));
#16836=CARTESIAN_POINT('',(0.0345863104031014,0.0131467860315475,0.0160604359622471));
#16837=CARTESIAN_POINT('',(0.0347022703128279,0.0132472790263496,0.0159723710702548));
#16838=CARTESIAN_POINT('',(0.034702694674958,0.0131472799267698,0.0159723710702548));
#16839=CARTESIAN_POINT('',(0.0348787864584771,0.0132480281007701,0.0159283386242587));
#16840=CARTESIAN_POINT('',(0.0348792108206072,0.0131480290011903,0.0159283386242587));
#16841=CARTESIAN_POINT('',(0.0351154344779189,0.0132490323543888,0.0159283386242587));
#16842=CARTESIAN_POINT('',(0.035115858840049,0.0131490332548089,0.0159283386242587));
#16843=CARTESIAN_POINT('',(0.0345858860409713,0.0132467851311273,0.0160604359622471));
#16844=CARTESIAN_POINT('',(0.0347604624487562,0.0132475259739608,0.0159283386242587));
#16845=CARTESIAN_POINT('',(0.0351154344779189,0.0132490323543888,0.0159283386242587));
#16846=CARTESIAN_POINT('',(0.0209267633441615,0.0131888204651708,0.015965));
#16847=CARTESIAN_POINT('',(0.0364467864619099,0.0132546821588991,0.01707652216847));
#16848=CARTESIAN_POINT('',(0.03644721082404,0.0131546830593195,0.01707652216847));
#16849=CARTESIAN_POINT('',(0.0361505674827744,0.0131534242059827,0.0174870342644176));
#16850=CARTESIAN_POINT('',(0.036283138243413,0.0131539867911521,0.0175555741195227));
#16851=CARTESIAN_POINT('',(0.0361501431206443,0.0132534233055625,0.0174870342644176));
#16852=CARTESIAN_POINT('',(0.0361501431206443,0.0132534233055626,0.0174870342644176));
#16853=CARTESIAN_POINT('',(0.0364467864619099,0.0132546821588993,0.01707652216847));
#16854=CARTESIAN_POINT('',(0.036282713386183,0.0132539856386289,0.0175555738388393));
#16855=CARTESIAN_POINT('',(0.0362827687246406,0.0132539861234685,0.017555405395251));
#16856=CARTESIAN_POINT('',(0.0362493082464818,0.0132538441285921,0.0169470011359261));
#16857=CARTESIAN_POINT('',(0.036249732608612,0.0131538450290122,0.0169470011359261));
#16858=CARTESIAN_POINT('',(0.0363489502003697,0.0131542660746892,0.0164066822886921));
#16859=CARTESIAN_POINT('',(0.0363485258382396,0.0132542651742691,0.0164066822886921));
#16860=CARTESIAN_POINT('',(0.0363485258382396,0.0132542651742691,0.0164066822886921));
#16861=CARTESIAN_POINT('',(0.0362493082464818,0.0132538441285921,0.0169470011359261));
#16862=CARTESIAN_POINT('',(0.0367971872062468,0.0132561691403511,0.0161541261446969));
#16863=CARTESIAN_POINT('',(0.0367976115683769,0.0131561700407712,0.0161541261446969));
#16864=CARTESIAN_POINT('',(0.0366602417130288,0.0132555879903062,0.0161541261446969));
#16865=CARTESIAN_POINT('',(0.0366606660751589,0.0131555888907263,0.0161541261446969));
#16866=CARTESIAN_POINT('',(0.0365106879236931,0.0132549533349455,0.0162383115260286));
#16867=CARTESIAN_POINT('',(0.0365111122858232,0.0131549542353656,0.0162383115260286));
#16868=CARTESIAN_POINT('',(0.0363485258382396,0.0132542651742691,0.0164066822886921));
#16869=CARTESIAN_POINT('',(0.0363489502003697,0.0131542660746892,0.0164066822886921));
#16870=CARTESIAN_POINT('',(0.0367976115683769,0.0131561700407712,0.0161541261446969));
#16871=CARTESIAN_POINT('',(0.03659219332855,0.0131552983157038,0.0161541261446969));
#16872=CARTESIAN_POINT('',(0.0363489502003697,0.0131542660746892,0.0164066822886921));
#16873=CARTESIAN_POINT('',(0.0367976115683769,0.0131561700407712,0.0161541261446969));
#16874=CARTESIAN_POINT('',(0.0367971872062468,0.013256169140351,0.0161541261446969));
#16875=CARTESIAN_POINT('',(0.0367971872062468,0.013256169140351,0.0161541261446969));
#16876=CARTESIAN_POINT('',(0.0367971872062468,0.013256169140351,0.0161541261446969));
#16877=CARTESIAN_POINT('',(0.0365917689664199,0.0132552974152837,0.0161541261446969));
#16878=CARTESIAN_POINT('',(0.0363485258382396,0.0132542651742691,0.0164066822886921));
#16879=CARTESIAN_POINT('',(0.0368036504686625,0.013256196568236,0.0164047544800088));
#16880=CARTESIAN_POINT('',(0.0368040748307926,0.0131561974686562,0.0164047544800088));
#16881=CARTESIAN_POINT('',(0.0370161230387876,0.013157097329051,0.0162705114645104));
#16882=CARTESIAN_POINT('',(0.0370156986766575,0.0132570964286309,0.0162705114645104));
#16883=CARTESIAN_POINT('',(0.0370156986766575,0.0132570964286309,0.0162705114645104));
#16884=CARTESIAN_POINT('',(0.0368036504686625,0.0132561965682361,0.0164047544800088));
#16885=CARTESIAN_POINT('',(0.0370957128635589,0.0132574359815962,0.0165812602684123));
#16886=CARTESIAN_POINT('',(0.0370961372256891,0.0131574368820164,0.0165812602684123));
#16887=CARTESIAN_POINT('',(0.0370957128635589,0.0132574359815962,0.0164516846123533));
#16888=CARTESIAN_POINT('',(0.0370961372256891,0.0131574368820164,0.0164516846123533));
#16889=CARTESIAN_POINT('',(0.0370690414679251,0.0132573227972745,0.0163481016777193));
#16890=CARTESIAN_POINT('',(0.0370694658300553,0.0131573236976946,0.0163481016777193));
#16891=CARTESIAN_POINT('',(0.0370156986766575,0.0132570964286309,0.0162705114645104));
#16892=CARTESIAN_POINT('',(0.0370161230387877,0.013157097329051,0.0162705114645104));
#16893=CARTESIAN_POINT('',(0.0370961372256891,0.0131574368820164,0.0165812602684123));
#16894=CARTESIAN_POINT('',(0.0370961372256891,0.0131574368820164,0.0163868967843238));
#16895=CARTESIAN_POINT('',(0.0370161230387876,0.013157097329051,0.0162705114645104));
#16896=CARTESIAN_POINT('',(0.0370961372256891,0.0131574368820164,0.0165812602684123));
#16897=CARTESIAN_POINT('',(0.0370957128635589,0.0132574359815962,0.0165812602684123));
#16898=CARTESIAN_POINT('',(0.0370957128635589,0.0132574359815962,0.0165812602684123));
#16899=CARTESIAN_POINT('',(0.0370957128635589,0.0132574359815962,0.0165812602684123));
#16900=CARTESIAN_POINT('',(0.0370957128635589,0.0132574359815962,0.0163868967843238));
#16901=CARTESIAN_POINT('',(0.0370156986766575,0.0132570964286309,0.0162705114645104));
#16902=CARTESIAN_POINT('',(0.0357237380712147,0.0132516137877187,0.0165859874825912));
#16903=CARTESIAN_POINT('',(0.0357241624333449,0.0131516146881388,0.0165859874825912));
#16904=CARTESIAN_POINT('',(0.0370088490217967,0.0131570664605997,0.0170671689786335));
#16905=CARTESIAN_POINT('',(0.0370084246596665,0.0132570655601795,0.0170671689786335));
#16906=CARTESIAN_POINT('',(0.0370084246596665,0.0132570655601795,0.0170671689786335));
#16907=CARTESIAN_POINT('',(0.0357237380712147,0.0132516137877186,0.0165859874825912));
#16908=CARTESIAN_POINT('',(0.0367692549810012,0.0132560506054977,0.0174372742956403));
#16909=CARTESIAN_POINT('',(0.0367696793431313,0.0131560515059178,0.0174372742956403));
#16910=CARTESIAN_POINT('',(0.0368705092975164,0.0132564802943411,0.0173457178440538));
#16911=CARTESIAN_POINT('',(0.0368709336596465,0.0131564811947612,0.0173457178440538));
#16912=CARTESIAN_POINT('',(0.0369502325237382,0.0132568186125684,0.0172223494050515));
#16913=CARTESIAN_POINT('',(0.0369506568858683,0.0131568195129885,0.0172223494050515));
#16914=CARTESIAN_POINT('',(0.0370084246596665,0.0132570655601795,0.0170671689786335));
#16915=CARTESIAN_POINT('',(0.0370088490217966,0.0131570664605996,0.0170671689786335));
#16916=CARTESIAN_POINT('',(0.0367696793431313,0.0131560515059178,0.0174372742956403));
#16917=CARTESIAN_POINT('',(0.0369215608179042,0.0131566960391829,0.0172999396182605));
#16918=CARTESIAN_POINT('',(0.0370088490217967,0.0131570664605997,0.0170671689786335));
#16919=CARTESIAN_POINT('',(0.0367696793431313,0.0131560515059178,0.0174372742956403));
#16920=CARTESIAN_POINT('',(0.0367692549810012,0.0132560506054977,0.0174372742956403));
#16921=CARTESIAN_POINT('',(0.0367692549810012,0.0132560506054977,0.0174372742956403));
#16922=CARTESIAN_POINT('',(0.0367692549810012,0.0132560506054977,0.0174372742956403));
#16923=CARTESIAN_POINT('',(0.0369211364557741,0.0132566951387628,0.0172999396182605));
#16924=CARTESIAN_POINT('',(0.0370084246596665,0.0132570655601795,0.0170671689786335));
#16925=CARTESIAN_POINT('',(0.0364283456864204,0.013254603902527,0.01708855201408));
#16926=CARTESIAN_POINT('',(0.0364287700485505,0.0131546048029472,0.01708855201408));
#16927=CARTESIAN_POINT('',(0.0364362389148893,0.0131546364982729,0.0175747515251462));
#16928=CARTESIAN_POINT('',(0.036435814042132,0.0132546355956858,0.0175746089730202));
#16929=CARTESIAN_POINT('',(0.0364358145527591,0.0132546355978527,0.0175747515251462));
#16930=CARTESIAN_POINT('',(0.0364283456864204,0.013254603902527,0.01708855201408));
#16931=CARTESIAN_POINT('',(0.0359944266911158,0.0132527624980552,0.0160697467878321));
#16932=CARTESIAN_POINT('',(0.0360971358110293,0.0132531983605889,0.0160924419251957));
#16933=CARTESIAN_POINT('',(0.0360971358110293,0.0132531983605889,0.0160924419251957));
#16934=CARTESIAN_POINT('',(0.0359944266911158,0.0132527624980552,0.0160697467878321));
#16935=CARTESIAN_POINT('',(0.0358917175712024,0.0132523266355215,0.0160470516504685));
#16936=CARTESIAN_POINT('',(0.0358917175712024,0.0132523266355215,0.0160470516504685));
#16937=CARTESIAN_POINT('',(0.035953692195966,0.0132525896347274,0.0168981193016044));
#16938=CARTESIAN_POINT('',(0.0358102485809028,0.0132519809088659,0.0177037966780131));
#16939=CARTESIAN_POINT('',(0.0358102485809028,0.0132519809088659,0.0177037966780131));
#16940=CARTESIAN_POINT('',(0.035953692195966,0.0132525896347274,0.0168981193016044));
#16941=CARTESIAN_POINT('',(0.0358591299750826,0.0132521883448593,0.0177037966780131));
#16942=CARTESIAN_POINT('',(0.0359080113692623,0.0132523957808527,0.0177037966780131));
#16943=CARTESIAN_POINT('',(0.0359080113692623,0.0132523957808527,0.0177037966780131));
#16944=CARTESIAN_POINT('',(0.0358591299750826,0.0132521883448593,0.0177037966780131));
#16945=CARTESIAN_POINT('',(0.0359490368250917,0.0132525698789185,0.0176726636049631));
#16946=CARTESIAN_POINT('',(0.035989920980564,0.0132527433773538,0.0176416377608091));
#16947=CARTESIAN_POINT('',(0.035989920980564,0.0132527433773538,0.0176416377608091));
#16948=CARTESIAN_POINT('',(0.0359490368250917,0.0132525698789185,0.0176726636049631));
#16949=CARTESIAN_POINT('',(0.0363961962458289,0.0132544674712482,0.0166014997656484));
#16950=CARTESIAN_POINT('',(0.0364043902887307,0.0132545022439758,0.0177183448429899));
#16951=CARTESIAN_POINT('',(0.0364043889884366,0.0132545022384578,0.0177182623601325));
#16952=CARTESIAN_POINT('',(0.0363961962458289,0.0132544674712477,0.0166014997656484));
#16953=CARTESIAN_POINT('',(0.0364064370753448,0.0132545109298413,0.016827901421099));
#16954=CARTESIAN_POINT('',(0.0369100799499477,0.0132566482187167,0.0175626794777393));
#16955=CARTESIAN_POINT('',(0.0369101545911477,0.0132566485354685,0.0175627880547848));
#16956=CARTESIAN_POINT('',(0.0364064370753448,0.0132545109298412,0.016827901421099));
#16957=CARTESIAN_POINT('',(0.0362870447587501,0.0132540042695014,0.0166548951302215));
#16958=CARTESIAN_POINT('',(0.0372819276985296,0.0132582262139519,0.0171297260880333));
#16959=CARTESIAN_POINT('',(0.0372816155414865,0.0132582248892637,0.0171295780092871));
#16960=CARTESIAN_POINT('',(0.0362870447587501,0.0132540042695013,0.0166548951302215));
#16961=CARTESIAN_POINT('',(0.0361117622916243,0.0132532604303925,0.0165431606902792));
#16962=CARTESIAN_POINT('',(0.0374210069033981,0.0132588164187426,0.0165341242138878));
#16963=CARTESIAN_POINT('',(0.0374210069033981,0.0132588164187426,0.0165341242138878));
#16964=CARTESIAN_POINT('',(0.0361117622916243,0.0132532604303924,0.0165431606902792));
#16965=CARTESIAN_POINT('',(0.0372874559514427,0.013258249673975,0.0160886594023018));
#16966=CARTESIAN_POINT('',(0.0372878803135728,0.0131582505743951,0.0160886594023018));
#16967=CARTESIAN_POINT('',(0.037376489919413,0.01325862750382,0.0161967037741953));
#16968=CARTESIAN_POINT('',(0.0373769142815431,0.0131586284042402,0.0161967037741953));
#16969=CARTESIAN_POINT('',(0.0374210069033981,0.0132588164187426,0.016345192044724));
#16970=CARTESIAN_POINT('',(0.0374214312655283,0.0131588173191627,0.016345192044724));
#16971=CARTESIAN_POINT('',(0.0374210069033981,0.0132588164187426,0.0165341242138878));
#16972=CARTESIAN_POINT('',(0.0374214312655283,0.0131588173191627,0.0165341242138878));
#16973=CARTESIAN_POINT('',(0.0372874559514427,0.013258249673975,0.0160886594023018));
#16974=CARTESIAN_POINT('',(0.0372874559514427,0.013258249673975,0.0160886594023018));
#16975=CARTESIAN_POINT('',(0.0372874559514427,0.013258249673975,0.0160886594023018));
#16976=CARTESIAN_POINT('',(0.0374210069033981,0.0132588164187426,0.016250725960142));
#16977=CARTESIAN_POINT('',(0.0374210069033981,0.0132588164187426,0.0165341242138878));
#16978=CARTESIAN_POINT('',(0.0369497294068236,0.0132568164775114,0.016360996774831));
#16979=CARTESIAN_POINT('',(0.0369339387256783,0.0132567494672372,0.0159265928444615));
#16980=CARTESIAN_POINT('',(0.0369339387256783,0.0132567494672372,0.0159265928444615));
#16981=CARTESIAN_POINT('',(0.0369497294068236,0.0132568164775115,0.016360996774831));
#16982=CARTESIAN_POINT('',(0.0363718026926109,0.0132543639533135,0.0162489801803448));
#16983=CARTESIAN_POINT('',(0.036372227054741,0.0131543648537337,0.0162489801803448));
#16984=CARTESIAN_POINT('',(0.0365766390110785,0.0132552332089048,0.016034055289756));
#16985=CARTESIAN_POINT('',(0.0365770633732086,0.0131552341093249,0.016034055289756));
#16986=CARTESIAN_POINT('',(0.0367640176887676,0.0132560283802127,0.0159265928444615));
#16987=CARTESIAN_POINT('',(0.0367644420508978,0.0131560292806328,0.0159265928444615));
#16988=CARTESIAN_POINT('',(0.0369339387256783,0.0132567494672372,0.0159265928444615));
#16989=CARTESIAN_POINT('',(0.0369343630878084,0.0131567503676574,0.0159265928444615));
#16990=CARTESIAN_POINT('',(0.0363718026926109,0.0132543639533135,0.0162489801803448));
#16991=CARTESIAN_POINT('',(0.0363718026926109,0.0132543639533135,0.0162489801803448));
#16992=CARTESIAN_POINT('',(0.0363718026926109,0.0132543639533135,0.0162489801803448));
#16993=CARTESIAN_POINT('',(0.0366790571703123,0.0132556678367004,0.0159265928444615));
#16994=CARTESIAN_POINT('',(0.0369339387256783,0.0132567494672372,0.0159265928444615));
#16995=CARTESIAN_POINT('',(0.0363982801144582,0.0132544763144766,0.0161069900901724));
#16996=CARTESIAN_POINT('',(0.0364247575363057,0.0132545886756397,0.015965));
#16997=CARTESIAN_POINT('',(0.0364247575363057,0.0132545886756397,0.015965));
#16998=CARTESIAN_POINT('',(0.0363982801144582,0.0132544763144766,0.0161069900901724));
#16999=CARTESIAN_POINT('',(0.036165511570745,0.013253488524032,0.015965));
#17000=CARTESIAN_POINT('',(0.0359062656051845,0.0132523883724243,0.015965));
#17001=CARTESIAN_POINT('',(0.0359062656051845,0.0132523883724243,0.015965));
#17002=CARTESIAN_POINT('',(0.036165511570745,0.013253488524032,0.015965));
#17003=CARTESIAN_POINT('',(0.0358989915881935,0.0132523575039729,0.0160060258252342));
#17004=CARTESIAN_POINT('',(0.0358989915881935,0.0132523575039729,0.0160060258252342));
#17005=CARTESIAN_POINT('',(0.0364220984394457,0.013254577391338,0.017045961314841));
#17006=CARTESIAN_POINT('',(0.0364225228015758,0.0131545782917581,0.017045961314841));
#17007=CARTESIAN_POINT('',(0.0364220984394457,0.013254577391338,0.017045961314841));
#17008=CARTESIAN_POINT('',(0.0209267633441615,0.0131888204651708,0.015965));
#17009=CARTESIAN_POINT('',(0.0222399281106836,0.0130943921888947,0.033));
#17010=CARTESIAN_POINT('',(0.0379019649068456,0.0132608574407487,0.0160697467878321));
#17011=CARTESIAN_POINT('',(0.0380448266005496,0.0132614636971341,0.0160924419251957));
#17012=CARTESIAN_POINT('',(0.0380448266005496,0.0132614636971341,0.0160924419251957));
#17013=CARTESIAN_POINT('',(0.0379019649068456,0.0132608574407487,0.0160697467878321));
#17014=CARTESIAN_POINT('',(0.0377591032131416,0.0132602511843633,0.0160470516504685));
#17015=CARTESIAN_POINT('',(0.0377591032131416,0.0132602511843633,0.0160470516504685));
#17016=CARTESIAN_POINT('',(0.0378292247369352,0.0132605487562348,0.0173208889758268));
#17017=CARTESIAN_POINT('',(0.0376136228733209,0.0132596338153355,0.018549336026458));
#17018=CARTESIAN_POINT('',(0.0376136228733209,0.0132596338153355,0.018549336026458));
#17019=CARTESIAN_POINT('',(0.0378292247369352,0.0132605487562348,0.0173208889758268));
#17020=CARTESIAN_POINT('',(0.0378856711087856,0.0132607882954176,0.018549336026458));
#17021=CARTESIAN_POINT('',(0.0381577193442504,0.0132619427754997,0.018549336026458));
#17022=CARTESIAN_POINT('',(0.0381577193442504,0.0132619427754997,0.018549336026458));
#17023=CARTESIAN_POINT('',(0.0378856711087856,0.0132607882954176,0.018549336026458));
#17024=CARTESIAN_POINT('',(0.0381649933612415,0.0132619736439511,0.0185083102012237));
#17025=CARTESIAN_POINT('',(0.0381722673782326,0.0132620045124025,0.0184672843759895));
#17026=CARTESIAN_POINT('',(0.0381722673782326,0.0132620045124025,0.0184672843759895));
#17027=CARTESIAN_POINT('',(0.0381649933612415,0.0132619736439511,0.0185083102012237));
#17028=CARTESIAN_POINT('',(0.038055010224337,0.013261506912966,0.0184454621285245));
#17029=CARTESIAN_POINT('',(0.0379377530704415,0.0132610093135296,0.0184236398810594));
#17030=CARTESIAN_POINT('',(0.0379377530704415,0.0132610093135296,0.0184236398810594));
#17031=CARTESIAN_POINT('',(0.038055010224337,0.013261506912966,0.0184454621285245));
#17032=CARTESIAN_POINT('',(0.0381530639733762,0.0132619230196908,0.0171943199405298));
#17033=CARTESIAN_POINT('',(0.038368374876311,0.0132628367258521,0.015965));
#17034=CARTESIAN_POINT('',(0.038368374876311,0.0132628367258521,0.015965));
#17035=CARTESIAN_POINT('',(0.0381530639733762,0.0132619230196908,0.0171943199405298));
#17036=CARTESIAN_POINT('',(0.0380710130617173,0.0132615748235591,0.015965));
#17037=CARTESIAN_POINT('',(0.0377736512471237,0.0132603129212661,0.015965));
#17038=CARTESIAN_POINT('',(0.0377736512471237,0.0132603129212661,0.015965));
#17039=CARTESIAN_POINT('',(0.0380710130617173,0.0132615748235591,0.015965));
#17040=CARTESIAN_POINT('',(0.0377663772301327,0.0132602820528147,0.0160060258252342));
#17041=CARTESIAN_POINT('',(0.0377663772301327,0.0132602820528147,0.0160060258252342));
#17042=CARTESIAN_POINT('',(0.0209267633441615,0.0131888204651708,0.015965));
#17043=CARTESIAN_POINT('',(0.0397801160939315,0.0132688276748986,0.015930666330655));
#17044=CARTESIAN_POINT('',(0.0397805404560617,0.0131688285753187,0.015930666330655));
#17045=CARTESIAN_POINT('',(0.0401133630590143,0.0132702418615518,0.015930666330655));
#17046=CARTESIAN_POINT('',(0.0401137874211444,0.0131702427619719,0.015930666330655));
#17047=CARTESIAN_POINT('',(0.0403739668410798,0.0132713477752704,0.0160179553205151));
#17048=CARTESIAN_POINT('',(0.04037439120321,0.0131713486756905,0.0160179553205151));
#17049=CARTESIAN_POINT('',(0.0405619274401283,0.0132721454160544,0.0161925333002353));
#17050=CARTESIAN_POINT('',(0.0405623518022584,0.0131721463164745,0.0161925333002353));
#17051=CARTESIAN_POINT('',(0.0397801160939315,0.0132688276748986,0.015930666330655));
#17052=CARTESIAN_POINT('',(0.0397801160939315,0.0132688276748986,0.015930666330655));
#17053=CARTESIAN_POINT('',(0.0397801160939315,0.0132688276748986,0.015930666330655));
#17054=CARTESIAN_POINT('',(0.0402799865415557,0.0132709489548784,0.015930666330655));
#17055=CARTESIAN_POINT('',(0.0405619274401283,0.0132721454160544,0.0161925333002353));
#17056=CARTESIAN_POINT('',(0.0405619274401283,0.0132721454160544,0.0161925333002353));
#17057=CARTESIAN_POINT('',(0.0405619274401283,0.0132721454160544,0.0161925333002353));
#17058=CARTESIAN_POINT('',(0.0398043905178115,0.0132689306872889,0.0185060431934276));
#17059=CARTESIAN_POINT('',(0.0393332004900021,0.013266931117245,0.0159734379356865));
#17060=CARTESIAN_POINT('',(0.039333226030542,0.0132669312256303,0.0159735757710539));
#17061=CARTESIAN_POINT('',(0.0398043905178115,0.0132689306872884,0.0185060431934276));
#17062=CARTESIAN_POINT('',(0.0397884120124922,0.0132688628799515,0.0186112196899095));
#17063=CARTESIAN_POINT('',(0.0388834118593071,0.013265022367444,0.0160922534693091));
#17064=CARTESIAN_POINT('',(0.0388834118593071,0.013265022367444,0.0160922534693091));
#17065=CARTESIAN_POINT('',(0.0397884120124922,0.0132688628799523,0.0186112196899095));
#17066=CARTESIAN_POINT('',(0.0388278017894648,0.0132647863772421,0.0163787498119368));
#17067=CARTESIAN_POINT('',(0.0387722282996533,0.0132645505422735,0.016665057698678));
#17068=CARTESIAN_POINT('',(0.0387722282996533,0.0132645505422735,0.016665057698678));
#17069=CARTESIAN_POINT('',(0.0388278017894648,0.0132647863772421,0.0163787498119368));
#17070=CARTESIAN_POINT('',(0.0388312933176206,0.0132648011940988,0.016665057698678));
#17071=CARTESIAN_POINT('',(0.0388903583355878,0.0132650518459241,0.016665057698678));
#17072=CARTESIAN_POINT('',(0.0388903583355878,0.0132650518459241,0.016665057698678));
#17073=CARTESIAN_POINT('',(0.0388312933176206,0.0132648011940988,0.016665057698678));
#17074=CARTESIAN_POINT('',(0.0389558244885072,0.0132653296619866,0.0164823327465709));
#17075=CARTESIAN_POINT('',(0.0390212906414265,0.0132656074780492,0.0162996077944637));
#17076=CARTESIAN_POINT('',(0.039021057850527,0.0132656064901639,0.0162992885205899));
#17077=CARTESIAN_POINT('',(0.0389558244885072,0.0132653296619866,0.0164823327465709));
#17078=CARTESIAN_POINT('',(0.0396196891011478,0.0132681468773648,0.0171203142510656));
#17079=CARTESIAN_POINT('',(0.0393433841137897,0.0132669743330769,0.0161413237595174));
#17080=CARTESIAN_POINT('',(0.0393434807844983,0.0132669747433145,0.016141683902873));
#17081=CARTESIAN_POINT('',(0.0396196891011478,0.0132681468773647,0.0171203142510656));
#17082=CARTESIAN_POINT('',(0.0397476598603721,0.0132686899416938,0.017435095004448));
#17083=CARTESIAN_POINT('',(0.0397486923405303,0.0132686943231886,0.0160796395400163));
#17084=CARTESIAN_POINT('',(0.0397486923405303,0.0132686943231886,0.0160796395400163));
#17085=CARTESIAN_POINT('',(0.0397476598603721,0.0132686899416943,0.017435095004448));
#17086=CARTESIAN_POINT('',(0.0402901701653431,0.0132709921707103,0.0162841867395885));
#17087=CARTESIAN_POINT('',(0.0402905945274732,0.0131709930711305,0.0162841867395885));
#17088=CARTESIAN_POINT('',(0.0401635052828058,0.0132704546480767,0.0161478219398737));
#17089=CARTESIAN_POINT('',(0.0401639296449359,0.0131704555484969,0.0161478219398737));
#17090=CARTESIAN_POINT('',(0.0399830126745349,0.0132696886989028,0.0160796395400163));
#17091=CARTESIAN_POINT('',(0.039983437036665,0.0131696895993229,0.0160796395400163));
#17092=CARTESIAN_POINT('',(0.0397486923405303,0.0132686943231886,0.0160796395400163));
#17093=CARTESIAN_POINT('',(0.0397491167026604,0.0131686952236087,0.0160796395400163));
#17094=CARTESIAN_POINT('',(0.0402901701653431,0.0132709921707103,0.0162841867395885));
#17095=CARTESIAN_POINT('',(0.0402901701653431,0.0132709921707103,0.0162841867395885));
#17096=CARTESIAN_POINT('',(0.0402901701653431,0.0132709921707103,0.0162841867395885));
#17097=CARTESIAN_POINT('',(0.0401001728415372,0.0132701858867599,0.0160796395400163));
#17098=CARTESIAN_POINT('',(0.0397486923405303,0.0132686943231886,0.0160796395400163));
#17099=CARTESIAN_POINT('',(0.040480167489149,0.0132717984546607,0.0168797886137339));
#17100=CARTESIAN_POINT('',(0.0404805918512791,0.0131717993550809,0.0168797886137339));
#17101=CARTESIAN_POINT('',(0.040480167489149,0.0132717984546607,0.0166190854973517));
#17102=CARTESIAN_POINT('',(0.0404805918512791,0.0131717993550809,0.0166190854973517));
#17103=CARTESIAN_POINT('',(0.0404168350478804,0.0132715296933439,0.0164205515393032));
#17104=CARTESIAN_POINT('',(0.0404172594100105,0.0131715305937641,0.0164205515393032));
#17105=CARTESIAN_POINT('',(0.0402901701653431,0.0132709921707103,0.0162841867395885));
#17106=CARTESIAN_POINT('',(0.0402905945274732,0.0131709930711305,0.0162841867395885));
#17107=CARTESIAN_POINT('',(0.040480167489149,0.0132717984546607,0.0168797886137339));
#17108=CARTESIAN_POINT('',(0.040480167489149,0.0132717984546607,0.0168797886137339));
#17109=CARTESIAN_POINT('',(0.040480167489149,0.0132717984546607,0.0168797886137339));
#17110=CARTESIAN_POINT('',(0.040480167489149,0.0132717984546607,0.0164887339391606));
#17111=CARTESIAN_POINT('',(0.0402901701653431,0.0132709921707103,0.0162841867395885));
#17112=CARTESIAN_POINT('',(0.0403355600313672,0.013271184789847,0.0176124342019596));
#17113=CARTESIAN_POINT('',(0.0403359843934973,0.0131711856902672,0.0176124342019596));
#17114=CARTESIAN_POINT('',(0.0404319650032217,0.0132715938997228,0.0173978972624368));
#17115=CARTESIAN_POINT('',(0.0404323893653519,0.013171594800143,0.0173978972624368));
#17116=CARTESIAN_POINT('',(0.040480167489149,0.0132717984546607,0.0171536820663615));
#17117=CARTESIAN_POINT('',(0.0404805918512791,0.0131717993550809,0.0171536820663615));
#17118=CARTESIAN_POINT('',(0.040480167489149,0.0132717984546607,0.0168797886137339));
#17119=CARTESIAN_POINT('',(0.0404805918512791,0.0131717993550809,0.0168797886137339));
#17120=CARTESIAN_POINT('',(0.0403355600313672,0.013271184789847,0.0176124342019596));
#17121=CARTESIAN_POINT('',(0.0403355600313672,0.013271184789847,0.0176124342019596));
#17122=CARTESIAN_POINT('',(0.0403355600313672,0.013271184789847,0.0176124342019596));
#17123=CARTESIAN_POINT('',(0.040480167489149,0.0132717984546607,0.0172906287926753));
#17124=CARTESIAN_POINT('',(0.040480167489149,0.0132717984546607,0.0168797886137339));
#17125=CARTESIAN_POINT('',(0.0399299608439469,0.0132694635649973,0.0181099814441621));
#17126=CARTESIAN_POINT('',(0.039930385206077,0.0131694644654174,0.0181099814441621));
#17127=CARTESIAN_POINT('',(0.0401039553303725,0.0132702019383546,0.0179928202222166));
#17128=CARTESIAN_POINT('',(0.0401043796925027,0.0131702028387748,0.0179928202222166));
#17129=CARTESIAN_POINT('',(0.0402391550595126,0.0132707756799712,0.0178269711414824));
#17130=CARTESIAN_POINT('',(0.0402395794216428,0.0131707765803913,0.0178269711414824));
#17131=CARTESIAN_POINT('',(0.0403355600313672,0.013271184789847,0.0176124342019596));
#17132=CARTESIAN_POINT('',(0.0403359843934973,0.0131711856902672,0.0176124342019596));
#17133=CARTESIAN_POINT('',(0.0399299608439469,0.0132694635649973,0.0181099814441621));
#17134=CARTESIAN_POINT('',(0.0399299608439469,0.0132694635649973,0.0181099814441621));
#17135=CARTESIAN_POINT('',(0.0399299608439469,0.0132694635649973,0.0181099814441621));
#17136=CARTESIAN_POINT('',(0.0401909525735854,0.0132705711250333,0.0179342396112438));
#17137=CARTESIAN_POINT('',(0.0403355600313672,0.013271184789847,0.0176124342019596));
#17138=CARTESIAN_POINT('',(0.0393551162733531,0.0132670241203675,0.0172537987592969));
#17139=CARTESIAN_POINT('',(0.0393396016249543,0.0132669582814822,0.0182857232770805));
#17140=CARTESIAN_POINT('',(0.0393396072537417,0.0132669583053689,0.0182854435564477));
#17141=CARTESIAN_POINT('',(0.0393551162733531,0.0132670241203675,0.0172537987592969));
#17142=CARTESIAN_POINT('',(0.03933377006003,0.0132669335343065,0.0169950966853611));
#17143=CARTESIAN_POINT('',(0.0390049968433666,0.0132655383327181,0.018242951672049));
#17144=CARTESIAN_POINT('',(0.0390050357667904,0.0132655384978958,0.0182427896041942));
#17145=CARTESIAN_POINT('',(0.03933377006003,0.0132669335343062,0.0169950966853611));
#17146=CARTESIAN_POINT('',(0.0392114524915873,0.013266414460194,0.01740716863123));
#17147=CARTESIAN_POINT('',(0.0387326576472221,0.0132643826178979,0.0181221338595944));
#17148=CARTESIAN_POINT('',(0.0387326576472221,0.0132643826178979,0.0181221338595944));
#17149=CARTESIAN_POINT('',(0.0392114524915873,0.0132664144601934,0.01740716863123));
#17150=CARTESIAN_POINT('',(0.0387326576472221,0.0132643826178979,0.0179636269044968));
#17151=CARTESIAN_POINT('',(0.0387326576472221,0.0132643826178979,0.0178056338328499));
#17152=CARTESIAN_POINT('',(0.0387326576472221,0.0132643826178979,0.0178056338328499));
#17153=CARTESIAN_POINT('',(0.0387326576472221,0.0132643826178979,0.0179636269044968));
#17154=CARTESIAN_POINT('',(0.0386733016685753,0.0132641307313345,0.0178056338328499));
#17155=CARTESIAN_POINT('',(0.0386139456899283,0.0132638788447711,0.0178056338328499));
#17156=CARTESIAN_POINT('',(0.0386139456899283,0.0132638788447711,0.0178056338328499));
#17157=CARTESIAN_POINT('',(0.0386733016685753,0.0132641307313345,0.0178056338328499));
#17158=CARTESIAN_POINT('',(0.0385732111947786,0.0132637059814433,0.0180718652519232));
#17159=CARTESIAN_POINT('',(0.0385325330828958,0.0132635333573869,0.0183377281627542));
#17160=CARTESIAN_POINT('',(0.0385325330828958,0.0132635333573869,0.0183377281627542));
#17161=CARTESIAN_POINT('',(0.0385732111947786,0.0132637059814433,0.0180718652519232));
#17162=CARTESIAN_POINT('',(0.039351660281866,0.0132670094543156,0.0148122295825064));
#17163=CARTESIAN_POINT('',(0.0393291270404872,0.0132669138309122,0.0184312049268473));
#17164=CARTESIAN_POINT('',(0.0393291270404872,0.0132669138309122,0.0184312049268473));
#17165=CARTESIAN_POINT('',(0.039351660281866,0.0132670094543163,0.0148122295825064));
#17166=CARTESIAN_POINT('',(0.0401208310497917,0.0132702735531619,0.0182446974518462));
#17167=CARTESIAN_POINT('',(0.0401212554119219,0.013170274453582,0.0182446974518462));
#17168=CARTESIAN_POINT('',(0.0398898082701564,0.0132692931711456,0.0183690357685137));
#17169=CARTESIAN_POINT('',(0.0398902326322865,0.0131692940715658,0.0183690357685137));
#17170=CARTESIAN_POINT('',(0.0396259069337215,0.013268173263729,0.0184312049268473));
#17171=CARTESIAN_POINT('',(0.0396263312958516,0.0131681741641492,0.0184312049268473));
#17172=CARTESIAN_POINT('',(0.0393291270404872,0.0132669138309122,0.0184312049268473));
#17173=CARTESIAN_POINT('',(0.0393295514026173,0.0131669147313323,0.0184312049268473));
#17174=CARTESIAN_POINT('',(0.0401208310497917,0.0132702735531619,0.0182446974518462));
#17175=CARTESIAN_POINT('',(0.0401208310497917,0.0132702735531619,0.0182446974518462));
#17176=CARTESIAN_POINT('',(0.0401208310497917,0.0132702735531619,0.0182446974518462));
#17177=CARTESIAN_POINT('',(0.0397742968803387,0.0132688029801375,0.0184312049268473));
#17178=CARTESIAN_POINT('',(0.0393291270404872,0.0132669138309122,0.0184312049268473));
#17179=CARTESIAN_POINT('',(0.0395148355035239,0.0132677019143977,0.0171009254703024));
#17180=CARTESIAN_POINT('',(0.0406556167789729,0.0132725430017083,0.0177125255769992));
#17181=CARTESIAN_POINT('',(0.0406556167789729,0.0132725430017083,0.0177125255769992));
#17182=CARTESIAN_POINT('',(0.0395148355035239,0.0132677019143978,0.0171009254703024));
#17183=CARTESIAN_POINT('',(0.0408438683387009,0.0132733418772304,0.016915868062876));
#17184=CARTESIAN_POINT('',(0.040844292700831,0.0131733427776506,0.016915868062876));
#17185=CARTESIAN_POINT('',(0.0408438683387009,0.0132733418772304,0.0172165301390608));
#17186=CARTESIAN_POINT('',(0.040844292700831,0.0131733427776506,0.0172165301390608));
#17187=CARTESIAN_POINT('',(0.0407811178187915,0.0132730755853897,0.0174820826437685));
#17188=CARTESIAN_POINT('',(0.0407815421809217,0.0131730764858099,0.0174820826437685));
#17189=CARTESIAN_POINT('',(0.0406556167789729,0.0132725430017083,0.0177125255769992));
#17190=CARTESIAN_POINT('',(0.040656041141103,0.0131725439021285,0.0177125255769992));
#17191=CARTESIAN_POINT('',(0.0408438683387009,0.0132733418772304,0.016915868062876));
#17192=CARTESIAN_POINT('',(0.0408438683387009,0.0132733418772304,0.016915868062876));
#17193=CARTESIAN_POINT('',(0.0408438683387009,0.0132733418772304,0.016915868062876));
#17194=CARTESIAN_POINT('',(0.0408438683387009,0.0132733418772304,0.0173668611771532));
#17195=CARTESIAN_POINT('',(0.0406556167789729,0.0132725430017083,0.0177125255769992));
#17196=CARTESIAN_POINT('',(0.0405619274401283,0.0132721454160544,0.0161925333002353));
#17197=CARTESIAN_POINT('',(0.0405623518022584,0.0131721463164745,0.0161925333002353));
#17198=CARTESIAN_POINT('',(0.0407498880391767,0.0132729430568384,0.0163671112799556));
#17199=CARTESIAN_POINT('',(0.0407503124013068,0.0131729439572586,0.0163671112799556));
#17200=CARTESIAN_POINT('',(0.0408438683387009,0.0132733418772304,0.0166082228675024));
#17201=CARTESIAN_POINT('',(0.040844292700831,0.0131733427776506,0.0166082228675024));
#17202=CARTESIAN_POINT('',(0.0408438683387009,0.0132733418772304,0.016915868062876));
#17203=CARTESIAN_POINT('',(0.040844292700831,0.0131733427776506,0.016915868062876));
#17204=CARTESIAN_POINT('',(0.0405619274401283,0.0132721454160544,0.0161925333002353));
#17205=CARTESIAN_POINT('',(0.0408438683387009,0.0132733418772304,0.0164544002698156));
#17206=CARTESIAN_POINT('',(0.0408438683387009,0.0132733418772304,0.016915868062876));
#17207=CARTESIAN_POINT('',(0.0209267633441615,0.0131888204651708,0.015965));
#17208=CARTESIAN_POINT('',(0.0086120433790109,0.0131365609866542,0.0276058704702235));
#17209=CARTESIAN_POINT('',(0.0086120433790109,0.0131365609866542,0.0289866639521077));
#17210=CARTESIAN_POINT('',(0.0086120433790109,0.0131365609866542,0.0289866639521077));
#17211=CARTESIAN_POINT('',(0.0086120433790109,0.0131365609866542,0.0276058704702235));
#17212=CARTESIAN_POINT('',(0.0086120433790109,0.0131365609866542,0.0262250769883395));
#17213=CARTESIAN_POINT('',(0.0086120433790109,0.0131365609866542,0.0262250769883395));
#17214=CARTESIAN_POINT('',(0.00770386602545711,0.0131327069911893,0.0276058704702235));
#17215=CARTESIAN_POINT('',(0.00679568867190332,0.0131288529957244,0.0262250769883395));
#17216=CARTESIAN_POINT('',(0.00679568867190332,0.0131288529957244,0.0262250769883395));
#17217=CARTESIAN_POINT('',(0.00770386602545711,0.0131327069911893,0.0276058704702235));
#17218=CARTESIAN_POINT('',(0.0066055174637991,0.0131280459738683,0.0262250769883395));
#17219=CARTESIAN_POINT('',(0.00641534625569489,0.0131272389520121,0.0262250769883395));
#17220=CARTESIAN_POINT('',(0.00641534625569489,0.0131272389520121,0.0262250769883395));
#17221=CARTESIAN_POINT('',(0.0066055174637991,0.0131280459738683,0.0262250769883395));
#17222=CARTESIAN_POINT('',(0.00552097671263052,0.0131234435521935,0.0275851585679953));
#17223=CARTESIAN_POINT('',(0.00462660716956614,0.013119648152375,0.0289452401476511));
#17224=CARTESIAN_POINT('',(0.00462660716956614,0.013119648152375,0.0289452401476511));
#17225=CARTESIAN_POINT('',(0.00552097671263052,0.0131234435521935,0.0275851585679953));
#17226=CARTESIAN_POINT('',(0.00462660716956614,0.013119648152375,0.0275851585679953));
#17227=CARTESIAN_POINT('',(0.00462660716956614,0.013119648152375,0.0262250769883395));
#17228=CARTESIAN_POINT('',(0.00462660716956614,0.013119648152375,0.0262250769883395));
#17229=CARTESIAN_POINT('',(0.00462660716956614,0.013119648152375,0.0275851585679953));
#17230=CARTESIAN_POINT('',(0.00443831884471048,0.0131188491208342,0.0262250769883395));
#17231=CARTESIAN_POINT('',(0.00425003051985483,0.0131180500892934,0.0262250769883395));
#17232=CARTESIAN_POINT('',(0.00425003051985483,0.0131180500892934,0.0262250769883395));
#17233=CARTESIAN_POINT('',(0.00443831884471048,0.0131188491208342,0.0262250769883395));
#17234=CARTESIAN_POINT('',(0.00425003051985483,0.0131180500892934,0.0277313971503948));
#17235=CARTESIAN_POINT('',(0.00425003051985483,0.0131180500892934,0.0292377173124502));
#17236=CARTESIAN_POINT('',(0.00425003051985483,0.0131180500892934,0.0292377173124502));
#17237=CARTESIAN_POINT('',(0.00425003051985483,0.0131180500892934,0.0277313971503948));
#17238=CARTESIAN_POINT('',(0.00455003658412484,0.0131193232128817,0.0292377173124502));
#17239=CARTESIAN_POINT('',(0.00485004264839485,0.01312059633647,0.0292377173124502));
#17240=CARTESIAN_POINT('',(0.00485004264839485,0.01312059633647,0.0292377173124502));
#17241=CARTESIAN_POINT('',(0.00455003658412484,0.0131193232128817,0.0292377173124502));
#17242=CARTESIAN_POINT('',(0.00572778005609698,0.0131243211551691,0.0279196871706517));
#17243=CARTESIAN_POINT('',(0.0066055174637991,0.0131280459738683,0.0266016570288533));
#17244=CARTESIAN_POINT('',(0.0066055174637991,0.0131280459738683,0.0266016570288533));
#17245=CARTESIAN_POINT('',(0.00572778005609698,0.0131243211551691,0.0279196871706517));
#17246=CARTESIAN_POINT('',(0.00748325487150123,0.0131317707925674,0.0279196871706517));
#17247=CARTESIAN_POINT('',(0.00836099227920336,0.0131354956112666,0.0292377173124502));
#17248=CARTESIAN_POINT('',(0.00836099227920336,0.0131354956112666,0.0292377173124502));
#17249=CARTESIAN_POINT('',(0.00748325487150123,0.0131317707925674,0.0279196871706517));
#17250=CARTESIAN_POINT('',(0.00867480615396279,0.0131368273305012,0.0292377173124502));
#17251=CARTESIAN_POINT('',(0.00898862002872222,0.0131381590497358,0.0292377173124502));
#17252=CARTESIAN_POINT('',(0.00898862002872222,0.0131381590497358,0.0292377173124502));
#17253=CARTESIAN_POINT('',(0.00867480615396279,0.0131368273305012,0.0292377173124502));
#17254=CARTESIAN_POINT('',(0.00898862002872222,0.0131381590497358,0.0277313971503948));
#17255=CARTESIAN_POINT('',(0.00898862002872222,0.0131381590497358,0.0262250769883395));
#17256=CARTESIAN_POINT('',(0.00898862002872222,0.0131381590497358,0.0262250769883395));
#17257=CARTESIAN_POINT('',(0.00898862002872222,0.0131381590497358,0.0277313971503948));
#17258=CARTESIAN_POINT('',(0.00880033170386656,0.013137360018195,0.0262250769883395));
#17259=CARTESIAN_POINT('',(0.00880033170386656,0.013137360018195,0.0262250769883395));
#17260=CARTESIAN_POINT('',(0.0209267633441615,0.0131888204651708,0.015965));
#17261=CARTESIAN_POINT('',(0.0109970288271826,0.0131466820528371,0.0281079771909086));
#17262=CARTESIAN_POINT('',(0.0109974531893127,0.0130466829532573,0.0281079771909086));
#17263=CARTESIAN_POINT('',(0.0104953509896976,0.0130445522024819,0.0272292904297097));
#17264=CARTESIAN_POINT('',(0.0114995553889278,0.0130488137040326,0.0289866639521077));
#17265=CARTESIAN_POINT('',(0.0104949266275675,0.0131445513020618,0.0272292904297097));
#17266=CARTESIAN_POINT('',(0.0104949266275675,0.0131445513020618,0.0272292904297097));
#17267=CARTESIAN_POINT('',(0.0109970288271826,0.0131466820528371,0.0281079771909086));
#17268=CARTESIAN_POINT('',(0.0114991310267976,0.0131488128036125,0.0289866639521077));
#17269=CARTESIAN_POINT('',(0.0114991310267976,0.0131488128036125,0.0289866639521077));
#17270=CARTESIAN_POINT('',(0.0114991310267977,0.0131488128036125,0.0272292904297097));
#17271=CARTESIAN_POINT('',(0.0114995553889278,0.0130488137040326,0.0272292904297097));
#17272=CARTESIAN_POINT('',(0.0125037597881579,0.0130530752055833,0.0272292904297097));
#17273=CARTESIAN_POINT('',(0.0125033354260278,0.0131530743051632,0.0272292904297097));
#17274=CARTESIAN_POINT('',(0.0125033354260278,0.0131530743051632,0.0272292904297097));
#17275=CARTESIAN_POINT('',(0.0114991310267977,0.0131488128036125,0.0272292904297097));
#17276=CARTESIAN_POINT('',(0.0114991310267976,0.0131488128036125,0.0269154737292815));
#17277=CARTESIAN_POINT('',(0.0103066383027118,0.013143752270521,0.0269154737292815));
#17278=CARTESIAN_POINT('',(0.0103066383027118,0.013143752270521,0.0269154737292815));
#17279=CARTESIAN_POINT('',(0.0114991310267976,0.0131488128036125,0.0269154737292815));
#17280=CARTESIAN_POINT('',(0.0126916237508835,0.0131538733367039,0.0269154737292815));
#17281=CARTESIAN_POINT('',(0.0126916237508835,0.0131538733367039,0.0269154737292815));
#17282=CARTESIAN_POINT('',(0.0101183499778562,0.0131429532389803,0.0265702753588105));
#17283=CARTESIAN_POINT('',(0.0099300616530005,0.0131421542074395,0.0262250769883395));
#17284=CARTESIAN_POINT('',(0.0099300616530005,0.0131421542074395,0.0262250769883395));
#17285=CARTESIAN_POINT('',(0.0101183499778562,0.0131429532389803,0.0265702753588105));
#17286=CARTESIAN_POINT('',(0.0097103919406689,0.0131412220039753,0.0262250769883395));
#17287=CARTESIAN_POINT('',(0.0094907222283373,0.0131402898005111,0.0262250769883395));
#17288=CARTESIAN_POINT('',(0.0094907222283373,0.0131402898005111,0.0262250769883395));
#17289=CARTESIAN_POINT('',(0.0097103919406689,0.0131412220039753,0.0262250769883395));
#17290=CARTESIAN_POINT('',(0.0103694010776637,0.0131440186143679,0.0277313971503948));
#17291=CARTESIAN_POINT('',(0.0112480799269901,0.0131477474282248,0.0292377173124502));
#17292=CARTESIAN_POINT('',(0.0112480799269901,0.0131477474282248,0.0292377173124502));
#17293=CARTESIAN_POINT('',(0.0103694010776637,0.0131440186143679,0.0277313971503948));
#17294=CARTESIAN_POINT('',(0.0114991310267976,0.0131488128036125,0.0292377173124502));
#17295=CARTESIAN_POINT('',(0.0117501821266052,0.0131498781790001,0.0292377173124502));
#17296=CARTESIAN_POINT('',(0.0117501821266052,0.0131498781790001,0.0292377173124502));
#17297=CARTESIAN_POINT('',(0.0114991310267976,0.0131488128036125,0.0292377173124502));
#17298=CARTESIAN_POINT('',(0.0126288609759316,0.013153606992857,0.0277313971503948));
#17299=CARTESIAN_POINT('',(0.013507539825258,0.0131573358067138,0.0262250769883395));
#17300=CARTESIAN_POINT('',(0.013507539825258,0.0131573358067138,0.0262250769883395));
#17301=CARTESIAN_POINT('',(0.0126288609759316,0.013153606992857,0.0277313971503948));
#17302=CARTESIAN_POINT('',(0.0132878701129264,0.0131564036032496,0.0262250769883395));
#17303=CARTESIAN_POINT('',(0.0130682004005948,0.0131554713997854,0.0262250769883395));
#17304=CARTESIAN_POINT('',(0.0130682004005948,0.0131554713997854,0.0262250769883395));
#17305=CARTESIAN_POINT('',(0.0132878701129264,0.0131564036032496,0.0262250769883395));
#17306=CARTESIAN_POINT('',(0.0128799120757391,0.0131546723682447,0.0265702753588105));
#17307=CARTESIAN_POINT('',(0.0128799120757391,0.0131546723682447,0.0265702753588105));
#17308=CARTESIAN_POINT('',(0.0120012332264127,0.0131509435543878,0.0281079771909086));
#17309=CARTESIAN_POINT('',(0.0120016575885429,0.013050944454808,0.0281079771909086));
#17310=CARTESIAN_POINT('',(0.0120012332264127,0.0131509435543878,0.0281079771909086));
#17311=CARTESIAN_POINT('',(0.0209267633441615,0.0131888204651708,0.015965));
#17312=CARTESIAN_POINT('',(0.0222399281106836,0.0130943921888947,0.033));
#17313=CARTESIAN_POINT('',(0.0142606931246806,0.0131605319328769,0.0282962672111656));
#17314=CARTESIAN_POINT('',(0.0142611174868108,0.013060532833297,0.0282962672111656));
#17315=CARTESIAN_POINT('',(0.0142606931246806,0.0131605319328769,0.0284531755613797));
#17316=CARTESIAN_POINT('',(0.0142611174868108,0.013060532833297,0.0284531755613797));
#17317=CARTESIAN_POINT('',(0.0142777436785426,0.0131606042896219,0.0285774469747493));
#17318=CARTESIAN_POINT('',(0.0142781680406727,0.0130606051900421,0.0285774469747493));
#17319=CARTESIAN_POINT('',(0.0143118447862664,0.0131607490031121,0.0286690814512743));
#17320=CARTESIAN_POINT('',(0.0143122691483965,0.0130607499035322,0.0286690814512743));
#17321=CARTESIAN_POINT('',(0.0142606931246806,0.0131605319328769,0.0282962672111656));
#17322=CARTESIAN_POINT('',(0.0142606931246806,0.0131605319328769,0.0282962672111656));
#17323=CARTESIAN_POINT('',(0.0142606931246806,0.0131605319328769,0.0282962672111656));
#17324=CARTESIAN_POINT('',(0.0142606931246806,0.0131605319328769,0.0285316297364868));
#17325=CARTESIAN_POINT('',(0.0143118447862664,0.0131607490031121,0.0286690814512743));
#17326=CARTESIAN_POINT('',(0.0143118447862664,0.0131607490031121,0.0286690814512743));
#17327=CARTESIAN_POINT('',(0.0143118447862664,0.0131607490031121,0.0286690814512743));
#17328=CARTESIAN_POINT('',(0.014072404799825,0.0131597329013361,0.0282962672111656));
#17329=CARTESIAN_POINT('',(0.0138843155446598,0.0131589347145793,0.0282962672111656));
#17330=CARTESIAN_POINT('',(0.0138843155446598,0.0131589347145793,0.0282962672111656));
#17331=CARTESIAN_POINT('',(0.014072404799825,0.0131597329013361,0.0282962672111656));
#17332=CARTESIAN_POINT('',(0.015808332107,0.0131670995857639,0.0283122537651719));
#17333=CARTESIAN_POINT('',(0.0139076525155763,0.0131590337487379,0.0286100839115938));
#17334=CARTESIAN_POINT('',(0.0139076651935641,0.013159033802539,0.0286100823473043));
#17335=CARTESIAN_POINT('',(0.015808332107,0.0131670995857652,0.0283122537651719));
#17336=CARTESIAN_POINT('',(0.0147136788865272,0.0131624542502137,0.0284857981981911));
#17337=CARTESIAN_POINT('',(0.0139911270062623,0.0131593879860543,0.028863020172139));
#17338=CARTESIAN_POINT('',(0.013991027659909,0.0131593875644622,0.0288630715317128));
#17339=CARTESIAN_POINT('',(0.0147136788865272,0.0131624542502139,0.0284857981981911));
#17340=CARTESIAN_POINT('',(0.0145610674580028,0.0131618066192735,0.028556853121125));
#17341=CARTESIAN_POINT('',(0.0141508582685148,0.0131600658311448,0.029057272709704));
#17342=CARTESIAN_POINT('',(0.0141507245580813,0.0131600652637232,0.0290574443562638));
#17343=CARTESIAN_POINT('',(0.0145610674580028,0.0131618066192736,0.028556853121125));
#17344=CARTESIAN_POINT('',(0.014661309029047,0.0131622320103701,0.0284080803695209));
#17345=CARTESIAN_POINT('',(0.0144037922515709,0.0131611391968478,0.0291937829743903));
#17346=CARTESIAN_POINT('',(0.0144037925165862,0.0131611391979725,0.0291937798688513));
#17347=CARTESIAN_POINT('',(0.014661309029047,0.0131622320103701,0.0284080803695209));
#17348=CARTESIAN_POINT('',(0.0149613960334734,0.0131635054774405,0.027509470321695));
#17349=CARTESIAN_POINT('',(0.0147687577879162,0.0131626879863177,0.0292741200496999));
#17350=CARTESIAN_POINT('',(0.0147687606401536,0.0131626879984216,0.0292740876130906));
#17351=CARTESIAN_POINT('',(0.0149613960334734,0.0131635054774408,0.027509470321695));
#17352=CARTESIAN_POINT('',(0.0152274384875388,0.0131646344710335,0.0252104158971316));
#17353=CARTESIAN_POINT('',(0.0152630146406622,0.0131647854441121,0.0293004806525359));
#17354=CARTESIAN_POINT('',(0.0152630131775757,0.0131647851879011,0.0293003123246703));
#17355=CARTESIAN_POINT('',(0.0152274384875388,0.0131646344710315,0.0252104158971316));
#17356=CARTESIAN_POINT('',(0.0157032955069497,0.0131666538461983,0.0293004806525359));
#17357=CARTESIAN_POINT('',(0.0161435763732372,0.0131685222482844,0.0293004806525359));
#17358=CARTESIAN_POINT('',(0.0161435817971542,0.0131685222713017,0.0293001255108723));
#17359=CARTESIAN_POINT('',(0.0157032955069497,0.0131666538461983,0.0293004806525359));
#17360=CARTESIAN_POINT('',(0.0161961099644099,0.0131687451829601,0.025860740150337));
#17361=CARTESIAN_POINT('',(0.0167250734831665,0.0131709899240261,0.0292584292146785));
#17362=CARTESIAN_POINT('',(0.0167250734831665,0.0131709899240261,0.0292584292146785));
#17363=CARTESIAN_POINT('',(0.01619610996441,0.0131687451829583,0.025860740150337));
#17364=CARTESIAN_POINT('',(0.0171145165017429,0.0131726425875962,0.0291310196343046));
#17365=CARTESIAN_POINT('',(0.017114940863873,0.0130726434880164,0.0291310196343046));
#17366=CARTESIAN_POINT('',(0.0170124223878212,0.0131722093349386,0.0291879250626489));
#17367=CARTESIAN_POINT('',(0.0170128467499513,0.0130722102353587,0.0291879250626489));
#17368=CARTESIAN_POINT('',(0.0168826080482957,0.0131716584470819,0.0292303949227736));
#17369=CARTESIAN_POINT('',(0.0168830324104258,0.013071659347502,0.0292303949227736));
#17370=CARTESIAN_POINT('',(0.0167250734831665,0.0131709899240261,0.0292584292146785));
#17371=CARTESIAN_POINT('',(0.0167254978452966,0.0130709908244462,0.0292584292146785));
#17372=CARTESIAN_POINT('',(0.0171145165017429,0.0131726425875962,0.0291310196343046));
#17373=CARTESIAN_POINT('',(0.0171145165017429,0.0131726425875962,0.0291310196343046));
#17374=CARTESIAN_POINT('',(0.0171145165017429,0.0131726425875962,0.0291310196343046));
#17375=CARTESIAN_POINT('',(0.0169613753308603,0.0131719927086097,0.0292163777768211));
#17376=CARTESIAN_POINT('',(0.0167250734831665,0.0131709899240261,0.0292584292146785));
#17377=CARTESIAN_POINT('',(0.0168106631894602,0.0131713531375973,0.0285568647614448));
#17378=CARTESIAN_POINT('',(0.0173508183494368,0.0131736453721799,0.0289160551945113));
#17379=CARTESIAN_POINT('',(0.0173509939717201,0.013173646117461,0.0289161715909546));
#17380=CARTESIAN_POINT('',(0.0168106631894602,0.0131713531375973,0.0285568647614448));
#17381=CARTESIAN_POINT('',(0.0165633676632552,0.0131703036995851,0.0284275499568779));
#17382=CARTESIAN_POINT('',(0.0174722643189686,0.0131741607475237,0.0286119668117963));
#17383=CARTESIAN_POINT('',(0.0174722420553637,0.0131741606530445,0.028611963217902));
#17384=CARTESIAN_POINT('',(0.0165633676632552,0.0131703036995853,0.0284275499568779));
#17385=CARTESIAN_POINT('',(0.0153913965949069,0.0131653302534137,0.0281823310023307));
#17386=CARTESIAN_POINT('',(0.0175165120753097,0.0131743485199357,0.0282178130360585));
#17387=CARTESIAN_POINT('',(0.0175163813925679,0.0131743479653627,0.0282178117918381));
#17388=CARTESIAN_POINT('',(0.0153913965949069,0.0131653302534134,0.0281823310023307));
#17389=CARTESIAN_POINT('',(-0.000603209894101882,0.013097454589443,0.0277564421829423));
#17390=CARTESIAN_POINT('',(0.0175224230729096,0.0131743736041781,0.027731397221507));
#17391=CARTESIAN_POINT('',(0.0175224230729674,0.0131743736041972,0.0277313971796077));
#17392=CARTESIAN_POINT('',(-0.000603209894101899,0.0130974545894472,0.0277564421829423));
#17393=CARTESIAN_POINT('',(-0.000603209881579893,0.0130974545894815,0.0277063521176027));
#17394=CARTESIAN_POINT('',(0.0175165120753097,0.0131743485199357,0.0272449812647311));
#17395=CARTESIAN_POINT('',(0.0175163814081903,0.013174347965429,0.027244983081266));
#17396=CARTESIAN_POINT('',(-0.000603209881579973,0.0130974545895004,0.0277063521176027));
#17397=CARTESIAN_POINT('',(0.0153913965948313,0.0131653302534134,0.0272804632984672));
#17398=CARTESIAN_POINT('',(0.0174722643189686,0.0131741607475237,0.0268508274889932));
#17399=CARTESIAN_POINT('',(0.0174722420641996,0.013174160653082,0.0268508311207966));
#17400=CARTESIAN_POINT('',(0.0153913965948313,0.0131653302534131,0.0272804632984672));
#17401=CARTESIAN_POINT('',(0.0165633676632554,0.0131703036995851,0.027035244343912));
#17402=CARTESIAN_POINT('',(0.0173508183494368,0.0131736453721799,0.0265467391062784));
#17403=CARTESIAN_POINT('',(0.0173509967459754,0.013173646129234,0.0265466268552145));
#17404=CARTESIAN_POINT('',(0.0165633676632554,0.0131703036995853,0.027035244343912));
#17405=CARTESIAN_POINT('',(0.0168106631894596,0.0131713531375973,0.0269059295393426));
#17406=CARTESIAN_POINT('',(0.0171145165017429,0.0131726425875962,0.026331774666485));
#17407=CARTESIAN_POINT('',(0.0171145165017429,0.0131726425875962,0.026331774666485));
#17408=CARTESIAN_POINT('',(0.0168106631894596,0.0131713531375973,0.0269059295393426));
#17409=CARTESIAN_POINT('',(0.0167250734831665,0.0131709899240261,0.0262043650861111));
#17410=CARTESIAN_POINT('',(0.0167254978452966,0.0130709908244462,0.0262043650861111));
#17411=CARTESIAN_POINT('',(0.0168826080482957,0.0131716584470819,0.0262323993780161));
#17412=CARTESIAN_POINT('',(0.0168830324104258,0.013071659347502,0.0262323993780161));
#17413=CARTESIAN_POINT('',(0.0170124223878212,0.0131722093349386,0.0262748692381407));
#17414=CARTESIAN_POINT('',(0.0170128467499513,0.0130722102353587,0.0262748692381407));
#17415=CARTESIAN_POINT('',(0.0171145165017429,0.0131726425875962,0.026331774666485));
#17416=CARTESIAN_POINT('',(0.017114940863873,0.0130726434880164,0.026331774666485));
#17417=CARTESIAN_POINT('',(0.0167250734831665,0.0131709899240261,0.0262043650861111));
#17418=CARTESIAN_POINT('',(0.0167250734831665,0.0131709899240261,0.0262043650861111));
#17419=CARTESIAN_POINT('',(0.0167250734831665,0.0131709899240261,0.0262043650861111));
#17420=CARTESIAN_POINT('',(0.0169613753308603,0.0131719927086097,0.0262464165239686));
#17421=CARTESIAN_POINT('',(0.0171145165017429,0.0131726425875962,0.026331774666485));
#17422=CARTESIAN_POINT('',(0.0161961099644096,0.0131687451829601,0.0296020541504601));
#17423=CARTESIAN_POINT('',(0.0161435763732372,0.0131685222482844,0.0261623136482538));
#17424=CARTESIAN_POINT('',(0.0161435817982151,0.0131685220213039,0.0261626687899174));
#17425=CARTESIAN_POINT('',(0.0161961099644096,0.0131687451829583,0.0296020541504601));
#17426=CARTESIAN_POINT('',(0.0157032955069497,0.0131666538461983,0.0261623136482538));
#17427=CARTESIAN_POINT('',(0.0152630146406622,0.0131647854441121,0.0261623136482538));
#17428=CARTESIAN_POINT('',(0.0152630131765148,0.0131647854378988,0.0261624819761193));
#17429=CARTESIAN_POINT('',(0.0157032955069497,0.0131666538461983,0.0261623136482538));
#17430=CARTESIAN_POINT('',(0.0152274384875408,0.0131646344710332,0.0302523784036759));
#17431=CARTESIAN_POINT('',(0.0147687577879162,0.0131626879863177,0.0261886742510898));
#17432=CARTESIAN_POINT('',(0.0147687616099368,0.013162688002537,0.0261887171032431));
#17433=CARTESIAN_POINT('',(0.0152274384875408,0.0131646344710315,0.0302523784036759));
#17434=CARTESIAN_POINT('',(0.0149495307304639,0.0131634551251345,0.0278558036909317));
#17435=CARTESIAN_POINT('',(0.0144037922515709,0.0131611391968478,0.0262712080433024));
#17436=CARTESIAN_POINT('',(0.0144037881289788,0.013161139179353,0.0262711973879944));
#17437=CARTESIAN_POINT('',(0.0149495307304639,0.0131634551251348,0.0278558036909317));
#17438=CARTESIAN_POINT('',(0.0146668337781909,0.0131622554555243,0.0270394392366556));
#17439=CARTESIAN_POINT('',(0.0141508582685148,0.0131600658311448,0.0264136808252968));
#17440=CARTESIAN_POINT('',(0.014150707375508,0.0131600651908062,0.0264134935129335));
#17441=CARTESIAN_POINT('',(0.0146668337781909,0.0131622554555243,0.0270394392366556));
#17442=CARTESIAN_POINT('',(0.0145845717281393,0.013161906363393,0.026916363296798));
#17443=CARTESIAN_POINT('',(0.0139911270062623,0.0131593879860543,0.0266186031306764));
#17444=CARTESIAN_POINT('',(0.0139910191621197,0.0131593875284005,0.0266185507640383));
#17445=CARTESIAN_POINT('',(0.0145845717281393,0.0131619063633931,0.026916363296798));
#17446=CARTESIAN_POINT('',(0.0148037799498413,0.013162836608448,0.0270156435270776));
#17447=CARTESIAN_POINT('',(0.0139076525155763,0.0131590337487379,0.0268891131264455));
#17448=CARTESIAN_POINT('',(0.0139076779387161,0.0131590338566251,0.0268891160475696));
#17449=CARTESIAN_POINT('',(0.0148037799498412,0.0131628366084482,0.0270156435270776));
#17450=CARTESIAN_POINT('',(0.0161281857557016,0.0131684569357425,0.0272107007808924));
#17451=CARTESIAN_POINT('',(0.0138843326741905,0.0131589347872712,0.0272292904297097));
#17452=CARTESIAN_POINT('',(0.0138843326741905,0.0131589347872712,0.0272292904297097));
#17453=CARTESIAN_POINT('',(0.0161281857557016,0.0131684569357439,0.0272107007808924));
#17454=CARTESIAN_POINT('',(0.014072404799825,0.0131597329013361,0.0272292904297097));
#17455=CARTESIAN_POINT('',(0.0142608751104396,0.0131605327051625,0.0272292904297097));
#17456=CARTESIAN_POINT('',(0.0142608751104396,0.0131605327051625,0.0272292904297097));
#17457=CARTESIAN_POINT('',(0.014072404799825,0.0131597329013361,0.0272292904297097));
#17458=CARTESIAN_POINT('',(0.0166451943413308,0.0131706509441488,0.0272090838161647));
#17459=CARTESIAN_POINT('',(0.01427450093517,0.0131605905285232,0.0269556422669363));
#17460=CARTESIAN_POINT('',(0.0142745670592887,0.0131605908091314,0.0269556471789791));
#17461=CARTESIAN_POINT('',(0.0166451943413308,0.0131706509441461,0.0272090838161647));
#17462=CARTESIAN_POINT('',(0.0149410020415667,0.0131634189322834,0.0270202834202378));
#17463=CARTESIAN_POINT('',(0.0143265940383801,0.0131608115939161,0.0267557410287635));
#17464=CARTESIAN_POINT('',(0.0143264761416651,0.0131608110936026,0.0267556926440359));
#17465=CARTESIAN_POINT('',(0.0149410020415667,0.013163418932283,0.0270202834202378));
#17466=CARTESIAN_POINT('',(0.0146689292427604,0.0131622643479626,0.0269095905533134));
#17467=CARTESIAN_POINT('',(0.0144332907557983,0.0131612643784559,0.0266176616805751));
#17468=CARTESIAN_POINT('',(0.0144331395901938,0.0131612637369605,0.0266174611809573));
#17469=CARTESIAN_POINT('',(0.0146689292427604,0.0131622643479625,0.0269095905533134));
#17470=CARTESIAN_POINT('',(0.0147352850730548,0.0131625459395133,0.0270230639333967));
#17471=CARTESIAN_POINT('',(0.014613733733785,0.0131620301170158,0.0265313620879573));
#17472=CARTESIAN_POINT('',(0.0146137446353417,0.0131620301632783,0.026531414046401));
#17473=CARTESIAN_POINT('',(0.0147352850730548,0.0131625459395129,0.0270230639333967));
#17474=CARTESIAN_POINT('',(0.0149692721353703,0.0131635389009363,0.0279095219262358));
#17475=CARTESIAN_POINT('',(0.0148845551077024,0.0131631793907152,0.0264880553832983));
#17476=CARTESIAN_POINT('',(0.0148845577773583,0.0131631794020443,0.0264881227521384));
#17477=CARTESIAN_POINT('',(0.0149692721353703,0.0131635389009355,0.0279095219262358));
#17478=CARTESIAN_POINT('',(0.0152325235875031,0.0131646560504668,0.0316832704231498));
#17479=CARTESIAN_POINT('',(0.0152630146406622,0.0131647854441121,0.026476130348682));
#17480=CARTESIAN_POINT('',(0.0152630141286513,0.0131647851919371,0.0264762179690421));
#17481=CARTESIAN_POINT('',(0.0152325235875031,0.0131646560504644,0.0316832704231498));
#17482=CARTESIAN_POINT('',(0.0157032955069497,0.0131666538461983,0.026476130348682));
#17483=CARTESIAN_POINT('',(0.0161435763732372,0.0131685222482844,0.026476130348682));
#17484=CARTESIAN_POINT('',(0.0161435773388454,0.0131685222523821,0.0264762581983839));
#17485=CARTESIAN_POINT('',(0.0157032955069497,0.0131666538461983,0.026476130348682));
#17486=CARTESIAN_POINT('',(0.016182425506323,0.0131686871107762,0.0316198835767731));
#17487=CARTESIAN_POINT('',(0.0165662836625382,0.0131703160740934,0.0264908797336021));
#17488=CARTESIAN_POINT('',(0.0165662767300556,0.0131703160446743,0.0264910340550528));
#17489=CARTESIAN_POINT('',(0.016182425506323,0.0131686871107776,0.0316198835767731));
#17490=CARTESIAN_POINT('',(0.0165064935123719,0.0131700623450536,0.0274949136298088));
#17491=CARTESIAN_POINT('',(0.016849657591446,0.0131715186165622,0.0265508187233839));
#17492=CARTESIAN_POINT('',(0.0168496919886621,0.0131715187625323,0.0265507203464391));
#17493=CARTESIAN_POINT('',(0.0165064935123719,0.0131700623450539,0.0274949136298088));
#17494=CARTESIAN_POINT('',(0.0167181663663974,0.0131709606125742,0.0269065270484696));
#17495=CARTESIAN_POINT('',(0.0170213137809393,0.0131722470669835,0.0266801112039603));
#17496=CARTESIAN_POINT('',(0.0170216066988774,0.0131722483100275,0.0266799011461216));
#17497=CARTESIAN_POINT('',(0.0167181663663974,0.0131709606125743,0.0269065270484696));
#17498=CARTESIAN_POINT('',(0.0165366252480359,0.0131701902138803,0.0269944966859809));
#17499=CARTESIAN_POINT('',(0.0171085540381225,0.0131726172849308,0.0269035486946652));
#17500=CARTESIAN_POINT('',(0.0171084434185549,0.013172616815499,0.0269035627634923));
#17501=CARTESIAN_POINT('',(0.0165366252480359,0.0131701902138806,0.0269944966859809));
#17502=CARTESIAN_POINT('',(0.0150259281739143,0.0131637793298707,0.0272676399983047));
#17503=CARTESIAN_POINT('',(0.0171408768672227,0.0131727544520119,0.0272459227148324));
#17504=CARTESIAN_POINT('',(0.0171407217875293,0.0131727537939065,0.0272459226430505));
#17505=CARTESIAN_POINT('',(0.0150259281739143,0.0131637793298724,0.0272676399983047));
#17506=CARTESIAN_POINT('',(-0.0031280179512597,0.0130867401636123,0.0276915736564703));
#17507=CARTESIAN_POINT('',(0.0171458978892189,0.0131727757595197,0.0277313971503948));
#17508=CARTESIAN_POINT('',(0.0171458601246694,0.0131727755992598,0.02773139709941));
#17509=CARTESIAN_POINT('',(-0.00312801795126016,0.0130867401637197,0.0276915736564703));
#17510=CARTESIAN_POINT('',(-0.00780502011525992,0.0130668925589292,0.0277712267267377));
#17511=CARTESIAN_POINT('',(0.017141818308847,0.0131727584471696,0.0282168715859573));
#17512=CARTESIAN_POINT('',(0.0171416497216969,0.0131727577317432,0.028216871366772));
#17513=CARTESIAN_POINT('',(-0.00780502011526022,0.0130668925589993,0.0277712267267377));
#17514=CARTESIAN_POINT('',(0.0150839207063614,0.0131640254304329,0.0282061095537985));
#17515=CARTESIAN_POINT('',(0.017110436921371,0.0131726252752462,0.0285592456061245));
#17516=CARTESIAN_POINT('',(0.0171103298214638,0.0131726248207506,0.0285592321612852));
#17517=CARTESIAN_POINT('',(0.0150839207063614,0.0131640254304343,0.0282061095537985));
#17518=CARTESIAN_POINT('',(0.0165480469249004,0.0131702386835885,0.0284699783728112));
#17519=CARTESIAN_POINT('',(0.0170222552225636,0.0131722510621413,0.0287826830968293));
#17520=CARTESIAN_POINT('',(0.0170225596092991,0.0131722523538549,0.0287828774306753));
#17521=CARTESIAN_POINT('',(0.0165480469249004,0.0131702386835883,0.0284699783728112));
#17522=CARTESIAN_POINT('',(0.016715543132403,0.0131709494804625,0.0285506292918707));
#17523=CARTESIAN_POINT('',(0.016849657591446,0.0131715186165622,0.0289119755774057));
#17524=CARTESIAN_POINT('',(0.0168496952271214,0.0131715187762752,0.0289120835658629));
#17525=CARTESIAN_POINT('',(0.016715543132403,0.0131709494804624,0.0285506292918707));
#17526=CARTESIAN_POINT('',(0.0165064935123695,0.0131700623450536,0.0279678806709788));
#17527=CARTESIAN_POINT('',(0.0165662836625382,0.0131703160740934,0.0289719145671875));
#17528=CARTESIAN_POINT('',(0.0165662767300556,0.0131703160446743,0.028971760245737));
#17529=CARTESIAN_POINT('',(0.0165064935123695,0.0131700623450539,0.0279678806709788));
#17530=CARTESIAN_POINT('',(0.0161824255063224,0.0131686871107758,0.0238429107240208));
#17531=CARTESIAN_POINT('',(0.0161435763732372,0.0131685222482844,0.0289866639521077));
#17532=CARTESIAN_POINT('',(0.0161435773399063,0.0131685220023844,0.0289865361024058));
#17533=CARTESIAN_POINT('',(0.0161824255063224,0.0131686871107775,0.0238429107240208));
#17534=CARTESIAN_POINT('',(0.0157032955069497,0.0131666538461983,0.0289866639521077));
#17535=CARTESIAN_POINT('',(0.0152630146406622,0.0131647854441121,0.0289866639521077));
#17536=CARTESIAN_POINT('',(0.015263013064645,0.0131647854374241,0.0289864908823954));
#17537=CARTESIAN_POINT('',(0.0157032955069497,0.0131666538461983,0.0289866639521077));
#17538=CARTESIAN_POINT('',(0.0152185872769595,0.0131645969095096,0.0241078904557785));
#17539=CARTESIAN_POINT('',(0.0147894695036503,0.0131627758797871,0.0289672073166811));
#17540=CARTESIAN_POINT('',(0.0147894695036503,0.0131627758797871,0.0289672073166811));
#17541=CARTESIAN_POINT('',(0.0152185872769595,0.0131645969095076,0.0241078904557785));
#17542=CARTESIAN_POINT('',(0.014480676650887,0.0131614654680603,0.0288771419236582));
#17543=CARTESIAN_POINT('',(0.0144811010130171,0.0130614663684804,0.0288771419236582));
#17544=CARTESIAN_POINT('',(0.0145591301195769,0.013161798397869,0.0289242144287224));
#17545=CARTESIAN_POINT('',(0.014559554481707,0.0130617992982891,0.0289242144287224));
#17546=CARTESIAN_POINT('',(0.014662061070498,0.0131622352017779,0.0289542362263967));
#17547=CARTESIAN_POINT('',(0.0146624854326281,0.013062236102198,0.0289542362263967));
#17548=CARTESIAN_POINT('',(0.0147894695036503,0.0131627758797871,0.0289672073166811));
#17549=CARTESIAN_POINT('',(0.0147898938657804,0.0130627767802073,0.0289672073166811));
#17550=CARTESIAN_POINT('',(0.014480676650887,0.0131614654680603,0.0288771419236582));
#17551=CARTESIAN_POINT('',(0.014480676650887,0.0131614654680603,0.0288771419236582));
#17552=CARTESIAN_POINT('',(0.014480676650887,0.0131614654680603,0.0288771419236582));
#17553=CARTESIAN_POINT('',(0.0145983568539218,0.0131619648627733,0.0289477506812546));
#17554=CARTESIAN_POINT('',(0.0147894695036503,0.0131627758797871,0.0289672073166811));
#17555=CARTESIAN_POINT('',(0.0146844607788029,0.0131623302585131,0.0285403362638511));
#17556=CARTESIAN_POINT('',(0.0146844607788029,0.0131623302585131,0.0285403362638511));
#17557=CARTESIAN_POINT('',(0.0209267633441615,0.0131888204651708,0.015965));
#17558=CARTESIAN_POINT('',(0.0180245767385452,0.0131765045733765,0.0290808089622361));
#17559=CARTESIAN_POINT('',(0.0180245767385452,0.0131765045733765,0.0292377173124502));
#17560=CARTESIAN_POINT('',(0.0180245767385452,0.0131765045733765,0.0292377173124502));
#17561=CARTESIAN_POINT('',(0.0180245767385452,0.0131765045733765,0.0290808089622361));
#17562=CARTESIAN_POINT('',(0.0180245767385452,0.0131765045733765,0.028923900612022));
#17563=CARTESIAN_POINT('',(0.0180245767385452,0.0131765045733765,0.028923900612022));
#17564=CARTESIAN_POINT('',(0.0197191716622462,0.0131836958572433,0.0292377173124502));
#17565=CARTESIAN_POINT('',(0.0214137665859471,0.0131908871411101,0.0292377173124502));
#17566=CARTESIAN_POINT('',(0.0214137665859471,0.0131908871411101,0.0292377173124502));
#17567=CARTESIAN_POINT('',(0.0197191716622462,0.0131836958572433,0.0292377173124502));
#17568=CARTESIAN_POINT('',(0.0214137665859471,0.0131908871411101,0.0290808089622361));
#17569=CARTESIAN_POINT('',(0.0214137665859471,0.0131908871411101,0.028923900612022));
#17570=CARTESIAN_POINT('',(0.0214137665859471,0.0131908871411101,0.028923900612022));
#17571=CARTESIAN_POINT('',(0.0214137665859471,0.0131908871411101,0.0290808089622361));
#17572=CARTESIAN_POINT('',(0.0206606132865245,0.0131876910149471,0.028923900612022));
#17573=CARTESIAN_POINT('',(0.0199074599871018,0.0131844948887841,0.028923900612022));
#17574=CARTESIAN_POINT('',(0.0199074599871018,0.0131844948887841,0.028923900612022));
#17575=CARTESIAN_POINT('',(0.0206606132865245,0.0131876910149471,0.028923900612022));
#17576=CARTESIAN_POINT('',(0.0199074599871018,0.0131844948887841,0.0275744888001807));
#17577=CARTESIAN_POINT('',(0.0199074599871018,0.0131844948887841,0.0262250769883395));
#17578=CARTESIAN_POINT('',(0.0199074599871018,0.0131844948887841,0.0262250769883395));
#17579=CARTESIAN_POINT('',(0.0199074599871018,0.0131844948887841,0.0275744888001807));
#17580=CARTESIAN_POINT('',(0.0197191716622462,0.0131836958572433,0.0262250769883395));
#17581=CARTESIAN_POINT('',(0.0195308833373905,0.0131828968257026,0.0262250769883395));
#17582=CARTESIAN_POINT('',(0.0195308833373905,0.0131828968257026,0.0262250769883395));
#17583=CARTESIAN_POINT('',(0.0197191716622462,0.0131836958572433,0.0262250769883395));
#17584=CARTESIAN_POINT('',(0.0195308833373905,0.0131828968257026,0.0275744888001807));
#17585=CARTESIAN_POINT('',(0.0195308833373905,0.0131828968257026,0.028923900612022));
#17586=CARTESIAN_POINT('',(0.0195308833373905,0.0131828968257026,0.028923900612022));
#17587=CARTESIAN_POINT('',(0.0195308833373905,0.0131828968257026,0.0275744888001807));
#17588=CARTESIAN_POINT('',(0.0187777300379679,0.0131797006995395,0.028923900612022));
#17589=CARTESIAN_POINT('',(0.0187777300379679,0.0131797006995395,0.028923900612022));
#17590=CARTESIAN_POINT('',(0.0209267633441615,0.0131888204651708,0.015965));
#17591=CARTESIAN_POINT('',(0.0248029564333489,0.0132052697088437,0.0277313971503948));
#17592=CARTESIAN_POINT('',(0.0248029564333489,0.0132052697088437,0.0262250769883395));
#17593=CARTESIAN_POINT('',(0.0248029564333489,0.0132052697088437,0.0262250769883395));
#17594=CARTESIAN_POINT('',(0.0248029564333489,0.0132052697088437,0.0277313971503948));
#17595=CARTESIAN_POINT('',(0.0248029564333489,0.0132052697088437,0.0292377173124502));
#17596=CARTESIAN_POINT('',(0.0248029564333489,0.0132052697088437,0.0292377173124502));
#17597=CARTESIAN_POINT('',(0.0232966498345036,0.0131988774565176,0.0262250769883395));
#17598=CARTESIAN_POINT('',(0.0217903432356584,0.0131924852041916,0.0262250769883395));
#17599=CARTESIAN_POINT('',(0.0217903432356584,0.0131924852041916,0.0262250769883395));
#17600=CARTESIAN_POINT('',(0.0232966498345036,0.0131988774565176,0.0262250769883395));
#17601=CARTESIAN_POINT('',(0.0217903432356584,0.0131924852041916,0.0263819853385535));
#17602=CARTESIAN_POINT('',(0.0217903432356584,0.0131924852041916,0.0265388936887676));
#17603=CARTESIAN_POINT('',(0.0217903432356584,0.0131924852041916,0.0265388936887676));
#17604=CARTESIAN_POINT('',(0.0217903432356584,0.0131924852041916,0.0263819853385535));
#17605=CARTESIAN_POINT('',(0.023108361509648,0.0131980784249769,0.0265388936887676));
#17606=CARTESIAN_POINT('',(0.0244263797836376,0.0132036716457622,0.0265388936887676));
#17607=CARTESIAN_POINT('',(0.0244263797836376,0.0132036716457622,0.0265388936887676));
#17608=CARTESIAN_POINT('',(0.023108361509648,0.0131980784249769,0.0265388936887676));
#17609=CARTESIAN_POINT('',(0.0244263797836376,0.0132036716457622,0.0270723820794956));
#17610=CARTESIAN_POINT('',(0.0244263797836376,0.0132036716457622,0.0276058704702235));
#17611=CARTESIAN_POINT('',(0.0244263797836376,0.0132036716457622,0.0276058704702235));
#17612=CARTESIAN_POINT('',(0.0244263797836376,0.0132036716457622,0.0270723820794956));
#17613=CARTESIAN_POINT('',(0.0231711242845999,0.0131983447688238,0.0276058704702235));
#17614=CARTESIAN_POINT('',(0.0219158687855622,0.0131930178918854,0.0276058704702235));
#17615=CARTESIAN_POINT('',(0.0219158687855622,0.0131930178918854,0.0276058704702235));
#17616=CARTESIAN_POINT('',(0.0231711242845999,0.0131983447688238,0.0276058704702235));
#17617=CARTESIAN_POINT('',(0.0219158687855622,0.0131930178918854,0.0277627788204377));
#17618=CARTESIAN_POINT('',(0.0219158687855622,0.0131930178918854,0.0279196871706517));
#17619=CARTESIAN_POINT('',(0.0219158687855622,0.0131930178918854,0.0279196871706517));
#17620=CARTESIAN_POINT('',(0.0219158687855622,0.0131930178918854,0.0277627788204377));
#17621=CARTESIAN_POINT('',(0.0231711242845999,0.0131983447688238,0.0279196871706517));
#17622=CARTESIAN_POINT('',(0.0244263797836376,0.0132036716457622,0.0279196871706517));
#17623=CARTESIAN_POINT('',(0.0244263797836376,0.0132036716457622,0.0279196871706517));
#17624=CARTESIAN_POINT('',(0.0231711242845999,0.0131983447688238,0.0279196871706517));
#17625=CARTESIAN_POINT('',(0.0244263797836376,0.0132036716457622,0.0284217938913369));
#17626=CARTESIAN_POINT('',(0.0244263797836376,0.0132036716457622,0.028923900612022));
#17627=CARTESIAN_POINT('',(0.0244263797836376,0.0132036716457622,0.028923900612022));
#17628=CARTESIAN_POINT('',(0.0244263797836376,0.0132036716457622,0.0284217938913369));
#17629=CARTESIAN_POINT('',(0.023108361509648,0.0131980784249769,0.028923900612022));
#17630=CARTESIAN_POINT('',(0.0217903432356584,0.0131924852041916,0.028923900612022));
#17631=CARTESIAN_POINT('',(0.0217903432356584,0.0131924852041916,0.028923900612022));
#17632=CARTESIAN_POINT('',(0.023108361509648,0.0131980784249769,0.028923900612022));
#17633=CARTESIAN_POINT('',(0.0217903432356584,0.0131924852041916,0.0290808089622361));
#17634=CARTESIAN_POINT('',(0.0217903432356584,0.0131924852041916,0.0292377173124502));
#17635=CARTESIAN_POINT('',(0.0217903432356584,0.0131924852041916,0.0292377173124502));
#17636=CARTESIAN_POINT('',(0.0217903432356584,0.0131924852041916,0.0290808089622361));
#17637=CARTESIAN_POINT('',(0.0232966498345036,0.0131988774565176,0.0292377173124502));
#17638=CARTESIAN_POINT('',(0.0232966498345036,0.0131988774565176,0.0292377173124502));
#17639=CARTESIAN_POINT('',(0.0209267633441615,0.0131888204651708,0.015965));
#17640=CARTESIAN_POINT('',(0.0256502538951994,0.0132088653507771,0.0292377173124502));
#17641=CARTESIAN_POINT('',(0.0259326863824829,0.0132100638980882,0.0292377173124502));
#17642=CARTESIAN_POINT('',(0.0259326863824829,0.0132100638980882,0.0292377173124502));
#17643=CARTESIAN_POINT('',(0.0256502538951994,0.0132088653507771,0.0292377173124502));
#17644=CARTESIAN_POINT('',(0.0253678214079159,0.0132076668034659,0.0292377173124502));
#17645=CARTESIAN_POINT('',(0.0253678214079159,0.0132076668034659,0.0292377173124502));
#17646=CARTESIAN_POINT('',(0.0269055093942371,0.0132141922277154,0.028578702241551));
#17647=CARTESIAN_POINT('',(0.0278783324059914,0.0132183205573427,0.0279196871706517));
#17648=CARTESIAN_POINT('',(0.0278783324059914,0.0132183205573427,0.0279196871706517));
#17649=CARTESIAN_POINT('',(0.0269055093942371,0.0132141922277154,0.028578702241551));
#17650=CARTESIAN_POINT('',(0.0281293835057989,0.0132193859327303,0.0279196871706517));
#17651=CARTESIAN_POINT('',(0.0283804346056064,0.013220451308118,0.0279196871706517));
#17652=CARTESIAN_POINT('',(0.0283804346056064,0.013220451308118,0.0279196871706517));
#17653=CARTESIAN_POINT('',(0.0281293835057989,0.0132193859327303,0.0279196871706517));
#17654=CARTESIAN_POINT('',(0.0283804346056064,0.013220451308118,0.028578702241551));
#17655=CARTESIAN_POINT('',(0.0283804346056064,0.013220451308118,0.0292377173124502));
#17656=CARTESIAN_POINT('',(0.0283804346056064,0.013220451308118,0.0292377173124502));
#17657=CARTESIAN_POINT('',(0.0283804346056064,0.013220451308118,0.028578702241551));
#17658=CARTESIAN_POINT('',(0.0285687229304621,0.0132212503396588,0.0292377173124502));
#17659=CARTESIAN_POINT('',(0.0287570112553178,0.0132220493711995,0.0292377173124502));
#17660=CARTESIAN_POINT('',(0.0287570112553178,0.0132220493711995,0.0292377173124502));
#17661=CARTESIAN_POINT('',(0.0285687229304621,0.0132212503396588,0.0292377173124502));
#17662=CARTESIAN_POINT('',(0.0287570112553178,0.0132220493711995,0.0277313971503948));
#17663=CARTESIAN_POINT('',(0.0287570112553178,0.0132220493711995,0.0262250769883395));
#17664=CARTESIAN_POINT('',(0.0287570112553178,0.0132220493711995,0.0262250769883395));
#17665=CARTESIAN_POINT('',(0.0287570112553178,0.0132220493711995,0.0277313971503948));
#17666=CARTESIAN_POINT('',(0.0285687229304621,0.0132212503396588,0.0262250769883395));
#17667=CARTESIAN_POINT('',(0.0283804346056064,0.013220451308118,0.0262250769883395));
#17668=CARTESIAN_POINT('',(0.0283804346056064,0.013220451308118,0.0262250769883395));
#17669=CARTESIAN_POINT('',(0.0285687229304621,0.0132212503396588,0.0262250769883395));
#17670=CARTESIAN_POINT('',(0.0283804346056064,0.013220451308118,0.0269154737292815));
#17671=CARTESIAN_POINT('',(0.0283804346056064,0.013220451308118,0.0276058704702235));
#17672=CARTESIAN_POINT('',(0.0283804346056064,0.013220451308118,0.0276058704702235));
#17673=CARTESIAN_POINT('',(0.0283804346056064,0.013220451308118,0.0269154737292815));
#17674=CARTESIAN_POINT('',(0.0281293835057989,0.0132193859327303,0.0276058704702235));
#17675=CARTESIAN_POINT('',(0.0278783324059914,0.0132183205573427,0.0276058704702235));
#17676=CARTESIAN_POINT('',(0.0278783324059914,0.0132183205573427,0.0276058704702235));
#17677=CARTESIAN_POINT('',(0.0281293835057989,0.0132193859327303,0.0276058704702235));
#17678=CARTESIAN_POINT('',(0.0268741280067612,0.013214059055792,0.0269154737292815));
#17679=CARTESIAN_POINT('',(0.025869923607531,0.0132097975542413,0.0262250769883395));
#17680=CARTESIAN_POINT('',(0.025869923607531,0.0132097975542413,0.0262250769883395));
#17681=CARTESIAN_POINT('',(0.0268741280067612,0.013214059055792,0.0269154737292815));
#17682=CARTESIAN_POINT('',(0.0255874911202475,0.0132085990069301,0.0262250769883395));
#17683=CARTESIAN_POINT('',(0.025305058632964,0.013207400459619,0.0262250769883395));
#17684=CARTESIAN_POINT('',(0.025305058632964,0.013207400459619,0.0262250769883395));
#17685=CARTESIAN_POINT('',(0.0255874911202475,0.0132085990069301,0.0262250769883395));
#17686=CARTESIAN_POINT('',(0.026403407194622,0.0132120614769401,0.0269939279043885));
#17687=CARTESIAN_POINT('',(0.0275017557562801,0.0132167224942611,0.0277627788204377));
#17688=CARTESIAN_POINT('',(0.0275017557562801,0.0132167224942611,0.0277627788204377));
#17689=CARTESIAN_POINT('',(0.026403407194622,0.0132120614769401,0.0269939279043885));
#17690=CARTESIAN_POINT('',(0.026434788582098,0.0132121946488635,0.0285002480664439));
#17691=CARTESIAN_POINT('',(0.026434788582098,0.0132121946488635,0.0285002480664439));
#17692=CARTESIAN_POINT('',(0.0209267633441615,0.0131888204651708,0.015965));
#17693=CARTESIAN_POINT('',(0.029761215654548,0.0132263108727502,0.0282962672111656));
#17694=CARTESIAN_POINT('',(0.0297616400166781,0.0131263117731703,0.0282962672111656));
#17695=CARTESIAN_POINT('',(0.029761215654548,0.0132263108727502,0.0284531755613797));
#17696=CARTESIAN_POINT('',(0.0297616400166781,0.0131263117731703,0.0284531755613797));
#17697=CARTESIAN_POINT('',(0.0297782662084099,0.0132263832294953,0.0285774469747493));
#17698=CARTESIAN_POINT('',(0.02977869057054,0.0131263841299154,0.0285774469747493));
#17699=CARTESIAN_POINT('',(0.0298123673161337,0.0132265279429854,0.0286690814512743));
#17700=CARTESIAN_POINT('',(0.0298127916782638,0.0131265288434056,0.0286690814512743));
#17701=CARTESIAN_POINT('',(0.0297612156545479,0.0132263108727502,0.0282962672111656));
#17702=CARTESIAN_POINT('',(0.0297612156545479,0.0132263108727502,0.0282962672111656));
#17703=CARTESIAN_POINT('',(0.029761215654548,0.0132263108727502,0.0282962672111656));
#17704=CARTESIAN_POINT('',(0.029761215654548,0.0132263108727502,0.0285316297364868));
#17705=CARTESIAN_POINT('',(0.0298123673161337,0.0132265279429854,0.0286690814512743));
#17706=CARTESIAN_POINT('',(0.0298123673161337,0.0132265279429854,0.0286690814512743));
#17707=CARTESIAN_POINT('',(0.0298123673161337,0.0132265279429854,0.0286690814512743));
#17708=CARTESIAN_POINT('',(0.0295729273296922,0.0132255118412094,0.0282962672111656));
#17709=CARTESIAN_POINT('',(0.0293848380745281,0.0132247136544527,0.0282962672111656));
#17710=CARTESIAN_POINT('',(0.0293848380745281,0.0132247136544527,0.0282962672111656));
#17711=CARTESIAN_POINT('',(0.0295729273296922,0.0132255118412094,0.0282962672111656));
#17712=CARTESIAN_POINT('',(0.0313088546367866,0.0132328785256372,0.0283122537651868));
#17713=CARTESIAN_POINT('',(0.0294081750454436,0.0132248126886113,0.0286100839115938));
#17714=CARTESIAN_POINT('',(0.0294081877234297,0.0132248127424123,0.0286100823473046));
#17715=CARTESIAN_POINT('',(0.0313088546367866,0.0132328785256382,0.0283122537651868));
#17716=CARTESIAN_POINT('',(0.0302142014165298,0.0132282331900879,0.0284857981981475));
#17717=CARTESIAN_POINT('',(0.0294916495361296,0.0132251669259277,0.028863020172139));
#17718=CARTESIAN_POINT('',(0.0294915501897748,0.0132251665043356,0.0288630715317135));
#17719=CARTESIAN_POINT('',(0.0302142014165298,0.0132282331900878,0.0284857981981475));
#17720=CARTESIAN_POINT('',(0.0300615899879369,0.0132275855591473,0.0285568531210677));
#17721=CARTESIAN_POINT('',(0.0296513807983821,0.0132258447710181,0.029057272709704));
#17722=CARTESIAN_POINT('',(0.029651247087948,0.0132258442035965,0.0290574443562645));
#17723=CARTESIAN_POINT('',(0.0300615899879369,0.0132275855591472,0.0285568531210677));
#17724=CARTESIAN_POINT('',(0.030161831558918,0.0132280109502432,0.0284080803695154));
#17725=CARTESIAN_POINT('',(0.0299043147814382,0.0132269181367212,0.0291937829743903));
#17726=CARTESIAN_POINT('',(0.0299043150464534,0.0132269181378458,0.0291937798688514));
#17727=CARTESIAN_POINT('',(0.030161831558918,0.0132280109502434,0.0284080803695154));
#17728=CARTESIAN_POINT('',(0.030461918563352,0.0132292844173145,0.0275094703216337));
#17729=CARTESIAN_POINT('',(0.0302692803177834,0.013228466926191,0.0292741200496999));
#17730=CARTESIAN_POINT('',(0.0302692831700209,0.0132284669382949,0.0292740876130908));
#17731=CARTESIAN_POINT('',(0.030461918563352,0.0132292844173142,0.0275094703216337));
#17732=CARTESIAN_POINT('',(0.0307279610174068,0.0132304134109078,0.0252104158970909));
#17733=CARTESIAN_POINT('',(0.0307635371705295,0.0132305643839855,0.0293004806525359));
#17734=CARTESIAN_POINT('',(0.030763535707443,0.0132305641277744,0.0293003123246703));
#17735=CARTESIAN_POINT('',(0.0307279610174068,0.0132304134109049,0.0252104158970909));
#17736=CARTESIAN_POINT('',(0.031203818036817,0.0132324327860716,0.0293004806525359));
#17737=CARTESIAN_POINT('',(0.0316440989031045,0.0132343011881577,0.0293004806525359));
#17738=CARTESIAN_POINT('',(0.0316441043270215,0.013234301211175,0.0293001255108723));
#17739=CARTESIAN_POINT('',(0.031203818036817,0.0132324327860716,0.0293004806525359));
#17740=CARTESIAN_POINT('',(0.031696632494276,0.0132345241228289,0.0258607401503115));
#17741=CARTESIAN_POINT('',(0.0322255960130337,0.0132367688638994,0.0292584292146785));
#17742=CARTESIAN_POINT('',(0.0322255960130337,0.0132367688638994,0.0292584292146785));
#17743=CARTESIAN_POINT('',(0.031696632494276,0.0132345241228316,0.0258607401503115));
#17744=CARTESIAN_POINT('',(0.0326150390316102,0.0132384215274696,0.0291310196343046));
#17745=CARTESIAN_POINT('',(0.0326154633937403,0.0131384224278897,0.0291310196343046));
#17746=CARTESIAN_POINT('',(0.0325129449176884,0.0132379882748119,0.0291879250626489));
#17747=CARTESIAN_POINT('',(0.0325133692798185,0.013137989175232,0.0291879250626489));
#17748=CARTESIAN_POINT('',(0.0323831305781629,0.0132374373869552,0.0292303949227736));
#17749=CARTESIAN_POINT('',(0.032383554940293,0.0131374382873753,0.0292303949227736));
#17750=CARTESIAN_POINT('',(0.0322255960130337,0.0132367688638994,0.0292584292146785));
#17751=CARTESIAN_POINT('',(0.0322260203751638,0.0131367697643196,0.0292584292146785));
#17752=CARTESIAN_POINT('',(0.0326150390316102,0.0132384215274696,0.0291310196343046));
#17753=CARTESIAN_POINT('',(0.0326150390316102,0.0132384215274696,0.0291310196343046));
#17754=CARTESIAN_POINT('',(0.0326150390316102,0.0132384215274696,0.0291310196343046));
#17755=CARTESIAN_POINT('',(0.0324618978607275,0.0132377716484831,0.0292163777768211));
#17756=CARTESIAN_POINT('',(0.0322255960130337,0.0132367688638994,0.0292584292146785));
#17757=CARTESIAN_POINT('',(0.0323111857193167,0.0132371320774706,0.0285568647614372));
#17758=CARTESIAN_POINT('',(0.0328513408793041,0.0132394243120532,0.0289160551945113));
#17759=CARTESIAN_POINT('',(0.0328515165015869,0.0132394250573344,0.0289161715909542));
#17760=CARTESIAN_POINT('',(0.0323111857193167,0.0132371320774706,0.0285568647614372));
#17761=CARTESIAN_POINT('',(0.0320638901930685,0.0132360826394588,0.028427549956852));
#17762=CARTESIAN_POINT('',(0.0329727868488359,0.013239939687397,0.0286119668117963));
#17763=CARTESIAN_POINT('',(0.0329727645852329,0.0132399395929178,0.0286119632179024));
#17764=CARTESIAN_POINT('',(0.0320638901930685,0.0132360826394584,0.028427549956852));
#17765=CARTESIAN_POINT('',(0.030891919124452,0.013231109193287,0.0281823310022969));
#17766=CARTESIAN_POINT('',(0.033017034605177,0.0132401274598091,0.0282178130360585));
#17767=CARTESIAN_POINT('',(0.0330169039224355,0.013240126905236,0.0282178117918381));
#17768=CARTESIAN_POINT('',(0.030891919124452,0.0132311091932854,0.0281823310022969));
#17769=CARTESIAN_POINT('',(0.0148973126461479,0.013163233529348,0.0277564421830598));
#17770=CARTESIAN_POINT('',(0.0330229456028135,0.0132401525440637,0.027731397221507));
#17771=CARTESIAN_POINT('',(0.033022945602862,0.0132401525440706,0.0277313971863861));
#17772=CARTESIAN_POINT('',(0.0148973126461478,0.0131632335293646,0.0277564421830598));
#17773=CARTESIAN_POINT('',(0.0148973126337323,0.0131632335293052,0.0277063521178809));
#17774=CARTESIAN_POINT('',(0.033017034605177,0.0132401274598091,0.0272449812647311));
#17775=CARTESIAN_POINT('',(0.0330169039380755,0.0132401269053024,0.0272449830812655));
#17776=CARTESIAN_POINT('',(0.0148973126337323,0.0131632335293119,0.0277063521178809));
#17777=CARTESIAN_POINT('',(0.0308919191243874,0.0132311091932867,0.0272804632985009));
#17778=CARTESIAN_POINT('',(0.0329727868488359,0.013239939687397,0.0268508274889932));
#17779=CARTESIAN_POINT('',(0.0329727645940692,0.0132399395929553,0.0268508311207962));
#17780=CARTESIAN_POINT('',(0.0308919191243874,0.0132311091932851,0.0272804632985009));
#17781=CARTESIAN_POINT('',(0.0320638901930624,0.0132360826394588,0.0270352443439404));
#17782=CARTESIAN_POINT('',(0.0328513408793041,0.0132394243120532,0.0265467391062784));
#17783=CARTESIAN_POINT('',(0.0328515192758426,0.0132394250691074,0.0265466268552146));
#17784=CARTESIAN_POINT('',(0.0320638901930624,0.0132360826394584,0.0270352443439404));
#17785=CARTESIAN_POINT('',(0.0323111857193163,0.0132371320774706,0.0269059295393527));
#17786=CARTESIAN_POINT('',(0.0326150390316102,0.0132384215274696,0.026331774666485));
#17787=CARTESIAN_POINT('',(0.0326150390316102,0.0132384215274696,0.026331774666485));
#17788=CARTESIAN_POINT('',(0.0323111857193163,0.0132371320774706,0.0269059295393527));
#17789=CARTESIAN_POINT('',(0.0322255960130337,0.0132367688638994,0.0262043650861111));
#17790=CARTESIAN_POINT('',(0.0322260203751638,0.0131367697643196,0.0262043650861111));
#17791=CARTESIAN_POINT('',(0.0323831305781629,0.0132374373869552,0.0262323993780161));
#17792=CARTESIAN_POINT('',(0.032383554940293,0.0131374382873753,0.0262323993780161));
#17793=CARTESIAN_POINT('',(0.0325129449176884,0.0132379882748119,0.0262748692381407));
#17794=CARTESIAN_POINT('',(0.0325133692798185,0.013137989175232,0.0262748692381407));
#17795=CARTESIAN_POINT('',(0.0326150390316102,0.0132384215274696,0.026331774666485));
#17796=CARTESIAN_POINT('',(0.0326154633937403,0.0131384224278897,0.026331774666485));
#17797=CARTESIAN_POINT('',(0.0322255960130337,0.0132367688638994,0.0262043650861111));
#17798=CARTESIAN_POINT('',(0.0322255960130337,0.0132367688638994,0.0262043650861111));
#17799=CARTESIAN_POINT('',(0.0322255960130337,0.0132367688638994,0.0262043650861111));
#17800=CARTESIAN_POINT('',(0.0324618978607275,0.0132377716484831,0.0262464165239686));
#17801=CARTESIAN_POINT('',(0.0326150390316102,0.0132384215274696,0.026331774666485));
#17802=CARTESIAN_POINT('',(0.0316966324942745,0.0132345241228289,0.0296020541505076));
#17803=CARTESIAN_POINT('',(0.0316440989031045,0.0132343011881577,0.0261623136482538));
#17804=CARTESIAN_POINT('',(0.0316441043280824,0.0132343009611772,0.0261626687899173));
#17805=CARTESIAN_POINT('',(0.0316966324942745,0.0132345241228316,0.0296020541505076));
#17806=CARTESIAN_POINT('',(0.031203818036817,0.0132324327860716,0.0261623136482538));
#17807=CARTESIAN_POINT('',(0.0307635371705295,0.0132305643839855,0.0261623136482538));
#17808=CARTESIAN_POINT('',(0.0307635357063821,0.0132305643777721,0.0261624819761193));
#17809=CARTESIAN_POINT('',(0.031203818036817,0.0132324327860716,0.0261623136482538));
#17810=CARTESIAN_POINT('',(0.0307279610174095,0.0132304134109077,0.0302523784037292));
#17811=CARTESIAN_POINT('',(0.0302692803177834,0.013228466926191,0.0261886742510898));
#17812=CARTESIAN_POINT('',(0.0302692841398041,0.0132284669424104,0.0261887171032429));
#17813=CARTESIAN_POINT('',(0.0307279610174095,0.0132304134109049,0.0302523784037292));
#17814=CARTESIAN_POINT('',(0.0304500532603393,0.0132292340650086,0.0278558036909747));
#17815=CARTESIAN_POINT('',(0.0299043147814382,0.0132269181367212,0.0262712080433024));
#17816=CARTESIAN_POINT('',(0.029904310658846,0.0132269181192263,0.0262711973879942));
#17817=CARTESIAN_POINT('',(0.0304500532603393,0.0132292340650082,0.0278558036909747));
#17818=CARTESIAN_POINT('',(0.0301673563080539,0.0132280343953974,0.0270394392366461));
#17819=CARTESIAN_POINT('',(0.0296513807983821,0.0132258447710181,0.0264136808252968));
#17820=CARTESIAN_POINT('',(0.0296512299053746,0.0132258441306796,0.0264134935129327));
#17821=CARTESIAN_POINT('',(0.0301673563080539,0.0132280343953976,0.0270394392366461));
#17822=CARTESIAN_POINT('',(0.0300850942580581,0.0132276853032668,0.026916363296841));
#17823=CARTESIAN_POINT('',(0.0294916495361296,0.0132251669259277,0.0266186031306764));
#17824=CARTESIAN_POINT('',(0.0294915416919844,0.0132251664682739,0.026618550764037));
#17825=CARTESIAN_POINT('',(0.0300850942580581,0.0132276853032667,0.026916363296841));
#17826=CARTESIAN_POINT('',(0.0303043024798292,0.0132286155483223,0.0270156435271145));
#17827=CARTESIAN_POINT('',(0.0294081750454436,0.0132248126886113,0.0268891131264455));
#17828=CARTESIAN_POINT('',(0.0294082004685819,0.0132248127964984,0.0268891160475694));
#17829=CARTESIAN_POINT('',(0.0303043024798292,0.0132286155483221,0.0270156435271145));
#17830=CARTESIAN_POINT('',(0.0316287082855127,0.0132342358756155,0.0272107007808772));
#17831=CARTESIAN_POINT('',(0.0293848552040587,0.0132247137271446,0.0272292904297097));
#17832=CARTESIAN_POINT('',(0.0293848552040587,0.0132247137271446,0.0272292904297097));
#17833=CARTESIAN_POINT('',(0.0316287082855127,0.013234235875617,0.0272107007808772));
#17834=CARTESIAN_POINT('',(0.0295729273296922,0.0132255118412094,0.0272292904297097));
#17835=CARTESIAN_POINT('',(0.0297613976403071,0.0132263116450358,0.0272292904297097));
#17836=CARTESIAN_POINT('',(0.0297613976403071,0.0132263116450358,0.0272292904297097));
#17837=CARTESIAN_POINT('',(0.0295729273296922,0.0132255118412094,0.0272292904297097));
#17838=CARTESIAN_POINT('',(0.0321457168714169,0.0132364298840193,0.0272090838161676));
#17839=CARTESIAN_POINT('',(0.0297750234650374,0.0132263694683965,0.0269556422669363));
#17840=CARTESIAN_POINT('',(0.0297750895891556,0.0132263697490048,0.026955647178979));
#17841=CARTESIAN_POINT('',(0.0321457168714169,0.0132364298840203,0.0272090838161676));
#17842=CARTESIAN_POINT('',(0.0304415245714034,0.0132291978721563,0.0270202834202314));
#17843=CARTESIAN_POINT('',(0.0298271165682474,0.0132265905337895,0.0267557410287635));
#17844=CARTESIAN_POINT('',(0.0298269986715338,0.0132265900334759,0.0267556926440365));
#17845=CARTESIAN_POINT('',(0.0304415245714034,0.0132291978721562,0.0270202834202314));
#17846=CARTESIAN_POINT('',(0.0301694517725877,0.0132280432878356,0.0269095905532794));
#17847=CARTESIAN_POINT('',(0.0299338132856656,0.0132270433183292,0.0266176616805751));
#17848=CARTESIAN_POINT('',(0.0299336621200614,0.0132270426768339,0.0266174611809577));
#17849=CARTESIAN_POINT('',(0.0301694517725877,0.0132280432878356,0.0269095905532794));
#17850=CARTESIAN_POINT('',(0.030235807602935,0.0132283248793862,0.0270230639334186));
#17851=CARTESIAN_POINT('',(0.0301142562636523,0.0132278090568891,0.0265313620879573));
#17852=CARTESIAN_POINT('',(0.0301142671652089,0.0132278091031516,0.0265314140464008));
#17853=CARTESIAN_POINT('',(0.030235807602935,0.0132283248793862,0.0270230639334186));
#17854=CARTESIAN_POINT('',(0.0304697946652391,0.0132293178408081,0.0279095219262518));
#17855=CARTESIAN_POINT('',(0.0303850776375696,0.0132289583305886,0.0264880553832983));
#17856=CARTESIAN_POINT('',(0.0303850803072256,0.0132289583419177,0.0264881227521384));
#17857=CARTESIAN_POINT('',(0.0304697946652391,0.0132293178408089,0.0279095219262518));
#17858=CARTESIAN_POINT('',(0.0307330461173733,0.0132304349903411,0.0316832704232257));
#17859=CARTESIAN_POINT('',(0.0307635371705295,0.0132305643839855,0.026476130348682));
#17860=CARTESIAN_POINT('',(0.0307635366585186,0.0132305641318104,0.0264762179690421));
#17861=CARTESIAN_POINT('',(0.0307330461173734,0.0132304349903377,0.0316832704232257));
#17862=CARTESIAN_POINT('',(0.031203818036817,0.0132324327860716,0.026476130348682));
#17863=CARTESIAN_POINT('',(0.0316440989031045,0.0132343011881577,0.026476130348682));
#17864=CARTESIAN_POINT('',(0.0316440998687127,0.0132343011922554,0.0264762581983839));
#17865=CARTESIAN_POINT('',(0.031203818036817,0.0132324327860716,0.026476130348682));
#17866=CARTESIAN_POINT('',(0.0316829480361903,0.0132344660506537,0.0316198835767598));
#17867=CARTESIAN_POINT('',(0.0320668061924054,0.0132360950139667,0.0264908797336021));
#17868=CARTESIAN_POINT('',(0.0320667992599229,0.0132360949845476,0.0264910340550526));
#17869=CARTESIAN_POINT('',(0.0316829480361903,0.0132344660506509,0.0316198835767598));
#17870=CARTESIAN_POINT('',(0.0320070160422371,0.0132358412849275,0.027494913629816));
#17871=CARTESIAN_POINT('',(0.0323501801213132,0.0132372975564356,0.0265508187233839));
#17872=CARTESIAN_POINT('',(0.0323502145185296,0.0132372977024056,0.0265507203464383));
#17873=CARTESIAN_POINT('',(0.0320070160422371,0.0132358412849272,0.027494913629816));
#17874=CARTESIAN_POINT('',(0.0322186888962491,0.0132367395524477,0.0269065270484836));
#17875=CARTESIAN_POINT('',(0.0325218363108066,0.0132380260068569,0.0266801112039603));
#17876=CARTESIAN_POINT('',(0.0325221304045878,0.0132380272548908,0.0266799028907045));
#17877=CARTESIAN_POINT('',(0.0322186888962491,0.0132367395524476,0.0269065270484836));
#17878=CARTESIAN_POINT('',(0.0320371477780559,0.0132359691537546,0.0269944966859221));
#17879=CARTESIAN_POINT('',(0.0326090765679898,0.0132383962248041,0.0269035486946652));
#17880=CARTESIAN_POINT('',(0.0326089659484211,0.0132383957553723,0.0269035627634924));
#17881=CARTESIAN_POINT('',(0.0320371477780559,0.0132359691537546,0.0269944966859221));
#17882=CARTESIAN_POINT('',(0.0305264507039106,0.0132295582697475,0.0272676399982889));
#17883=CARTESIAN_POINT('',(0.0326413993970899,0.0132385333918853,0.0272459227148324));
#17884=CARTESIAN_POINT('',(0.0326412443173964,0.0132385327337798,0.0272459226430505));
#17885=CARTESIAN_POINT('',(0.0305264507039106,0.0132295582697463,0.0272676399982889));
#17886=CARTESIAN_POINT('',(0.0123725045880256,0.0131525191036131,0.0276915736563386));
#17887=CARTESIAN_POINT('',(0.0326464204190861,0.013238554699393,0.0277313971503948));
#17888=CARTESIAN_POINT('',(0.0326463826545362,0.0132385545391331,0.02773139709941));
#17889=CARTESIAN_POINT('',(0.0123725045880255,0.013152519103633,0.0276915736563386));
#17890=CARTESIAN_POINT('',(0.007695502429254,0.0131326714988928,0.0277712267268742));
#17891=CARTESIAN_POINT('',(0.0326423408387142,0.013238537387043,0.0282168715859573));
#17892=CARTESIAN_POINT('',(0.0326421722515646,0.0132385366716165,0.028216871366772));
#17893=CARTESIAN_POINT('',(0.00769550242925382,0.0131326714989348,0.0277712267268742));
#17894=CARTESIAN_POINT('',(0.0305844432362005,0.0132298043703063,0.0282061095537887));
#17895=CARTESIAN_POINT('',(0.0326109594512383,0.0132384042151195,0.0285592456061245));
#17896=CARTESIAN_POINT('',(0.0326108523513308,0.013238403760624,0.0285592321612852));
#17897=CARTESIAN_POINT('',(0.0305844432362005,0.0132298043703075,0.0282061095537887));
#17898=CARTESIAN_POINT('',(0.0320485694547555,0.0132360176234616,0.0284699783728082));
#17899=CARTESIAN_POINT('',(0.0325227777524309,0.0132380300020146,0.0287826830968293));
#17900=CARTESIAN_POINT('',(0.0325230821391663,0.0132380312937283,0.0287828774306753));
#17901=CARTESIAN_POINT('',(0.0320485694547555,0.0132360176234615,0.0284699783728082));
#17902=CARTESIAN_POINT('',(0.0322160656622621,0.0132367284203358,0.0285506292918593));
#17903=CARTESIAN_POINT('',(0.0323501801213132,0.0132372975564356,0.0289119755774057));
#17904=CARTESIAN_POINT('',(0.0323502177569888,0.0132372977161486,0.0289120835658632));
#17905=CARTESIAN_POINT('',(0.0322160656622621,0.0132367284203357,0.0285506292918593));
#17906=CARTESIAN_POINT('',(0.0320070160422294,0.0132358412849275,0.0279678806709382));
#17907=CARTESIAN_POINT('',(0.0320668061924054,0.0132360950139667,0.0289719145671875));
#17908=CARTESIAN_POINT('',(0.0320667992599229,0.0132360949845476,0.0289717602457371));
#17909=CARTESIAN_POINT('',(0.0320070160422294,0.0132358412849272,0.0279678806709382));
#17910=CARTESIAN_POINT('',(0.0316829480361901,0.0132344660506535,0.0238429107240455));
#17911=CARTESIAN_POINT('',(0.0316440989031045,0.0132343011881577,0.0289866639521077));
#17912=CARTESIAN_POINT('',(0.0316440998697736,0.0132343009422577,0.0289865361024057));
#17913=CARTESIAN_POINT('',(0.0316829480361901,0.0132344660506509,0.0238429107240455));
#17914=CARTESIAN_POINT('',(0.031203818036817,0.0132324327860716,0.0289866639521077));
#17915=CARTESIAN_POINT('',(0.0307635371705295,0.0132305643839855,0.0289866639521077));
#17916=CARTESIAN_POINT('',(0.0307635355945123,0.0132305643772974,0.0289864908823954));
#17917=CARTESIAN_POINT('',(0.031203818036817,0.0132324327860716,0.0289866639521077));
#17918=CARTESIAN_POINT('',(0.0307191098068258,0.0132303758493845,0.0241078904557824));
#17919=CARTESIAN_POINT('',(0.0302899920335176,0.0132285548196605,0.0289672073166811));
#17920=CARTESIAN_POINT('',(0.0302899920335176,0.0132285548196605,0.0289672073166811));
#17921=CARTESIAN_POINT('',(0.0307191098068258,0.0132303758493809,0.0241078904557824));
#17922=CARTESIAN_POINT('',(0.0299811991807543,0.0132272444079336,0.0288771419236582));
#17923=CARTESIAN_POINT('',(0.0299816235428844,0.0131272453083538,0.0288771419236582));
#17924=CARTESIAN_POINT('',(0.0300596526494441,0.0132275773377423,0.0289242144287224));
#17925=CARTESIAN_POINT('',(0.0300600770115742,0.0131275782381624,0.0289242144287224));
#17926=CARTESIAN_POINT('',(0.0301625836003652,0.0132280141416512,0.0289542362263967));
#17927=CARTESIAN_POINT('',(0.0301630079624953,0.0131280150420714,0.0289542362263967));
#17928=CARTESIAN_POINT('',(0.0302899920335176,0.0132285548196605,0.0289672073166811));
#17929=CARTESIAN_POINT('',(0.0302904163956477,0.0131285557200806,0.0289672073166811));
#17930=CARTESIAN_POINT('',(0.0299811991807543,0.0132272444079336,0.0288771419236582));
#17931=CARTESIAN_POINT('',(0.0299811991807543,0.0132272444079336,0.0288771419236582));
#17932=CARTESIAN_POINT('',(0.0299811991807543,0.0132272444079336,0.0288771419236582));
#17933=CARTESIAN_POINT('',(0.030098879383789,0.0132277438026466,0.0289477506812546));
#17934=CARTESIAN_POINT('',(0.0302899920335176,0.0132285548196605,0.0289672073166811));
#17935=CARTESIAN_POINT('',(0.0301849833086631,0.0132281091983865,0.0285403362638585));
#17936=CARTESIAN_POINT('',(0.0301849833086631,0.0132281091983864,0.0285403362638585));
#17937=CARTESIAN_POINT('',(0.0209267633441615,0.0131888204651708,0.015965));
#17938=CARTESIAN_POINT('',(0.034865957554598,0.0132479736592617,0.03158862409984));
#17939=CARTESIAN_POINT('',(0.0348663819167281,0.0131479745596903,0.03158862409984));
#17940=CARTESIAN_POINT('',(0.0349044208648447,0.0131481359840343,0.0264762555260017));
#17941=CARTESIAN_POINT('',(0.0344836045501646,0.0131463501828777,0.0264910375729759));
#17942=CARTESIAN_POINT('',(0.0349039974341054,0.0132481350875667,0.026476130348682));
#17943=CARTESIAN_POINT('',(0.0349039965037755,0.0132481348336164,0.0264762555260017));
#17944=CARTESIAN_POINT('',(0.0348659575545979,0.0132479736592702,0.03158862409984));
#17945=CARTESIAN_POINT('',(0.0344831801890953,0.0132463490324598,0.0264910375729759));
#17946=CARTESIAN_POINT('',(0.0344831730280531,0.0132463492520731,0.0264908797336021));
#17947=CARTESIAN_POINT('',(0.035470745291921,0.0132505401725043,0.026476130348682));
#17948=CARTESIAN_POINT('',(0.0354711696540511,0.0131505410729245,0.026476130348682));
#17949=CARTESIAN_POINT('',(0.0360379184774748,0.0131529461619598,0.0264762581983839));
#17950=CARTESIAN_POINT('',(0.0360374931497365,0.013252945257442,0.026476130348682));
#17951=CARTESIAN_POINT('',(0.0360374941153447,0.0132529452615397,0.0264762581983839));
#17952=CARTESIAN_POINT('',(0.035470745291921,0.0132505401725043,0.026476130348682));
#17953=CARTESIAN_POINT('',(0.0360763422828217,0.0132531101199444,0.0316198835767893));
#17954=CARTESIAN_POINT('',(0.0360767666449519,0.0131531110203553,0.0316198835767893));
#17955=CARTESIAN_POINT('',(0.036460617868685,0.013154739954252,0.0264910340550528));
#17956=CARTESIAN_POINT('',(0.0364602004390374,0.013254739083251,0.0264908797336021));
#17957=CARTESIAN_POINT('',(0.0364601935065549,0.0132547390538319,0.0264910340550528));
#17958=CARTESIAN_POINT('',(0.0360763422828217,0.0132531101199352,0.0316198835767893));
#17959=CARTESIAN_POINT('',(0.0364004102888689,0.0132544853542121,0.0274949136298214));
#17960=CARTESIAN_POINT('',(0.0364008346509991,0.0131544862546316,0.0274949136298214));
#17961=CARTESIAN_POINT('',(0.0367440331272919,0.01315594267211,0.0265507203464381));
#17962=CARTESIAN_POINT('',(0.0367435743679452,0.0132559416257198,0.0265508187233839));
#17963=CARTESIAN_POINT('',(0.0367436087651618,0.0132559417716899,0.0265507203464381));
#17964=CARTESIAN_POINT('',(0.0364004102888689,0.0132544853542115,0.0274949136298214));
#17965=CARTESIAN_POINT('',(0.0366120831428691,0.0132553836217317,0.0269065270484981));
#17966=CARTESIAN_POINT('',(0.0366125075049992,0.0131553845221519,0.0269065270484981));
#17967=CARTESIAN_POINT('',(0.0369159490133504,0.0131566722245952,0.0266799028907042));
#17968=CARTESIAN_POINT('',(0.0369152305574387,0.0132566700761411,0.0266801112039603));
#17969=CARTESIAN_POINT('',(0.0369155234753762,0.0132566713191851,0.0266799011461219));
#17970=CARTESIAN_POINT('',(0.0366120831428691,0.0132553836217318,0.0269065270484981));
#17971=CARTESIAN_POINT('',(0.0364305420246277,0.0132546132230387,0.0269944966859456));
#17972=CARTESIAN_POINT('',(0.0364309663867579,0.0131546141234587,0.0269944966859456));
#17973=CARTESIAN_POINT('',(0.0370027845571839,0.0131570407250767,0.0269035627634923));
#17974=CARTESIAN_POINT('',(0.0370024708146217,0.0132570402940884,0.0269035486946652));
#17975=CARTESIAN_POINT('',(0.0370023601950538,0.0132570398246566,0.0269035627634923));
#17976=CARTESIAN_POINT('',(0.0364305420246277,0.0132546132230386,0.0269944966859456));
#17977=CARTESIAN_POINT('',(0.0349198449506753,0.0132482023390325,0.027267639998276));
#17978=CARTESIAN_POINT('',(0.0349202693128055,0.0131482032394512,0.027267639998276));
#17979=CARTESIAN_POINT('',(0.0370350629261579,0.0131571777034842,0.0272459226430506));
#17980=CARTESIAN_POINT('',(0.037034793643722,0.0132571774611695,0.0272459227148324));
#17981=CARTESIAN_POINT('',(0.0370346385640278,0.0132571768030641,0.0272459226430506));
#17982=CARTESIAN_POINT('',(0.0349198449506753,0.0132482023390311,0.027267639998276));
#17983=CARTESIAN_POINT('',(0.0167658988272848,0.0131711631728658,0.0276915736564893));
#17984=CARTESIAN_POINT('',(0.0167663231894148,0.0130711640733061,0.0276915736564893));
#17985=CARTESIAN_POINT('',(0.0370402012632987,0.0131571995088375,0.02773139709941));
#17986=CARTESIAN_POINT('',(0.0370398146657182,0.0132571987686773,0.0277313971503948));
#17987=CARTESIAN_POINT('',(0.0370397769011685,0.0132571986084174,0.02773139709941));
#17988=CARTESIAN_POINT('',(0.0167658988272847,0.013171163172886,0.0276915736564893));
#17989=CARTESIAN_POINT('',(0.0120888966723137,0.0131513155681456,0.0277712267268515));
#17990=CARTESIAN_POINT('',(0.0120893210344436,0.013051316468624,0.0277712267268515));
#17991=CARTESIAN_POINT('',(0.0370359908603255,0.0131571816413209,0.028216871366772));
#17992=CARTESIAN_POINT('',(0.0370357350853463,0.0132571814563272,0.0282168715859573));
#17993=CARTESIAN_POINT('',(0.0370355664981954,0.0132571807409008,0.028216871366772));
#17994=CARTESIAN_POINT('',(0.0120888966723135,0.0131513155682039,0.0277712267268515));
#17995=CARTESIAN_POINT('',(0.0349778374831526,0.0132484484395919,0.0282061095538123));
#17996=CARTESIAN_POINT('',(0.0349782618452827,0.0131484493400133,0.0282061095538123));
#17997=CARTESIAN_POINT('',(0.0370046709600921,0.0131570487303284,0.028559232161285));
#17998=CARTESIAN_POINT('',(0.0370043536978703,0.0132570482844038,0.0285592456061245));
#17999=CARTESIAN_POINT('',(0.037004246597962,0.0132570478299082,0.028559232161285));
#18000=CARTESIAN_POINT('',(0.0349778374831526,0.0132484484395931,0.0282061095538123));
#18001=CARTESIAN_POINT('',(0.0364419637014032,0.0132546616927456,0.0284699783728149));
#18002=CARTESIAN_POINT('',(0.0364423880635334,0.013154662593166,0.0284699783728149));
#18003=CARTESIAN_POINT('',(0.0369169007479286,0.0131566762634327,0.0287828774306754));
#18004=CARTESIAN_POINT('',(0.0369161719990629,0.0132566740712988,0.0287826830968293));
#18005=CARTESIAN_POINT('',(0.0369164763857985,0.0132566753630125,0.0287828774306754));
#18006=CARTESIAN_POINT('',(0.0364419637014032,0.0132546616927459,0.0284699783728149));
#18007=CARTESIAN_POINT('',(0.03660945990889,0.0132553724896198,0.0285506292918538));
#18008=CARTESIAN_POINT('',(0.0366098842710201,0.0131553733900401,0.0285506292918538));
#18009=CARTESIAN_POINT('',(0.0367440363657509,0.013155942685853,0.0289120835658632));
#18010=CARTESIAN_POINT('',(0.0367435743679452,0.0132559416257198,0.0289119755774057));
#18011=CARTESIAN_POINT('',(0.0367436120036208,0.0132559417854328,0.0289120835658631));
#18012=CARTESIAN_POINT('',(0.03660945990889,0.01325537248962,0.0285506292918538));
#18013=CARTESIAN_POINT('',(0.0364004102888573,0.013254485354212,0.0279678806709296));
#18014=CARTESIAN_POINT('',(0.0364008346509874,0.0131544862546316,0.0279678806709296));
#18015=CARTESIAN_POINT('',(0.0364606178686851,0.013154739954252,0.0289717602457371));
#18016=CARTESIAN_POINT('',(0.0364602004390374,0.013254739083251,0.0289719145671875));
#18017=CARTESIAN_POINT('',(0.0364601935065549,0.0132547390538319,0.0289717602457371));
#18018=CARTESIAN_POINT('',(0.0364004102888573,0.0132544853542115,0.0279678806709296));
#18019=CARTESIAN_POINT('',(0.0360763422828216,0.0132531101199442,0.0238429107240163));
#18020=CARTESIAN_POINT('',(0.0360767666449517,0.0131531110203553,0.0238429107240163));
#18021=CARTESIAN_POINT('',(0.0360379184774748,0.0131529461619598,0.0289865361024058));
#18022=CARTESIAN_POINT('',(0.0360374931497365,0.013252945257442,0.0289866639521077));
#18023=CARTESIAN_POINT('',(0.0360374941164056,0.013252945011542,0.0289865361024058));
#18024=CARTESIAN_POINT('',(0.0360763422828216,0.0132531101199351,0.0238429107240163));
#18025=CARTESIAN_POINT('',(0.035470745291921,0.0132505401725043,0.0289866639521077));
#18026=CARTESIAN_POINT('',(0.0354711696540511,0.0131505410729245,0.0289866639521077));
#18027=CARTESIAN_POINT('',(0.0349044208306274,0.0131481359838891,0.0289865361024058));
#18028=CARTESIAN_POINT('',(0.0349039974341054,0.0132481350875667,0.0289866639521077));
#18029=CARTESIAN_POINT('',(0.0349039964684973,0.0132481350834689,0.0289865361024058));
#18030=CARTESIAN_POINT('',(0.035470745291921,0.0132505401725043,0.0289866639521077));
#18031=CARTESIAN_POINT('',(0.034865148301021,0.0132479702250645,0.02384291072397));
#18032=CARTESIAN_POINT('',(0.0348655726631511,0.0131479711254937,0.02384291072397));
#18033=CARTESIAN_POINT('',(0.0344817216663306,0.0131463421925598,0.0289717529577688));
#18034=CARTESIAN_POINT('',(0.0344812901448045,0.0132463412617577,0.0289719145671875));
#18035=CARTESIAN_POINT('',(0.0344812973042005,0.0132463412921397,0.0289717529577688));
#18036=CARTESIAN_POINT('',(0.0348651483010209,0.0132479702250735,0.02384291072397));
#18037=CARTESIAN_POINT('',(0.0345397356353443,0.0132465892845192,0.027979298708854));
#18038=CARTESIAN_POINT('',(0.0345401599974744,0.0131465901849397,0.027979298708854));
#18039=CARTESIAN_POINT('',(0.0341992374691045,0.0131451434258093,0.0289121031782537));
#18040=CARTESIAN_POINT('',(0.034198857657521,0.0132451427144465,0.0289119755774057));
#18041=CARTESIAN_POINT('',(0.0341988131069744,0.0132451425253892,0.0289121031782537));
#18042=CARTESIAN_POINT('',(0.0345397356353443,0.0132465892845195,0.027979298708854));
#18043=CARTESIAN_POINT('',(0.0343346411942495,0.0132457189335436,0.0285507808338283));
#18044=CARTESIAN_POINT('',(0.0343350655563796,0.0131457198339639,0.0285507808338283));
#18045=CARTESIAN_POINT('',(0.0340273304399225,0.0131444139109098,0.0287828913275508));
#18046=CARTESIAN_POINT('',(0.0340272014680276,0.0132444142640252,0.0287826830968293));
#18047=CARTESIAN_POINT('',(0.0340269060777924,0.0132444130104896,0.0287828913275508));
#18048=CARTESIAN_POINT('',(0.0343346411942495,0.0132457189335437,0.0285507808338283));
#18049=CARTESIAN_POINT('',(0.0345014097656748,0.0132464266425781,0.028469978372817));
#18050=CARTESIAN_POINT('',(0.0345018341278049,0.0131464275429983,0.028469978372817));
#18051=CARTESIAN_POINT('',(0.0339395572942577,0.0131440414315653,0.0285592312307841));
#18052=CARTESIAN_POINT('',(0.0339390197692202,0.0132440400509203,0.0285592456061245));
#18053=CARTESIAN_POINT('',(0.0339391329321276,0.0132440405311451,0.0285592312307841));
#18054=CARTESIAN_POINT('',(0.0345014097656748,0.0132464266425782,0.028469978372817));
#18055=CARTESIAN_POINT('',(0.0360216456330766,0.0132528780059779,0.0281951543025262));
#18056=CARTESIAN_POINT('',(0.0360220699952067,0.0131528789063973,0.0281951543025262));
#18057=CARTESIAN_POINT('',(0.033907276381943,0.0131439044423647,0.0282168716577391));
#18058=CARTESIAN_POINT('',(0.03390669694012,0.0132439028838391,0.0282168715859573));
#18059=CARTESIAN_POINT('',(0.0339068520198129,0.0132439035419445,0.0282168716577391));
#18060=CARTESIAN_POINT('',(0.0360216456330766,0.0132528780059772,0.0281951543025262));
#18061=CARTESIAN_POINT('',(0.0541755917543831,0.0133299171720669,0.0277712206443061));
#18062=CARTESIAN_POINT('',(0.054176016116513,0.0132299180725336,0.0277712206443061));
#18063=CARTESIAN_POINT('',(0.0339021758070187,0.0131438827972614,0.0277313972242978));
#18064=CARTESIAN_POINT('',(0.033901751445035,0.0132438818967977,0.0277313972987479));
#18065=CARTESIAN_POINT('',(0.0339017514448886,0.0132438818968412,0.0277313972242987));
#18066=CARTESIAN_POINT('',(0.0541755917543829,0.0133299171721134,0.0277712206443061));
#18067=CARTESIAN_POINT('',(0.054175591748796,0.0133299171720456,0.0276915736564076));
#18068=CARTESIAN_POINT('',(0.054176016110926,0.0132299180725099,0.0276915736564076));
#18069=CARTESIAN_POINT('',(0.0339072763590271,0.0131439044422674,0.0272459235511004));
#18070=CARTESIAN_POINT('',(0.03390669694012,0.0132439028838391,0.0272459227148324));
#18071=CARTESIAN_POINT('',(0.033906851996897,0.0132439035418473,0.0272459235511004));
#18072=CARTESIAN_POINT('',(0.0541755917487958,0.0133299171720897,0.0276915736564076));
#18073=CARTESIAN_POINT('',(0.0360216456330621,0.0132528780059776,0.0272676399982671));
#18074=CARTESIAN_POINT('',(0.0360220699951922,0.0131528789063973,0.0272676399982671));
#18075=CARTESIAN_POINT('',(0.0339395572942579,0.0131440414315653,0.0269035630700056));
#18076=CARTESIAN_POINT('',(0.0339390197692202,0.0132440400509203,0.0269035486946652));
#18077=CARTESIAN_POINT('',(0.0339391329321277,0.0132440405311451,0.0269035630700056));
#18078=CARTESIAN_POINT('',(0.0360216456330621,0.0132528780059771,0.0272676399982671));
#18079=CARTESIAN_POINT('',(0.0345014097656983,0.0132464266425782,0.026992815927982));
#18080=CARTESIAN_POINT('',(0.0345018341278284,0.0131464275429984,0.026992815927982));
#18081=CARTESIAN_POINT('',(0.0340273214434217,0.0131444138727317,0.026679916870114));
#18082=CARTESIAN_POINT('',(0.0340272014680276,0.0132444142640252,0.0266801112039603));
#18083=CARTESIAN_POINT('',(0.0340268970812916,0.0132444129723115,0.026679916870114));
#18084=CARTESIAN_POINT('',(0.0345014097656983,0.0132464266425782,0.026992815927982));
#18085=CARTESIAN_POINT('',(0.0343339135581954,0.0132457158457041,0.0269121650089307));
#18086=CARTESIAN_POINT('',(0.0343343379203255,0.0131457167461242,0.0269121650089307));
#18087=CARTESIAN_POINT('',(0.0342001858255998,0.0131451474503114,0.0265507107349262));
#18088=CARTESIAN_POINT('',(0.0341997990991453,0.0132451467096042,0.0265508187233839));
#18089=CARTESIAN_POINT('',(0.0341997614634697,0.0132451465498912,0.0265507107349262));
#18090=CARTESIAN_POINT('',(0.0343339135581954,0.0132457158457041,0.0269121650089307));
#18091=CARTESIAN_POINT('',(0.0348514638429356,0.0132479121528939,0.0258607401502569));
#18092=CARTESIAN_POINT('',(0.0349039974341054,0.0132481350875667,0.0293004806525359));
#18093=CARTESIAN_POINT('',(0.0349039920112494,0.0132481348145517,0.0293001255108724));
#18094=CARTESIAN_POINT('',(0.0348514638429356,0.0132479121528928,0.0258607401502569));
#18095=CARTESIAN_POINT('',(0.0343225003241763,0.013245667411825,0.0292584292146785));
#18096=CARTESIAN_POINT('',(0.0343225003241763,0.013245667411825,0.0292584292146785));
#18097=CARTESIAN_POINT('',(0.035470745291921,0.0132505401725043,0.0293004806525359));
#18098=CARTESIAN_POINT('',(0.0360374931497365,0.013252945257442,0.0293004806525359));
#18099=CARTESIAN_POINT('',(0.0360374985736535,0.0132529452804593,0.0293001255108723));
#18100=CARTESIAN_POINT('',(0.035470745291921,0.0132505401725043,0.0293004806525359));
#18101=CARTESIAN_POINT('',(0.0360900267409068,0.0132531681921174,0.0258607401503052));
#18102=CARTESIAN_POINT('',(0.0366189902596658,0.0132554129331837,0.0292584292146785));
#18103=CARTESIAN_POINT('',(0.0366189902596658,0.0132554129331837,0.0292584292146785));
#18104=CARTESIAN_POINT('',(0.0360900267409068,0.0132531681921159,0.0258607401503052));
#18105=CARTESIAN_POINT('',(0.0370084332782422,0.0132570655967538,0.0291310196343046));
#18106=CARTESIAN_POINT('',(0.0370088576403723,0.0131570664971739,0.0291310196343046));
#18107=CARTESIAN_POINT('',(0.0369063391643205,0.0132566323440962,0.0291879250626489));
#18108=CARTESIAN_POINT('',(0.0369067635264506,0.0131566332445163,0.0291879250626489));
#18109=CARTESIAN_POINT('',(0.036776524824795,0.0132560814562395,0.0292303949227736));
#18110=CARTESIAN_POINT('',(0.0367769491869251,0.0131560823566596,0.0292303949227736));
#18111=CARTESIAN_POINT('',(0.0366189902596658,0.0132554129331837,0.0292584292146785));
#18112=CARTESIAN_POINT('',(0.0366194146217959,0.0131554138336038,0.0292584292146785));
#18113=CARTESIAN_POINT('',(0.0370084332782422,0.0132570655967538,0.0291310196343046));
#18114=CARTESIAN_POINT('',(0.0370084332782422,0.0132570655967538,0.0291310196343046));
#18115=CARTESIAN_POINT('',(0.0370084332782422,0.0132570655967538,0.0291310196343046));
#18116=CARTESIAN_POINT('',(0.0368552921073596,0.0132564157177673,0.0292163777768211));
#18117=CARTESIAN_POINT('',(0.0366189902596658,0.0132554129331837,0.0292584292146785));
#18118=CARTESIAN_POINT('',(0.0367045799659527,0.0132557761467548,0.0285568647614443));
#18119=CARTESIAN_POINT('',(0.0372447351259361,0.0132580683813375,0.0289160551945113));
#18120=CARTESIAN_POINT('',(0.0372449107482184,0.0132580691266186,0.0289161715909539));
#18121=CARTESIAN_POINT('',(0.0367045799659527,0.0132557761467549,0.0285568647614443));
#18122=CARTESIAN_POINT('',(0.036457284439718,0.0132547267087429,0.0284275499568622));
#18123=CARTESIAN_POINT('',(0.037366181095468,0.0132585837566812,0.0286119668117963));
#18124=CARTESIAN_POINT('',(0.0373661588318638,0.0132585836622021,0.0286119632179021));
#18125=CARTESIAN_POINT('',(0.036457284439718,0.0132547267087427,0.0284275499568622));
#18126=CARTESIAN_POINT('',(0.0352853133713373,0.0132497532625709,0.0281823310023264));
#18127=CARTESIAN_POINT('',(0.037410428851809,0.0132587715290933,0.0282178130360585));
#18128=CARTESIAN_POINT('',(0.0374102981690671,0.0132587709745203,0.0282178117918381));
#18129=CARTESIAN_POINT('',(0.0352853133713373,0.0132497532625707,0.0281823310023264));
#18130=CARTESIAN_POINT('',(0.0192907068746016,0.0131818775985676,0.0277564421828316));
#18131=CARTESIAN_POINT('',(0.0374163398494425,0.0132587966133461,0.027731397221507));
#18132=CARTESIAN_POINT('',(0.0374163398494922,0.0132587966133549,0.0277313971855538));
#18133=CARTESIAN_POINT('',(0.0192907068746016,0.0131818775985717,0.0277564421828316));
#18134=CARTESIAN_POINT('',(0.0192907068749147,0.0131818775985645,0.0277063521179549));
#18135=CARTESIAN_POINT('',(0.037410428851809,0.0132587715290933,0.0272449812647311));
#18136=CARTESIAN_POINT('',(0.037410298184704,0.0132587709745866,0.0272449830812656));
#18137=CARTESIAN_POINT('',(0.0192907068749147,0.013181877598573,0.0277063521179549));
#18138=CARTESIAN_POINT('',(0.0352853133713349,0.0132497532625711,0.0272804632984633));
#18139=CARTESIAN_POINT('',(0.037366181095468,0.0132585837566812,0.0268508274889932));
#18140=CARTESIAN_POINT('',(0.0373661588406988,0.0132585836622396,0.0268508311207967));
#18141=CARTESIAN_POINT('',(0.0352853133713349,0.0132497532625707,0.0272804632984633));
#18142=CARTESIAN_POINT('',(0.0364572844397179,0.0132547267087428,0.0270352443439275));
#18143=CARTESIAN_POINT('',(0.0372447351259361,0.0132580683813375,0.0265467391062784));
#18144=CARTESIAN_POINT('',(0.0372449135224742,0.0132580691383916,0.0265466268552149));
#18145=CARTESIAN_POINT('',(0.0364572844397179,0.0132547267087427,0.0270352443439275));
#18146=CARTESIAN_POINT('',(0.0367045799659529,0.0132557761467548,0.0269059295393451));
#18147=CARTESIAN_POINT('',(0.0370084332782422,0.0132570655967538,0.026331774666485));
#18148=CARTESIAN_POINT('',(0.0370084332782422,0.0132570655967538,0.026331774666485));
#18149=CARTESIAN_POINT('',(0.0367045799659529,0.0132557761467549,0.0269059295393451));
#18150=CARTESIAN_POINT('',(0.0366189902596658,0.0132554129331837,0.0262043650861111));
#18151=CARTESIAN_POINT('',(0.0366194146217959,0.0131554138336038,0.0262043650861111));
#18152=CARTESIAN_POINT('',(0.036776524824795,0.0132560814562395,0.0262323993780161));
#18153=CARTESIAN_POINT('',(0.0367769491869251,0.0131560823566596,0.0262323993780161));
#18154=CARTESIAN_POINT('',(0.0369063391643205,0.0132566323440962,0.0262748692381407));
#18155=CARTESIAN_POINT('',(0.0369067635264506,0.0131566332445163,0.0262748692381407));
#18156=CARTESIAN_POINT('',(0.0370084332782422,0.0132570655967538,0.026331774666485));
#18157=CARTESIAN_POINT('',(0.0370088576403723,0.0131570664971739,0.026331774666485));
#18158=CARTESIAN_POINT('',(0.0366189902596658,0.0132554129331837,0.0262043650861111));
#18159=CARTESIAN_POINT('',(0.0366189902596658,0.0132554129331837,0.0262043650861111));
#18160=CARTESIAN_POINT('',(0.0366189902596658,0.0132554129331837,0.0262043650861111));
#18161=CARTESIAN_POINT('',(0.0368552921073596,0.0132564157177673,0.0262464165239686));
#18162=CARTESIAN_POINT('',(0.0370084332782422,0.0132570655967538,0.026331774666485));
#18163=CARTESIAN_POINT('',(0.036090026740907,0.0132531681921175,0.0296020541504881));
#18164=CARTESIAN_POINT('',(0.0360374931497365,0.013252945257442,0.0261623136482538));
#18165=CARTESIAN_POINT('',(0.0360374985747144,0.0132529450304615,0.0261626687899173));
#18166=CARTESIAN_POINT('',(0.036090026740907,0.0132531681921159,0.0296020541504881));
#18167=CARTESIAN_POINT('',(0.035470745291921,0.0132505401725043,0.0261623136482538));
#18168=CARTESIAN_POINT('',(0.0349039974341054,0.0132481350875667,0.0261623136482538));
#18169=CARTESIAN_POINT('',(0.0349039920101885,0.0132481350645494,0.0261626687899174));
#18170=CARTESIAN_POINT('',(0.035470745291921,0.0132505401725043,0.0261623136482538));
#18171=CARTESIAN_POINT('',(0.0348514638429324,0.0132479121528941,0.0296020541504911));
#18172=CARTESIAN_POINT('',(0.0343225003241763,0.013245667411825,0.0262043650861111));
#18173=CARTESIAN_POINT('',(0.0343225003241763,0.013245667411825,0.0262043650861111));
#18174=CARTESIAN_POINT('',(0.0348514638429324,0.0132479121528928,0.0296020541504911));
#18175=CARTESIAN_POINT('',(0.0339330573055998,0.0132440147482548,0.026331774666485));
#18176=CARTESIAN_POINT('',(0.0339334816677299,0.013144015648675,0.026331774666485));
#18177=CARTESIAN_POINT('',(0.0340351514195215,0.0132444480009125,0.0262748692381407));
#18178=CARTESIAN_POINT('',(0.0340355757816517,0.0131444489013326,0.0262748692381407));
#18179=CARTESIAN_POINT('',(0.034164965759047,0.0132449988887692,0.0262323993780161));
#18180=CARTESIAN_POINT('',(0.0341653901211771,0.0131449997891893,0.0262323993780161));
#18181=CARTESIAN_POINT('',(0.0343225003241763,0.013245667411825,0.0262043650861111));
#18182=CARTESIAN_POINT('',(0.0343229246863064,0.0131456683122451,0.0262043650861111));
#18183=CARTESIAN_POINT('',(0.0339330573055998,0.0132440147482548,0.026331774666485));
#18184=CARTESIAN_POINT('',(0.0339330573055998,0.0132440147482548,0.026331774666485));
#18185=CARTESIAN_POINT('',(0.0339330573055998,0.0132440147482548,0.026331774666485));
#18186=CARTESIAN_POINT('',(0.0340861984764824,0.0132446646272413,0.0262464165239686));
#18187=CARTESIAN_POINT('',(0.0343225003241763,0.013245667411825,0.0262043650861111));
#18188=CARTESIAN_POINT('',(0.0342327349564376,0.0132452864781683,0.026899055527348));
#18189=CARTESIAN_POINT('',(0.0336976968995302,0.0132430159588289,0.0265467391062784));
#18190=CARTESIAN_POINT('',(0.0336975143944726,0.0132430151843396,0.0265466192096389));
#18191=CARTESIAN_POINT('',(0.0342327349564376,0.0132452864781683,0.026899055527348));
#18192=CARTESIAN_POINT('',(0.0344988885583497,0.013246415943433,0.02703783374531));
#18193=CARTESIAN_POINT('',(0.0335771923716226,0.0132425045786428,0.0268508274889932));
#18194=CARTESIAN_POINT('',(0.0335772185854288,0.0132425046898853,0.0268508318237277));
#18195=CARTESIAN_POINT('',(0.0344988885583497,0.0132464159434327,0.02703783374531));
#18196=CARTESIAN_POINT('',(0.0357069104748577,0.013251542377127,0.0272911385004397));
#18197=CARTESIAN_POINT('',(0.0335320031736572,0.013242312811073,0.0272449812647311));
#18198=CARTESIAN_POINT('',(0.033532125882817,0.0132423133318089,0.0272449829641169));
#18199=CARTESIAN_POINT('',(0.0357069104748577,0.0132515423771293,0.0272911385004397));
#18200=CARTESIAN_POINT('',(0.049180504830619,0.0133087197239768,0.0277063617325258));
#18201=CARTESIAN_POINT('',(0.033525158829911,0.0132422837660077,0.0277313970551477));
#18202=CARTESIAN_POINT('',(0.0335251588298349,0.0132422837660083,0.0277313971027206));
#18203=CARTESIAN_POINT('',(0.049180504830619,0.0133087197239766,0.0277063617325258));
#18204=CARTESIAN_POINT('',(0.0491805048310226,0.0133087197239774,0.0277564325682437));
#18205=CARTESIAN_POINT('',(0.0335320031736572,0.013242312811073,0.0282178130360585));
#18206=CARTESIAN_POINT('',(0.0335321258667934,0.0132423133317409,0.0282178108303346));
#18207=CARTESIAN_POINT('',(0.0491805048310225,0.0133087197239783,0.0277564325682437));
#18208=CARTESIAN_POINT('',(0.0357069104747798,0.0132515423771266,0.0281716558003589));
#18209=CARTESIAN_POINT('',(0.0335771923716226,0.0132425045786428,0.0286119668117963));
#18210=CARTESIAN_POINT('',(0.0335772185743179,0.0132425046898381,0.0286119624288812));
#18211=CARTESIAN_POINT('',(0.0357069104747797,0.0132515423771289,0.0281716558003589));
#18212=CARTESIAN_POINT('',(0.03449888855833,0.0132464159434329,0.0284249605554904));
#18213=CARTESIAN_POINT('',(0.0336976968995302,0.0132430159588289,0.0289160551945113));
#18214=CARTESIAN_POINT('',(0.0336975114616119,0.0132430151718935,0.028916170665217));
#18215=CARTESIAN_POINT('',(0.03449888855833,0.0132464159434326,0.0284249605554904));
#18216=CARTESIAN_POINT('',(0.03423273495644,0.0132452864781683,0.0285637387734399));
#18217=CARTESIAN_POINT('',(0.0339330573055998,0.0132440147482548,0.0291310196343046));
#18218=CARTESIAN_POINT('',(0.0339330573055998,0.0132440147482548,0.0291310196343046));
#18219=CARTESIAN_POINT('',(0.03423273495644,0.0132452864781683,0.0285637387734399));
#18220=CARTESIAN_POINT('',(0.0343225003241763,0.013245667411825,0.0292584292146785));
#18221=CARTESIAN_POINT('',(0.0343229246863064,0.0131456683122451,0.0292584292146785));
#18222=CARTESIAN_POINT('',(0.034164965759047,0.0132449988887692,0.0292303949227736));
#18223=CARTESIAN_POINT('',(0.0341653901211771,0.0131449997891893,0.0292303949227736));
#18224=CARTESIAN_POINT('',(0.0340351514195215,0.0132444480009125,0.0291879250626489));
#18225=CARTESIAN_POINT('',(0.0340355757816517,0.0131444489013326,0.0291879250626489));
#18226=CARTESIAN_POINT('',(0.0339330573055998,0.0132440147482548,0.0291310196343046));
#18227=CARTESIAN_POINT('',(0.0339334816677299,0.013144015648675,0.0291310196343046));
#18228=CARTESIAN_POINT('',(0.0343225003241763,0.013245667411825,0.0292584292146785));
#18229=CARTESIAN_POINT('',(0.0340861984764824,0.0132446646272413,0.0292163777768211));
#18230=CARTESIAN_POINT('',(0.0339330573055998,0.0132440147482548,0.0291310196343046));
#18231=CARTESIAN_POINT('',(0.0345429631782216,0.013246602981113,0.027494913629809));
#18232=CARTESIAN_POINT('',(0.0345433875403517,0.0131466038815327,0.027494913629809));
#18233=CARTESIAN_POINT('',(0.0345429631782216,0.0132466029811125,0.027494913629809));
#18234=CARTESIAN_POINT('',(0.0209267633441615,0.0131888204651708,0.015965));
#18235=CARTESIAN_POINT('',(0.0222399281106836,0.0130943921888947,0.033));
#18236=CARTESIAN_POINT('',(0.0153814499765635,0.0201890809734761,-0.00849954779911791));
#18237=CARTESIAN_POINT('',(0.,0.01575,0.0019));
#18238=CARTESIAN_POINT('',(0.,0.01575,0.));
#18239=CARTESIAN_POINT('',(0.,0.,0.));
#18240=CARTESIAN_POINT('',(-6.93889390390723E-18,0.0315,0.));
#18241=CARTESIAN_POINT('',(0.,0.,0.0019));
#18242=CARTESIAN_POINT('',(0.,0.,0.0019));
#18243=CARTESIAN_POINT('',(0.,0.01575,0.0019));
#18244=CARTESIAN_POINT('',(-6.93889390390723E-18,0.0315,0.0019));
#18245=CARTESIAN_POINT('',(-6.93889390390723E-18,0.0315,0.0019));
#18246=CARTESIAN_POINT('',(0.0185,0.,0.0019));
#18247=CARTESIAN_POINT('',(0.0185,0.,0.));
#18248=CARTESIAN_POINT('',(0.037,0.,0.));
#18249=CARTESIAN_POINT('',(0.037,0.,0.0019));
#18250=CARTESIAN_POINT('',(0.037,0.,0.0019));
#18251=CARTESIAN_POINT('',(0.0185,0.,0.0019));
#18252=CARTESIAN_POINT('',(0.037,0.01575,0.0019));
#18253=CARTESIAN_POINT('',(0.037,0.01575,0.));
#18254=CARTESIAN_POINT('',(0.037,0.0315,0.));
#18255=CARTESIAN_POINT('',(0.037,0.0315,0.0019));
#18256=CARTESIAN_POINT('',(0.037,0.0315,0.0019));
#18257=CARTESIAN_POINT('',(0.037,0.01575,0.0019));
#18258=CARTESIAN_POINT('',(0.0185,0.0315,0.0019));
#18259=CARTESIAN_POINT('',(0.0185,0.0315,0.));
#18260=CARTESIAN_POINT('',(0.0185,0.0315,0.0019));
#18261=CARTESIAN_POINT('',(0.0185,0.01575,0.0019));
#18262=CARTESIAN_POINT('',(0.0185,0.01575,0.));
#18263=CARTESIAN_POINT('',(-0.0162452953981043,0.0156244955219241,-0.0116062416172782));
#18264=CARTESIAN_POINT('',(0.,0.0255,0.005));
#18265=CARTESIAN_POINT('',(0.,0.0255,0.));
#18266=CARTESIAN_POINT('',(0.,0.,0.));
#18267=CARTESIAN_POINT('',(0.,0.051,0.));
#18268=CARTESIAN_POINT('',(0.,0.,0.005));
#18269=CARTESIAN_POINT('',(0.,0.,0.005));
#18270=CARTESIAN_POINT('',(0.,0.0255,0.005));
#18271=CARTESIAN_POINT('',(0.,0.051,0.005));
#18272=CARTESIAN_POINT('',(0.,0.051,0.005));
#18273=CARTESIAN_POINT('',(0.011,0.,0.005));
#18274=CARTESIAN_POINT('',(0.011,0.,0.));
#18275=CARTESIAN_POINT('',(0.022,0.,0.));
#18276=CARTESIAN_POINT('',(0.022,0.,0.005));
#18277=CARTESIAN_POINT('',(0.022,0.,0.005));
#18278=CARTESIAN_POINT('',(0.011,0.,0.005));
#18279=CARTESIAN_POINT('',(0.022,0.0255,0.005));
#18280=CARTESIAN_POINT('',(0.022,0.0255,0.));
#18281=CARTESIAN_POINT('',(0.022,0.051,0.));
#18282=CARTESIAN_POINT('',(0.022,0.051,0.005));
#18283=CARTESIAN_POINT('',(0.022,0.051,0.005));
#18284=CARTESIAN_POINT('',(0.022,0.0255,0.005));
#18285=CARTESIAN_POINT('',(0.011,0.051,0.005));
#18286=CARTESIAN_POINT('',(0.011,0.051,0.));
#18287=CARTESIAN_POINT('',(0.011,0.051,0.005));
#18288=CARTESIAN_POINT('',(0.011,0.0255,0.005));
#18289=CARTESIAN_POINT('',(0.011,0.0255,0.));
#18290=CARTESIAN_POINT('',(-0.0130043085056317,-0.030827313085201,-0.0093328617907089));
#18291=CARTESIAN_POINT('',(0.0135,0.02,0.0045));
#18292=CARTESIAN_POINT('',(0.0135,0.0281493291258812,0.0045));
#18293=CARTESIAN_POINT('',(0.01775,0.0281493291258812,0.0045));
#18294=CARTESIAN_POINT('',(0.027,0.02,0.0045));
#18295=CARTESIAN_POINT('',(0.027,0.,0.0045));
#18296=CARTESIAN_POINT('',(0.027,0.00473191821947694,0.0045));
#18297=CARTESIAN_POINT('',(0.0257466012835503,0.00473191821947694,0.0045));
#18298=CARTESIAN_POINT('',(0.0244932025671005,0.00473191821947694,0.0045));
#18299=CARTESIAN_POINT('',(0.0244932025671005,0.00666513131000102,0.0045));
#18300=CARTESIAN_POINT('',(0.0244932025671005,0.00859834440052509,0.0045));
#18301=CARTESIAN_POINT('',(0.0257466012835503,0.00859834440052509,0.0045));
#18302=CARTESIAN_POINT('',(0.027,0.00859834440052509,0.0045));
#18303=CARTESIAN_POINT('',(0.027,0.02,0.0045));
#18304=CARTESIAN_POINT('',(0.027,0.04,0.0045));
#18305=CARTESIAN_POINT('',(0.0135,0.04,0.0045));
#18306=CARTESIAN_POINT('',(-6.93889390390723E-18,0.04,0.0045));
#18307=CARTESIAN_POINT('',(0.,0.02,0.0045));
#18308=CARTESIAN_POINT('',(0.,0.,0.0045));
#18309=CARTESIAN_POINT('',(0.0135,0.,0.0045));
#18310=CARTESIAN_POINT('',(0.,0.02,0.0045));
#18311=CARTESIAN_POINT('',(0.,0.02,0.));
#18312=CARTESIAN_POINT('',(0.,0.,0.));
#18313=CARTESIAN_POINT('',(-6.93889390390723E-18,0.04,0.));
#18314=CARTESIAN_POINT('',(0.,0.,0.0045));
#18315=CARTESIAN_POINT('',(-6.93889390390723E-18,0.04,0.0045));
#18316=CARTESIAN_POINT('',(0.0135,0.,0.0045));
#18317=CARTESIAN_POINT('',(0.0135,0.,0.));
#18318=CARTESIAN_POINT('',(0.027,0.,0.));
#18319=CARTESIAN_POINT('',(0.027,0.,0.0045));
#18320=CARTESIAN_POINT('',(0.027,0.02,0.0045));
#18321=CARTESIAN_POINT('',(0.027,0.02,0.));
#18322=CARTESIAN_POINT('',(0.027,0.04,0.));
#18323=CARTESIAN_POINT('',(0.027,0.04,0.0045));
#18324=CARTESIAN_POINT('',(0.027,0.00859834440052509,0.0046));
#18325=CARTESIAN_POINT('',(0.027,0.00859834440052509,0.0046));
#18326=CARTESIAN_POINT('',(0.027,0.02,0.0046));
#18327=CARTESIAN_POINT('',(0.027,0.00473191821947694,0.0046));
#18328=CARTESIAN_POINT('',(0.027,0.00473191821947694,0.0046));
#18329=CARTESIAN_POINT('',(0.0135,0.04,0.0045));
#18330=CARTESIAN_POINT('',(0.0135,0.04,0.));
#18331=CARTESIAN_POINT('',(0.0135,0.02,0.));
#18332=CARTESIAN_POINT('',(0.0135,0.0281493291258812,0.0065));
#18333=CARTESIAN_POINT('',(0.0135,0.0281493291258812,0.0065));
#18334=CARTESIAN_POINT('',(0.01775,0.0281493291258812,0.0065));
#18335=CARTESIAN_POINT('',(0.0135,0.02,0.0065));
#18336=CARTESIAN_POINT('',(0.0257466012835503,0.00473191821947694,0.0046));
#18337=CARTESIAN_POINT('',(0.0257466012835503,0.00473191821947694,0.0046));
#18338=CARTESIAN_POINT('',(0.0244932025671005,0.00473191821947694,0.0046));
#18339=CARTESIAN_POINT('',(0.0244932025671005,0.00473191821947694,0.0046));
#18340=CARTESIAN_POINT('',(0.0257466012835503,0.00859834440052509,0.0046));
#18341=CARTESIAN_POINT('',(0.0244932025671005,0.00859834440052509,0.0046));
#18342=CARTESIAN_POINT('',(0.0244932025671005,0.00859834440052509,0.0046));
#18343=CARTESIAN_POINT('',(0.0257466012835503,0.00859834440052509,0.0046));
#18344=CARTESIAN_POINT('',(0.0244932025671005,0.00666513131000102,0.0046));
#18345=CARTESIAN_POINT('',(0.0244932025671005,0.00666513131000102,0.0046));
#18346=CARTESIAN_POINT('',(0.0135,0.02,0.0046));
#18347=CARTESIAN_POINT('',(-0.014311293269381,-0.0203935426360229,-0.0033805336918449));
#18348=MECHANICAL_DESIGN_GEOMETRIC_PRESENTATION_REPRESENTATION('',(#10547,
#10548,#10549,#10550,#10551),#18349);
#18349=(
GEOMETRIC_REPRESENTATION_CONTEXT(3)
GLOBAL_UNCERTAINTY_ASSIGNED_CONTEXT((#18355))
GLOBAL_UNIT_ASSIGNED_CONTEXT((#18363,#18362,#18361))
REPRESENTATION_CONTEXT('Assembly 1','TOP_LEVEL_ASSEMBLY_PART')
);
#18350=(
GEOMETRIC_REPRESENTATION_CONTEXT(3)
GLOBAL_UNCERTAINTY_ASSIGNED_CONTEXT((#18356))
GLOBAL_UNIT_ASSIGNED_CONTEXT((#18363,#18362,#18361))
REPRESENTATION_CONTEXT('Part 1','COMPONENT_PART')
);
#18351=(
GEOMETRIC_REPRESENTATION_CONTEXT(3)
GLOBAL_UNCERTAINTY_ASSIGNED_CONTEXT((#18357))
GLOBAL_UNIT_ASSIGNED_CONTEXT((#18363,#18362,#18361))
REPRESENTATION_CONTEXT('Part 1','COMPONENT_PART')
);
#18352=(
GEOMETRIC_REPRESENTATION_CONTEXT(3)
GLOBAL_UNCERTAINTY_ASSIGNED_CONTEXT((#18358))
GLOBAL_UNIT_ASSIGNED_CONTEXT((#18363,#18362,#18361))
REPRESENTATION_CONTEXT('Part 1','COMPONENT_PART')
);
#18353=(
GEOMETRIC_REPRESENTATION_CONTEXT(3)
GLOBAL_UNCERTAINTY_ASSIGNED_CONTEXT((#18359))
GLOBAL_UNIT_ASSIGNED_CONTEXT((#18363,#18362,#18361))
REPRESENTATION_CONTEXT('Part 1','COMPONENT_PART')
);
#18354=(
GEOMETRIC_REPRESENTATION_CONTEXT(3)
GLOBAL_UNCERTAINTY_ASSIGNED_CONTEXT((#18360))
GLOBAL_UNIT_ASSIGNED_CONTEXT((#18363,#18362,#18361))
REPRESENTATION_CONTEXT('Part 1','COMPONENT_PART')
);
#18355=UNCERTAINTY_MEASURE_WITH_UNIT(LENGTH_MEASURE(1.E-8),#18363,
'DISTANCE_ACCURACY_VALUE','Maximum Tolerance applied to model');
#18356=UNCERTAINTY_MEASURE_WITH_UNIT(LENGTH_MEASURE(1.E-8),#18363,
'DISTANCE_ACCURACY_VALUE','Maximum Tolerance applied to model');
#18357=UNCERTAINTY_MEASURE_WITH_UNIT(LENGTH_MEASURE(2.E-5),#18363,
'DISTANCE_ACCURACY_VALUE','Maximum Tolerance applied to model');
#18358=UNCERTAINTY_MEASURE_WITH_UNIT(LENGTH_MEASURE(1.E-8),#18363,
'DISTANCE_ACCURACY_VALUE','Maximum Tolerance applied to model');
#18359=UNCERTAINTY_MEASURE_WITH_UNIT(LENGTH_MEASURE(1.E-8),#18363,
'DISTANCE_ACCURACY_VALUE','Maximum Tolerance applied to model');
#18360=UNCERTAINTY_MEASURE_WITH_UNIT(LENGTH_MEASURE(1.E-8),#18363,
'DISTANCE_ACCURACY_VALUE','Maximum Tolerance applied to model');
#18361=(
NAMED_UNIT(*)
SI_UNIT($,.STERADIAN.)
SOLID_ANGLE_UNIT()
);
#18362=(
NAMED_UNIT(*)
PLANE_ANGLE_UNIT()
SI_UNIT($,.RADIAN.)
);
#18363=(
LENGTH_UNIT()
NAMED_UNIT(*)
SI_UNIT($,.METRE.)
);
#18364=PRODUCT_DEFINITION_SHAPE('','',#18375);
#18365=PRODUCT_DEFINITION_SHAPE('','',#18376);
#18366=PRODUCT_DEFINITION_SHAPE(' ','NAUO PRDDFN',#918);
#18367=PRODUCT_DEFINITION_SHAPE('','',#18377);
#18368=PRODUCT_DEFINITION_SHAPE(' ','NAUO PRDDFN',#919);
#18369=PRODUCT_DEFINITION_SHAPE('','',#18378);
#18370=PRODUCT_DEFINITION_SHAPE(' ','NAUO PRDDFN',#920);
#18371=PRODUCT_DEFINITION_SHAPE('','',#18379);
#18372=PRODUCT_DEFINITION_SHAPE(' ','NAUO PRDDFN',#921);
#18373=PRODUCT_DEFINITION_SHAPE('','',#18380);
#18374=PRODUCT_DEFINITION_SHAPE(' ','NAUO PRDDFN',#922);
#18375=PRODUCT_DEFINITION('','',#18387,#18381);
#18376=PRODUCT_DEFINITION('','',#18388,#18382);
#18377=PRODUCT_DEFINITION('','',#18389,#18383);
#18378=PRODUCT_DEFINITION('','',#18390,#18384);
#18379=PRODUCT_DEFINITION('','',#18391,#18385);
#18380=PRODUCT_DEFINITION('','',#18392,#18386);
#18381=PRODUCT_DEFINITION_CONTEXT('',#18418,'design');
#18382=PRODUCT_DEFINITION_CONTEXT('',#18418,'design');
#18383=PRODUCT_DEFINITION_CONTEXT('',#18418,'design');
#18384=PRODUCT_DEFINITION_CONTEXT('',#18418,'design');
#18385=PRODUCT_DEFINITION_CONTEXT('',#18418,'design');
#18386=PRODUCT_DEFINITION_CONTEXT('',#18418,'design');
#18387=PRODUCT_DEFINITION_FORMATION_WITH_SPECIFIED_SOURCE('','',#18399,
 .NOT_KNOWN.);
#18388=PRODUCT_DEFINITION_FORMATION_WITH_SPECIFIED_SOURCE('','',#18400,
 .NOT_KNOWN.);
#18389=PRODUCT_DEFINITION_FORMATION_WITH_SPECIFIED_SOURCE('','',#18401,
 .NOT_KNOWN.);
#18390=PRODUCT_DEFINITION_FORMATION_WITH_SPECIFIED_SOURCE('','',#18402,
 .NOT_KNOWN.);
#18391=PRODUCT_DEFINITION_FORMATION_WITH_SPECIFIED_SOURCE('','',#18403,
 .NOT_KNOWN.);
#18392=PRODUCT_DEFINITION_FORMATION_WITH_SPECIFIED_SOURCE('','',#18404,
 .NOT_KNOWN.);
#18393=PRODUCT_RELATED_PRODUCT_CATEGORY('','',(#18399));
#18394=PRODUCT_RELATED_PRODUCT_CATEGORY('','',(#18400));
#18395=PRODUCT_RELATED_PRODUCT_CATEGORY('','',(#18401));
#18396=PRODUCT_RELATED_PRODUCT_CATEGORY('','',(#18402));
#18397=PRODUCT_RELATED_PRODUCT_CATEGORY('','',(#18403));
#18398=PRODUCT_RELATED_PRODUCT_CATEGORY('','',(#18404));
#18399=PRODUCT('Assembly 1','Assembly 1','Assembly 1',(#18411));
#18400=PRODUCT('Part 1','Part 1','Part 1',(#18412));
#18401=PRODUCT('Part 1','Part 1','Part 1',(#18413));
#18402=PRODUCT('Part 1','Part 1','Part 1',(#18414));
#18403=PRODUCT('Part 1','Part 1','Part 1',(#18415));
#18404=PRODUCT('Part 1','Part 1','Part 1',(#18416));
#18405=PRODUCT_CATEGORY('','');
#18406=PRODUCT_CATEGORY('','');
#18407=PRODUCT_CATEGORY('','');
#18408=PRODUCT_CATEGORY('','');
#18409=PRODUCT_CATEGORY('','');
#18410=PRODUCT_CATEGORY('','');
#18411=PRODUCT_CONTEXT('',#18418,'mechanical');
#18412=PRODUCT_CONTEXT('',#18418,'mechanical');
#18413=PRODUCT_CONTEXT('',#18418,'mechanical');
#18414=PRODUCT_CONTEXT('',#18418,'mechanical');
#18415=PRODUCT_CONTEXT('',#18418,'mechanical');
#18416=PRODUCT_CONTEXT('',#18418,'mechanical');
#18417=APPLICATION_PROTOCOL_DEFINITION('international standard',
'ap242_managed_model_based_3d_engineering',2020,#18418);
#18418=APPLICATION_CONTEXT('managed model based 3d engineering');
ENDSEC;
END-ISO-10303-21;
